date,biracial
2007-10-15,0
2007-10-16,0
2007-10-17,0
2007-10-18,0
2007-10-19,0
2007-10-20,0
2007-10-21,0
2007-10-22,0
2007-10-23,0
2007-10-24,0
2007-10-25,0
2007-10-26,0
2007-10-27,0
2007-10-28,0
2007-10-29,0
2007-10-30,0
2007-10-31,0
2007-11-01,0
2007-11-02,0
2007-11-03,0
2007-11-04,0
2007-11-05,0
2007-11-06,0
2007-11-07,0
2007-11-08,0
2007-11-09,0
2007-11-10,0
2007-11-11,0
2007-11-12,0
2007-11-13,0
2007-11-14,0
2007-11-15,0
2007-11-16,0
2007-11-17,0
2007-11-18,0
2007-11-19,0
2007-11-20,0
2007-11-21,0
2007-11-22,0
2007-11-23,0
2007-11-24,0
2007-11-25,0
2007-11-26,0
2007-11-27,0
2007-11-28,0
2007-11-29,0
2007-11-30,0
2007-12-01,0
2007-12-02,0
2007-12-03,0
2007-12-04,0
2007-12-05,0
2007-12-06,0
2007-12-07,0
2007-12-08,0
2007-12-09,0
2007-12-10,0
2007-12-11,0
2007-12-12,0
2007-12-13,0
2007-12-14,0
2007-12-15,0
2007-12-16,0
2007-12-17,0
2007-12-18,0
2007-12-19,0
2007-12-20,0
2007-12-21,0
2007-12-22,0
2007-12-23,0
2007-12-24,0
2007-12-25,0
2007-12-26,0
2007-12-27,0
2007-12-28,0
2007-12-29,0
2007-12-30,0
2007-12-31,0
2008-01-01,0
2008-01-02,0
2008-01-03,0
2008-01-04,0
2008-01-05,0
2008-01-06,0
2008-01-07,0
2008-01-08,0
2008-01-09,0
2008-01-10,0
2008-01-11,0
2008-01-12,0
2008-01-13,0
2008-01-14,0
2008-01-15,0
2008-01-16,0
2008-01-17,0
2008-01-18,0
2008-01-19,0
2008-01-20,0
2008-01-21,0
2008-01-22,0
2008-01-23,0
2008-01-24,0
2008-01-25,0
2008-01-26,0
2008-01-27,0
2008-01-28,0
2008-01-29,0
2008-01-30,0
2008-01-31,0
2008-02-01,0
2008-02-02,0
2008-02-03,0
2008-02-04,0
2008-02-05,0
2008-02-06,0
2008-02-07,0
2008-02-08,0
2008-02-09,0
2008-02-10,0
2008-02-11,0
2008-02-12,0
2008-02-13,0
2008-02-14,0
2008-02-15,0
2008-02-16,0
2008-02-17,0
2008-02-18,0
2008-02-19,0
2008-02-20,0
2008-02-21,0
2008-02-22,0
2008-02-23,0
2008-02-24,0
2008-02-25,0
2008-02-26,0
2008-02-27,0
2008-02-28,0
2008-02-29,0
2008-03-01,0
2008-03-02,0
2008-03-03,0
2008-03-04,0
2008-03-05,0
2008-03-06,0
2008-03-07,0
2008-03-08,0
2008-03-09,0
2008-03-10,0
2008-03-11,0
2008-03-12,0
2008-03-13,0
2008-03-14,0
2008-03-15,0
2008-03-16,0
2008-03-17,0
2008-03-18,0
2008-03-19,0
2008-03-20,0
2008-03-21,0
2008-03-22,0
2008-03-23,0
2008-03-24,0
2008-03-25,0
2008-03-26,0
2008-03-27,0
2008-03-28,0
2008-03-29,0
2008-03-30,0
2008-03-31,0
2008-04-01,0
2008-04-02,0
2008-04-03,0
2008-04-04,0
2008-04-05,0
2008-04-06,0
2008-04-07,0
2008-04-08,0
2008-04-09,0
2008-04-10,0
2008-04-11,0
2008-04-12,0
2008-04-13,0
2008-04-14,0
2008-04-15,0
2008-04-16,0
2008-04-17,0
2008-04-18,0
2008-04-19,0
2008-04-20,0
2008-04-21,0
2008-04-22,0
2008-04-23,0
2008-04-24,0
2008-04-25,0
2008-04-26,0
2008-04-27,0
2008-04-28,0
2008-04-29,0
2008-04-30,0
2008-05-01,0
2008-05-02,0
2008-05-03,0
2008-05-04,0
2008-05-05,0
2008-05-06,0
2008-05-07,0
2008-05-08,0
2008-05-09,0
2008-05-10,0
2008-05-11,0
2008-05-12,0
2008-05-13,0
2008-05-14,0
2008-05-15,0
2008-05-16,0
2008-05-17,0
2008-05-18,0
2008-05-19,0
2008-05-20,0
2008-05-21,0
2008-05-22,0
2008-05-23,0
2008-05-24,0
2008-05-25,0
2008-05-26,0
2008-05-27,0
2008-05-28,0
2008-05-29,0
2008-05-30,0
2008-05-31,0
2008-06-01,0
2008-06-02,0
2008-06-03,0
2008-06-04,0
2008-06-05,0
2008-06-06,0
2008-06-07,0
2008-06-08,0
2008-06-09,0
2008-06-10,0
2008-06-11,0
2008-06-12,0
2008-06-13,0
2008-06-14,0
2008-06-15,0
2008-06-16,0
2008-06-17,0
2008-06-18,0
2008-06-19,0
2008-06-20,0
2008-06-21,0
2008-06-22,0
2008-06-23,0
2008-06-24,0
2008-06-25,0
2008-06-26,0
2008-06-27,0
2008-06-28,0
2008-06-29,0
2008-06-30,0
2008-07-01,0
2008-07-02,0
2008-07-03,0
2008-07-04,0
2008-07-05,0
2008-07-06,0
2008-07-07,0
2008-07-08,0
2008-07-09,0
2008-07-10,0
2008-07-11,0
2008-07-12,0
2008-07-13,0
2008-07-14,0
2008-07-15,0
2008-07-16,0
2008-07-17,0
2008-07-18,0
2008-07-19,0
2008-07-20,0
2008-07-21,0
2008-07-22,0
2008-07-23,0
2008-07-24,0
2008-07-25,0
2008-07-26,0
2008-07-27,0
2008-07-28,0
2008-07-29,0
2008-07-30,0
2008-07-31,0
2008-08-01,0
2008-08-02,0
2008-08-03,0
2008-08-04,0
2008-08-05,0
2008-08-06,0
2008-08-07,0
2008-08-08,0
2008-08-09,0
2008-08-10,0
2008-08-11,0
2008-08-12,0
2008-08-13,0
2008-08-14,0
2008-08-15,0
2008-08-16,0
2008-08-17,0
2008-08-18,0
2008-08-19,0
2008-08-20,0
2008-08-21,0
2008-08-22,0
2008-08-23,0
2008-08-24,0
2008-08-25,0
2008-08-26,0
2008-08-27,0
2008-08-28,0
2008-08-29,0
2008-08-30,0
2008-08-31,0
2008-09-01,0
2008-09-02,0
2008-09-03,0
2008-09-04,0
2008-09-05,0
2008-09-06,0
2008-09-07,0
2008-09-08,0
2008-09-09,0
2008-09-10,0
2008-09-11,0
2008-09-12,0
2008-09-13,0
2008-09-14,0
2008-09-15,0
2008-09-16,0
2008-09-17,0
2008-09-18,0
2008-09-19,0
2008-09-20,0
2008-09-21,0
2008-09-22,0
2008-09-23,0
2008-09-24,0
2008-09-25,0
2008-09-26,0
2008-09-27,0
2008-09-28,0
2008-09-29,0
2008-09-30,0
2008-10-01,0
2008-10-02,0
2008-10-03,0
2008-10-04,0
2008-10-05,0
2008-10-06,0
2008-10-07,0
2008-10-08,0
2008-10-09,0
2008-10-10,0
2008-10-11,0
2008-10-12,0
2008-10-13,0
2008-10-14,0
2008-10-15,0
2008-10-16,0
2008-10-17,0
2008-10-18,0
2008-10-19,0
2008-10-20,0
2008-10-21,0
2008-10-22,0
2008-10-23,0
2008-10-24,0
2008-10-25,0
2008-10-26,0
2008-10-27,0
2008-10-28,0
2008-10-29,0
2008-10-30,0
2008-10-31,0
2008-11-01,0
2008-11-02,0
2008-11-03,0
2008-11-04,0
2008-11-05,1.5265264501238014e-05
2008-11-06,0
2008-11-07,0
2008-11-08,0
2008-11-09,0
2008-11-10,0
2008-11-11,0
2008-11-12,0
2008-11-13,0
2008-11-14,0
2008-11-15,0
2008-11-16,0
2008-11-17,0
2008-11-18,0
2008-11-19,0
2008-11-20,0
2008-11-21,0
2008-11-22,0
2008-11-23,0
2008-11-24,0
2008-11-25,0
2008-11-26,0
2008-11-27,0
2008-11-28,0
2008-11-29,0
2008-11-30,0
2008-12-01,0
2008-12-02,0
2008-12-03,0
2008-12-04,0
2008-12-05,0
2008-12-06,0
2008-12-07,0
2008-12-08,0
2008-12-09,0
2008-12-10,0
2008-12-11,0
2008-12-12,0
2008-12-13,0
2008-12-14,0
2008-12-15,0
2008-12-16,0
2008-12-17,0
2008-12-18,0
2008-12-19,0
2008-12-20,0
2008-12-21,0
2008-12-22,0
2008-12-23,0
2008-12-24,0
2008-12-25,0
2008-12-26,0
2008-12-27,0
2008-12-28,0
2008-12-29,0
2008-12-30,0
2008-12-31,0
2009-01-01,0
2009-01-02,0
2009-01-03,0
2009-01-04,0
2009-01-05,0
2009-01-06,0
2009-01-07,0
2009-01-08,0
2009-01-09,0
2009-01-10,0
2009-01-11,0
2009-01-12,0
2009-01-13,0
2009-01-14,0
2009-01-15,0
2009-01-16,0
2009-01-17,0
2009-01-18,0
2009-01-19,0
2009-01-20,0
2009-01-21,0
2009-01-22,0
2009-01-23,0
2009-01-24,0
2009-01-25,0
2009-01-26,0
2009-01-27,0
2009-01-28,0
2009-01-29,0
2009-01-30,0
2009-01-31,0
2009-02-01,0
2009-02-02,0
2009-02-03,0
2009-02-04,0
2009-02-05,0
2009-02-06,0
2009-02-07,0
2009-02-08,0
2009-02-09,0
2009-02-10,0
2009-02-11,0
2009-02-12,0
2009-02-13,0
2009-02-14,0
2009-02-15,0
2009-02-16,0
2009-02-17,0
2009-02-18,0
2009-02-19,0
2009-02-20,0
2009-02-21,0
2009-02-22,0
2009-02-23,0
2009-02-24,0
2009-02-25,0
2009-02-26,0
2009-02-27,0
2009-02-28,0
2009-03-01,0
2009-03-02,0
2009-03-03,0
2009-03-04,0
2009-03-05,0
2009-03-06,0
2009-03-07,0
2009-03-08,0
2009-03-09,0
2009-03-10,0
2009-03-11,0
2009-03-12,0
2009-03-13,0
2009-03-14,0
2009-03-15,0
2009-03-16,0
2009-03-17,0
2009-03-18,0
2009-03-19,0
2009-03-20,0
2009-03-21,0
2009-03-22,0
2009-03-23,0
2009-03-24,0
2009-03-25,0
2009-03-26,0
2009-03-27,0
2009-03-28,0
2009-03-29,0
2009-03-30,0
2009-03-31,0
2009-04-01,0
2009-04-02,0
2009-04-03,0
2009-04-04,0
2009-04-05,0
2009-04-06,0
2009-04-07,0
2009-04-08,0
2009-04-09,0
2009-04-10,0
2009-04-11,0
2009-04-12,0
2009-04-13,0
2009-04-14,0
2009-04-15,0
2009-04-16,0
2009-04-17,0
2009-04-18,0
2009-04-19,0
2009-04-20,0
2009-04-21,0
2009-04-22,0
2009-04-23,0
2009-04-24,0
2009-04-25,0
2009-04-26,0
2009-04-27,0
2009-04-28,0
2009-04-29,0
2009-04-30,0
2009-05-01,0
2009-05-02,0
2009-05-03,0
2009-05-04,0
2009-05-05,0
2009-05-06,0
2009-05-07,0
2009-05-08,0
2009-05-09,0
2009-05-10,0
2009-05-11,0
2009-05-12,0
2009-05-13,0
2009-05-14,0
2009-05-15,1.2599228186103941e-05
2009-05-16,9.448030321878646e-06
2009-05-17,0
2009-05-18,0
2009-05-19,0
2009-05-20,0
2009-05-21,0
2009-05-22,0
2009-05-23,0
2009-05-24,0
2009-05-25,0
2009-05-26,0
2009-05-27,0
2009-05-28,0
2009-05-29,0
2009-05-30,0
2009-05-31,0
2009-06-01,0
2009-06-02,0
2009-06-03,0
2009-06-04,0
2009-06-05,0
2009-06-06,0
2009-06-07,0
2009-06-08,0
2009-06-09,0
2009-06-10,0
2009-06-11,0
2009-06-12,0
2009-06-13,0
2009-06-14,0
2009-06-15,0
2009-06-16,0
2009-06-17,0
2009-06-18,0
2009-06-19,0
2009-06-20,0
2009-06-21,0
2009-06-22,0
2009-06-23,0
2009-06-24,0
2009-06-25,0
2009-06-26,0
2009-06-27,0
2009-06-28,0
2009-06-29,0
2009-06-30,0
2009-07-01,0
2009-07-02,0
2009-07-03,0
2009-07-04,0
2009-07-05,0
2009-07-06,0
2009-07-07,0
2009-07-08,0
2009-07-09,0
2009-07-10,3.3684006294867096e-06
2009-07-11,0
2009-07-12,0
2009-07-13,0
2009-07-14,0
2009-07-15,0
2009-07-16,0
2009-07-17,0
2009-07-18,0
2009-07-19,0
2009-07-20,0
2009-07-21,0
2009-07-22,0
2009-07-23,0
2009-07-24,0
2009-07-25,0
2009-07-26,0
2009-07-27,0
2009-07-28,0
2009-07-29,0
2009-07-30,0
2009-07-31,0
2009-08-01,0
2009-08-02,0
2009-08-03,0
2009-08-04,0
2009-08-05,0
2009-08-06,0
2009-08-07,0
2009-08-08,0
2009-08-09,0
2009-08-10,0
2009-08-11,0
2009-08-12,0
2009-08-13,0
2009-08-14,0
2009-08-15,0
2009-08-16,0
2009-08-17,0
2009-08-18,0
2009-08-19,0
2009-08-20,0
2009-08-21,0
2009-08-22,0
2009-08-23,0
2009-08-24,0
2009-08-25,0
2009-08-26,0
2009-08-27,0
2009-08-28,0
2009-08-29,0
2009-08-30,0
2009-08-31,0
2009-09-01,0
2009-09-02,0
2009-09-03,0
2009-09-04,0
2009-09-05,0
2009-09-06,0
2009-09-07,0
2009-09-08,0
2009-09-09,0
2009-09-10,0
2009-09-11,0
2009-09-12,0
2009-09-13,0
2009-09-14,0
2009-09-15,0
2009-09-16,0
2009-09-17,0
2009-09-18,0
2009-09-19,0
2009-09-20,0
2009-09-21,0
2009-09-22,0
2009-09-23,0
2009-09-24,0
2009-09-25,0
2009-09-26,0
2009-09-27,0
2009-09-28,0
2009-09-29,0
2009-09-30,0
2009-10-01,0
2009-10-02,0
2009-10-03,0
2009-10-04,0
2009-10-05,0
2009-10-06,0
2009-10-07,0
2009-10-08,0
2009-10-09,0
2009-10-10,0
2009-10-11,0
2009-10-12,0
2009-10-13,0
2009-10-14,0
2009-10-15,0
2009-10-16,0
2009-10-17,0
2009-10-18,0
2009-10-19,0
2009-10-20,0
2009-10-21,0
2009-10-22,0
2009-10-23,0
2009-10-24,0
2009-10-25,0
2009-10-26,4.372448676197439e-06
2009-10-27,0
2009-10-28,0
2009-10-29,0
2009-10-30,0
2009-10-31,0
2009-11-01,0
2009-11-02,0
2009-11-03,0
2009-11-04,0
2009-11-05,0
2009-11-06,0
2009-11-07,0
2009-11-08,0
2009-11-09,0
2009-11-10,0
2009-11-11,0
2009-11-12,0
2009-11-13,0
2009-11-14,0
2009-11-15,0
2009-11-16,0
2009-11-17,0
2009-11-18,2.3969367148783853e-06
2009-11-19,0
2009-11-20,0
2009-11-21,0
2009-11-22,0
2009-11-23,0
2009-11-24,0
2009-11-25,0
2009-11-26,0
2009-11-27,0
2009-11-28,0
2009-11-29,0
2009-11-30,0
2009-12-01,0
2009-12-02,0
2009-12-03,0
2009-12-04,0
2009-12-05,0
2009-12-06,0
2009-12-07,0
2009-12-08,0
2009-12-09,0
2009-12-10,0
2009-12-11,0
2009-12-12,0
2009-12-13,0
2009-12-14,0
2009-12-15,0
2009-12-16,0
2009-12-17,0
2009-12-18,0
2009-12-19,0
2009-12-20,0
2009-12-21,0
2009-12-22,0
2009-12-23,0
2009-12-24,0
2009-12-25,0
2009-12-26,0
2009-12-27,0
2009-12-28,0
2009-12-29,0
2009-12-30,0
2009-12-31,0
2010-01-01,0
2010-01-02,0
2010-01-03,0
2010-01-04,0
2010-01-05,0
2010-01-06,0
2010-01-07,0
2010-01-08,0
2010-01-09,0
2010-01-10,0
2010-01-11,0
2010-01-12,0
2010-01-13,0
2010-01-14,0
2010-01-15,0
2010-01-16,0
2010-01-17,0
2010-01-18,0
2010-01-19,0
2010-01-20,0
2010-01-21,0
2010-01-22,0
2010-01-23,0
2010-01-24,0
2010-01-25,0
2010-01-26,0
2010-01-27,0
2010-01-28,0
2010-01-29,0
2010-01-30,0
2010-01-31,0
2010-02-01,0
2010-02-02,0
2010-02-03,0
2010-02-04,0
2010-02-05,0
2010-02-06,0
2010-02-07,0
2010-02-08,0
2010-02-09,0
2010-02-10,0
2010-02-11,1.4630552221415265e-06
2010-02-12,0
2010-02-13,0
2010-02-14,0
2010-02-15,0
2010-02-16,0
2010-02-17,0
2010-02-18,0
2010-02-19,0
2010-02-20,0
2010-02-21,0
2010-02-22,0
2010-02-23,0
2010-02-24,0
2010-02-25,0
2010-02-26,0
2010-02-27,0
2010-02-28,0
2010-03-01,0
2010-03-02,0
2010-03-03,0
2010-03-04,0
2010-03-05,0
2010-03-06,0
2010-03-07,0
2010-03-08,0
2010-03-09,0
2010-03-10,0
2010-03-11,0
2010-03-12,0
2010-03-13,0
2010-03-14,0
2010-03-15,0
2010-03-16,0
2010-03-17,1.3795756039161184e-06
2010-03-18,0
2010-03-19,0
2010-03-20,0
2010-03-21,0
2010-03-22,0
2010-03-23,0
2010-03-24,0
2010-03-25,0
2010-03-26,0
2010-03-27,0
2010-03-28,0
2010-03-29,0
2010-03-30,0
2010-03-31,0
2010-04-01,0
2010-04-02,0
2010-04-03,0
2010-04-04,0
2010-04-05,0
2010-04-06,0
2010-04-07,0
2010-04-08,0
2010-04-09,0
2010-04-10,0
2010-04-11,0
2010-04-12,0
2010-04-13,0
2010-04-14,0
2010-04-15,0
2010-04-16,0
2010-04-17,0
2010-04-18,0
2010-04-19,0
2010-04-20,0
2010-04-21,0
2010-04-22,0
2010-04-23,0
2010-04-24,0
2010-04-25,0
2010-04-26,0
2010-04-27,0
2010-04-28,0
2010-04-29,0
2010-04-30,0
2010-05-01,0
2010-05-02,0
2010-05-03,0
2010-05-04,0
2010-05-05,0
2010-05-06,0
2010-05-07,0
2010-05-08,0
2010-05-09,0
2010-05-10,0
2010-05-11,0
2010-05-12,0
2010-05-13,0
2010-05-14,0
2010-05-15,0
2010-05-16,0
2010-05-17,0
2010-05-18,0
2010-05-19,0
2010-05-20,0
2010-05-21,0
2010-05-22,0
2010-05-23,0
2010-05-24,0
2010-05-25,0
2010-05-26,0
2010-05-27,0
2010-05-28,0
2010-05-29,0
2010-05-30,0
2010-05-31,0
2010-06-01,1.7813536803509267e-06
2010-06-02,0
2010-06-03,0
2010-06-04,0
2010-06-05,0
2010-06-06,0
2010-06-07,0
2010-06-08,0
2010-06-09,0
2010-06-10,0
2010-06-11,0
2010-06-12,0
2010-06-13,0
2010-06-14,0
2010-06-15,0
2010-06-16,0
2010-06-17,0
2010-06-18,0
2010-06-19,0
2010-06-20,0
2010-06-21,0
2010-06-22,0
2010-06-23,0
2010-06-24,1.2806038713167273e-06
2010-06-25,0
2010-06-26,2.1491549343701812e-06
2010-06-27,0
2010-06-28,0
2010-06-29,0
2010-06-30,0
2010-07-01,0
2010-07-02,0
2010-07-03,0
2010-07-04,0
2010-07-05,0
2010-07-06,0
2010-07-07,0
2010-07-08,0
2010-07-09,0
2010-07-10,0
2010-07-11,0
2010-07-12,0
2010-07-13,0
2010-07-14,0
2010-07-15,0
2010-07-16,0
2010-07-17,0
2010-07-18,0
2010-07-19,0
2010-07-20,0
2010-07-21,0
2010-07-22,0
2010-07-23,0
2010-07-24,0
2010-07-25,0
2010-07-26,0
2010-07-27,0
2010-07-28,0
2010-07-29,0
2010-07-30,0
2010-07-31,0
2010-08-01,0
2010-08-02,0
2010-08-03,1.1642449208068962e-06
2010-08-04,0
2010-08-05,0
2010-08-06,0
2010-08-07,0
2010-08-08,0
2010-08-09,0
2010-08-10,0
2010-08-11,0
2010-08-12,0
2010-08-13,0
2010-08-14,0
2010-08-15,0
2010-08-16,0
2010-08-17,0
2010-08-18,0
2010-08-19,0
2010-08-20,0
2010-08-21,0
2010-08-22,0
2010-08-23,0
2010-08-24,0
2010-08-25,0
2010-08-26,0
2010-08-27,0
2010-08-28,0
2010-08-29,0
2010-08-30,0
2010-08-31,0
2010-09-01,0
2010-09-02,0
2010-09-03,0
2010-09-04,0
2010-09-05,0
2010-09-06,0
2010-09-07,0
2010-09-08,0
2010-09-09,0
2010-09-10,0
2010-09-11,0
2010-09-12,0
2010-09-13,0
2010-09-14,0
2010-09-15,0
2010-09-16,0
2010-09-17,0
2010-09-18,0
2010-09-19,0
2010-09-20,0
2010-09-21,0
2010-09-22,0
2010-09-23,0
2010-09-24,0
2010-09-25,0
2010-09-26,0
2010-09-27,0
2010-09-28,0
2010-09-29,0
2010-09-30,0
2010-10-01,0
2010-10-02,0
2010-10-03,0
2010-10-04,0
2010-10-05,0
2010-10-06,0
2010-10-07,0
2010-10-08,0
2010-10-09,0
2010-10-10,0
2010-10-11,0
2010-10-12,0
2010-10-13,0
2010-10-14,0
2010-10-15,0
2010-10-16,0
2010-10-17,0
2010-10-18,0
2010-10-19,0
2010-10-20,0
2010-10-21,0
2010-10-22,0
2010-10-23,0
2010-10-24,0
2010-10-25,0
2010-10-26,0
2010-10-27,0
2010-10-28,0
2010-10-29,0
2010-10-30,0
2010-10-31,0
2010-11-01,0
2010-11-02,0
2010-11-03,0
2010-11-04,0
2010-11-05,0
2010-11-06,0
2010-11-07,0
2010-11-08,0
2010-11-09,0
2010-11-10,0
2010-11-11,0
2010-11-12,0
2010-11-13,0
2010-11-14,0
2010-11-15,0
2010-11-16,0
2010-11-17,0
2010-11-18,0
2010-11-19,0
2010-11-20,0
2010-11-21,0
2010-11-22,0
2010-11-23,0
2010-11-24,0
2010-11-25,0
2010-11-26,0
2010-11-27,0
2010-11-28,0
2010-11-29,0
2010-11-30,0
2010-12-01,0
2010-12-02,0
2010-12-03,0
2010-12-04,0
2010-12-05,0
2010-12-06,0
2010-12-07,0
2010-12-08,0
2010-12-09,0
2010-12-10,0
2010-12-11,0
2010-12-12,0
2010-12-13,0
2010-12-14,0
2010-12-15,0
2010-12-16,0
2010-12-17,0
2010-12-18,0
2010-12-19,0
2010-12-20,0
2010-12-21,0
2010-12-22,0
2010-12-23,0
2010-12-24,0
2010-12-25,0
2010-12-26,0
2010-12-27,0
2010-12-28,0
2010-12-29,0
2010-12-30,0
2010-12-31,0
2011-01-01,0
2011-01-02,0
2011-01-03,0
2011-01-04,0
2011-01-05,0
2011-01-06,1.6956078669422594e-06
2011-01-07,0
2011-01-08,0
2011-01-09,8.184775564450769e-07
2011-01-10,0
2011-01-11,0
2011-01-12,0
2011-01-13,0
2011-01-14,0
2011-01-15,0
2011-01-16,2.604634202381938e-06
2011-01-17,0
2011-01-18,0
2011-01-19,0
2011-01-20,0
2011-01-21,0
2011-01-22,0
2011-01-23,0
2011-01-24,0
2011-01-25,0
2011-01-26,0
2011-01-27,0
2011-01-28,0
2011-01-29,0
2011-01-30,0
2011-01-31,0
2011-02-01,0
2011-02-02,0
2011-02-03,0
2011-02-04,0
2011-02-05,0
2011-02-06,0
2011-02-07,0
2011-02-08,0
2011-02-09,0
2011-02-10,0
2011-02-11,0
2011-02-12,0
2011-02-13,0
2011-02-14,0
2011-02-15,0
2011-02-16,0
2011-02-17,0
2011-02-18,0
2011-02-19,0
2011-02-20,0
2011-02-21,0
2011-02-22,0
2011-02-23,0
2011-02-24,0
2011-02-25,0
2011-02-26,0
2011-02-27,0
2011-02-28,0
2011-03-01,0
2011-03-02,0
2011-03-03,0
2011-03-04,0
2011-03-05,0
2011-03-06,0
2011-03-07,0
2011-03-08,0
2011-03-09,0
2011-03-10,0
2011-03-11,0
2011-03-12,0
2011-03-13,0
2011-03-14,0
2011-03-15,0
2011-03-16,0
2011-03-17,0
2011-03-18,0
2011-03-19,0
2011-03-20,0
2011-03-21,0
2011-03-22,0
2011-03-23,0
2011-03-24,0
2011-03-25,7.71694056232317e-07
2011-03-26,0
2011-03-27,0
2011-03-28,0
2011-03-29,0
2011-03-30,0
2011-03-31,0
2011-04-01,0
2011-04-02,0
2011-04-03,0
2011-04-04,0
2011-04-05,0
2011-04-06,0
2011-04-07,5.590995009254215e-07
2011-04-08,0
2011-04-09,0
2011-04-10,0
2011-04-11,0
2011-04-12,0
2011-04-13,0
2011-04-14,0
2011-04-15,0
2011-04-16,0
2011-04-17,0
2011-04-18,7.008766916097e-07
2011-04-19,0
2011-04-20,0
2011-04-21,0
2011-04-22,0
2011-04-23,0
2011-04-24,0
2011-04-25,0
2011-04-26,1.2530831541424424e-06
2011-04-27,0
2011-04-28,0
2011-04-29,0
2011-04-30,0
2011-05-01,0
2011-05-02,0
2011-05-03,0
2011-05-04,0
2011-05-05,0
2011-05-06,0
2011-05-07,0
2011-05-08,0
2011-05-09,0
2011-05-10,0
2011-05-11,0
2011-05-12,0
2011-05-13,0
2011-05-14,0
2011-05-15,0
2011-05-16,0
2011-05-17,6.517334970487878e-07
2011-05-18,0
2011-05-19,0
2011-05-20,0
2011-05-21,0
2011-05-22,0
2011-05-23,0
2011-05-24,0
2011-05-25,0
2011-05-26,0
2011-05-27,0
2011-05-28,0
2011-05-29,0
2011-05-30,0
2011-05-31,0
2011-06-01,0
2011-06-02,0
2011-06-03,0
2011-06-04,0
2011-06-05,0
2011-06-06,0
2011-06-07,0
2011-06-08,1.2549175876313777e-06
2011-06-09,0
2011-06-10,0
2011-06-11,0
2011-06-12,0
2011-06-13,0
2011-06-14,0
2011-06-15,0
2011-06-16,0
2011-06-17,0
2011-06-18,0
2011-06-19,0
2011-06-20,0
2011-06-21,0
2011-06-22,0
2011-06-23,0
2011-06-24,0
2011-06-25,0
2011-06-26,0
2011-06-27,0
2011-06-28,0
2011-06-29,0
2011-06-30,0
2011-07-01,5.623418343298218e-07
2011-07-02,0
2011-07-03,0
2011-07-04,0
2011-07-05,0
2011-07-06,0
2011-07-07,0
2011-07-08,0
2011-07-09,0
2011-07-10,0
2011-07-11,0
2011-07-12,7.664737484178305e-07
2011-07-13,0
2011-07-14,0
2011-07-15,0
2011-07-16,0
2011-07-17,0
2011-07-18,0
2011-07-19,0
2011-07-20,0
2011-07-21,9.409802153263846e-07
2011-07-22,5.014668406556017e-07
2011-07-23,0
2011-07-24,0
2011-07-25,0
2011-07-26,0
2011-07-27,0
2011-07-28,0
2011-07-29,0
2011-07-30,0
2011-07-31,0
2011-08-01,0
2011-08-02,0
2011-08-03,0
2011-08-04,0
2011-08-05,0
2011-08-06,0
2011-08-07,0
2011-08-08,5.227798259613682e-07
2011-08-09,0
2011-08-10,0
2011-08-11,0
2011-08-12,0
2011-08-13,0
2011-08-14,0
2011-08-15,0
2011-08-16,0
2011-08-17,0
2011-08-18,0
2011-08-19,0
2011-08-20,0
2011-08-21,6.529458796013504e-07
2011-08-22,8.783646747024738e-07
2011-08-23,0
2011-08-24,0
2011-08-25,0
2011-08-26,0
2011-08-27,0
2011-08-28,0
2011-08-29,0
2011-08-30,0
2011-08-31,0
2011-09-01,0
2011-09-02,0
2011-09-03,0
2011-09-04,5.774186131351879e-07
2011-09-05,5.17304133653179e-07
2011-09-06,0
2011-09-07,0
2011-09-08,0
2011-09-09,0
2011-09-10,0
2011-09-11,0
2011-09-12,0
2011-09-13,0
2011-09-14,0
2011-09-15,0
2011-09-16,0
2011-09-17,5.983718541198141e-07
2011-09-18,1.5996573747191001e-06
2011-09-19,0
2011-09-20,0
2011-09-21,0
2011-09-22,0
2011-09-23,0
2011-09-24,0
2011-09-25,0
2011-09-26,0
2011-09-27,0
2011-09-28,0
2011-09-29,6.019952228669089e-07
2011-09-30,0
2011-10-01,0
2011-10-02,0
2011-10-03,0
2011-10-04,0
2011-10-05,5.740663241786977e-07
2011-10-06,0
2011-10-07,0
2011-10-08,7.778385356100593e-07
2011-10-09,0
2011-10-10,4.091296462296862e-07
2011-10-11,0
2011-10-12,8.667564241096967e-07
2011-10-13,5.184483935728397e-07
2011-10-14,0
2011-10-15,0
2011-10-16,0
2011-10-17,0
2011-10-18,0
2011-10-19,3.820049683566184e-07
2011-10-20,0
2011-10-21,0
2011-10-22,0
2011-10-23,0
2011-10-24,0
2011-10-25,0
2011-10-26,0
2011-10-27,0
2011-10-28,0
2011-10-29,0
2011-10-30,0
2011-10-31,0
2011-11-01,3.766098754038953e-07
2011-11-02,0
2011-11-03,0
2011-11-04,0
2011-11-05,0
2011-11-06,0
2011-11-07,0
2011-11-08,0
2011-11-09,0
2011-11-10,0
2011-11-11,0
2011-11-12,0
2011-11-13,0
2011-11-14,0
2011-11-15,3.584132529178244e-07
2011-11-16,0
2011-11-17,0
2011-11-18,0
2011-11-19,0
2011-11-20,0
2011-11-21,0
2011-11-22,0
2011-11-23,0
2011-11-24,0
2011-11-25,0
2011-11-26,0
2011-11-27,0
2011-11-28,0
2011-11-29,8.565357333201032e-07
2011-11-30,5.388212275357854e-07
2011-12-01,9.998319615749913e-07
2011-12-02,4.0669901053519895e-07
2011-12-03,0
2011-12-04,0
2011-12-05,0
2011-12-06,0
2011-12-07,0
2011-12-08,0
2011-12-09,0
2011-12-10,0
2011-12-11,0
2011-12-12,0
2011-12-13,0
2011-12-14,0
2011-12-15,9.041327840008001e-07
2011-12-16,1.1223751853322024e-06
2011-12-17,5.864054790600468e-07
2011-12-18,4.553925675196898e-07
2011-12-19,0
2011-12-20,0
2011-12-21,0
2011-12-22,0
2011-12-23,0
2011-12-24,0
2011-12-25,0
2011-12-26,0
2011-12-27,0
2011-12-28,0
2011-12-29,0
2011-12-30,0
2011-12-31,0
2012-01-01,7.198502300178574e-07
2012-01-02,4.4531078833665733e-07
2012-01-03,0
2012-01-04,3.2660451818158364e-07
2012-01-05,4.949559656238233e-07
2012-01-06,3.766266977860753e-07
2012-01-07,0
2012-01-08,5.557274341119631e-07
2012-01-09,4.3456602746556625e-07
2012-01-10,0
2012-01-11,0
2012-01-12,0
2012-01-13,0
2012-01-14,0
2012-01-15,0
2012-01-16,0
2012-01-17,0
2012-01-18,0
2012-01-19,0
2012-01-20,3.800555945323682e-07
2012-01-21,0
2012-01-22,0
2012-01-23,0
2012-01-24,0
2012-01-25,0
2012-01-26,0
2012-01-27,0
2012-01-28,0
2012-01-29,0
2012-01-30,0
2012-01-31,0
2012-02-01,0
2012-02-02,0
2012-02-03,3.1753912764761744e-07
2012-02-04,0
2012-02-05,4.533372421077764e-07
2012-02-06,0
2012-02-07,0
2012-02-08,0
2012-02-09,0
2012-02-10,3.068811782469609e-07
2012-02-11,0
2012-02-12,0
2012-02-13,2.952381104217695e-07
2012-02-14,4.073955562922302e-07
2012-02-15,0
2012-02-16,0
2012-02-17,0
2012-02-18,5.700685971686811e-07
2012-02-19,0
2012-02-20,3.216584607304555e-07
2012-02-21,0
2012-02-22,0
2012-02-23,6.082285134430666e-07
2012-02-24,2.8980705689457366e-07
2012-02-25,0
2012-02-26,3.606742704497262e-07
2012-02-27,9.45380466300643e-07
2012-02-28,0
2012-02-29,0
2012-03-01,6.336324865910405e-07
2012-03-02,0
2012-03-03,3.8985880561608765e-07
2012-03-04,3.820496566748965e-07
2012-03-05,6.131113118301299e-07
2012-03-06,0
2012-03-07,2.955587218433028e-07
2012-03-08,0
2012-03-09,5.635034940660265e-07
2012-03-10,7.002040550217234e-07
2012-03-11,0
2012-03-12,0
2012-03-13,3.319901748614384e-07
2012-03-14,0
2012-03-15,3.414465976952127e-07
2012-03-16,0
2012-03-17,0
2012-03-18,0
2012-03-19,0
2012-03-20,8.946197234350222e-07
2012-03-21,3.237131888198529e-07
2012-03-22,6.226792461460117e-07
2012-03-23,0
2012-03-24,0
2012-03-25,0
2012-03-26,3.3299809674937805e-07
2012-03-27,0
2012-03-28,0
2012-03-29,2.6483342613096586e-07
2012-03-30,0
2012-03-31,3.907039038743371e-07
2012-04-01,0
2012-04-02,3.0392428249251467e-07
2012-04-03,4.789470827333191e-07
2012-04-04,5.693777467300118e-07
2012-04-05,0
2012-04-06,0
2012-04-07,0
2012-04-08,5.731734752510858e-07
2012-04-09,6.602033129112276e-07
2012-04-10,0
2012-04-11,0
2012-04-12,0
2012-04-13,0
2012-04-14,0
2012-04-15,0
2012-04-16,0
2012-04-17,2.463123106104644e-07
2012-04-18,5.429475725381659e-07
2012-04-19,7.039036384075166e-07
2012-04-20,0
2012-04-21,0
2012-04-22,0
2012-04-23,0
2012-04-24,0
2012-04-25,0
2012-04-26,2.5182502633082477e-07
2012-04-27,0
2012-04-28,0
2012-04-29,0
2012-04-30,0
2012-05-01,7.308287183529849e-07
2012-05-02,0
2012-05-03,0
2012-05-04,2.5893523346222094e-07
2012-05-05,0
2012-05-06,0
2012-05-07,0
2012-05-08,7.657275656180666e-07
2012-05-09,3.8221664440732485e-07
2012-05-10,0
2012-05-11,0
2012-05-12,4.2275397156218583e-07
2012-05-13,3.293478510744348e-07
2012-05-14,0
2012-05-15,0
2012-05-16,3.3892870736319227e-07
2012-05-17,6.843602211094174e-07
2012-05-18,6.239590519498097e-07
2012-05-19,0
2012-05-20,4.77737044249097e-07
2012-05-21,4.218576469845642e-07
2012-05-22,2.8853150735207133e-07
2012-05-23,0
2012-05-24,3.448572133487724e-07
2012-05-25,0
2012-05-26,0
2012-05-27,6.009320857271018e-07
2012-05-28,0
2012-05-29,0
2012-05-30,0
2012-05-31,0
2012-06-01,2.597908008596997e-07
2012-06-02,0
2012-06-03,0
2012-06-04,0
2012-06-05,0
2012-06-06,0
2012-06-07,0
2012-06-08,2.9056873454265134e-07
2012-06-09,0
2012-06-10,0
2012-06-11,0
2012-06-12,0
2012-06-13,3.8932313318259895e-07
2012-06-14,0
2012-06-15,0
2012-06-16,0
2012-06-17,3.5800842775706166e-07
2012-06-18,0
2012-06-19,0
2012-06-20,2.5804698003318486e-07
2012-06-21,2.1730856647319106e-07
2012-06-22,0
2012-06-23,3.597233799153127e-07
2012-06-24,0
2012-06-25,0
2012-06-26,0
2012-06-27,0
2012-06-28,0
2012-06-29,4.1164573219426387e-07
2012-06-30,0
2012-07-01,0
2012-07-02,0
2012-07-03,2.271376423221753e-07
2012-07-04,4.472362421466713e-07
2012-07-05,4.978901159501439e-07
2012-07-06,0
2012-07-07,0
2012-07-08,2.8257960592465444e-07
2012-07-09,2.619255122258971e-07
2012-07-10,0
2012-07-11,1.6017395757597927e-06
2012-07-12,0
2012-07-13,2.602261842622577e-07
2012-07-14,0
2012-07-15,0
2012-07-16,2.1896811276857807e-07
2012-07-17,0
2012-07-18,2.4428494356671734e-07
2012-07-19,0
2012-07-20,4.3192790328546826e-07
2012-07-21,0
2012-07-22,0
2012-07-23,2.485057658929067e-07
2012-07-24,0
2012-07-25,0
2012-07-26,0
2012-07-27,6.390831287379706e-07
2012-07-28,5.557098576593656e-07
2012-07-29,3.086433724597107e-07
2012-07-30,0
2012-07-31,2.5327877821019034e-07
2012-08-01,0
2012-08-02,2.8791211277106153e-07
2012-08-03,0
2012-08-04,0
2012-08-05,2.5901036181312847e-07
2012-08-06,0
2012-08-07,0
2012-08-08,0
2012-08-09,0
2012-08-10,3.3595587488348105e-07
2012-08-11,0
2012-08-12,0
2012-08-13,0
2012-08-14,0
2012-08-15,0
2012-08-16,0
2012-08-17,0
2012-08-18,0
2012-08-19,0
2012-08-20,0
2012-08-21,2.44920331906237e-07
2012-08-22,2.8244093363190837e-07
2012-08-23,0
2012-08-24,2.555124903448218e-07
2012-08-25,1.4289145250810221e-06
2012-08-26,5.982292739797078e-07
2012-08-27,3.9863510882162663e-07
2012-08-28,2.0827977939505638e-07
2012-08-29,4.2521117900599744e-07
2012-08-30,0
2012-08-31,2.628613686665744e-07
2012-09-01,0
2012-09-02,0
2012-09-03,0
2012-09-04,0
2012-09-05,3.72745480026185e-07
2012-09-06,0
2012-09-07,0
2012-09-08,0
2012-09-09,5.436362108251669e-07
2012-09-10,0
2012-09-11,0
2012-09-12,2.1268330057088877e-07
2012-09-13,2.247770279316027e-07
2012-09-14,0
2012-09-15,0
2012-09-16,8.468627150323372e-07
2012-09-17,3.0018016384605234e-07
2012-09-18,2.5098249187967063e-07
2012-09-19,0
2012-09-20,0
2012-09-21,3.6785546517346777e-07
2012-09-22,0
2012-09-23,0
2012-09-24,0
2012-09-25,2.078994126093156e-07
2012-09-26,0
2012-09-27,0
2012-09-28,2.331990573161307e-07
2012-09-29,0
2012-09-30,0
2012-10-01,2.6665901059018486e-07
2012-10-02,0
2012-10-03,4.83402379306511e-07
2012-10-04,6.860520389337962e-07
2012-10-05,0
2012-10-06,0
2012-10-07,0
2012-10-08,0
2012-10-09,0
2012-10-10,0
2012-10-11,0
2012-10-12,2.713183780533096e-07
2012-10-13,0
2012-10-14,3.2345871383758536e-07
2012-10-15,0
2012-10-16,0
2012-10-17,0
2012-10-18,0
2012-10-19,3.1166346187581156e-07
2012-10-20,3.5106333867203155e-07
2012-10-21,0
2012-10-22,6.014124532311606e-07
2012-10-23,3.226007947028627e-07
2012-10-24,2.4457401341594445e-07
2012-10-25,0
2012-10-26,2.2057107616186917e-07
2012-10-27,3.7572839646259227e-07
2012-10-28,3.879257124477381e-07
2012-10-29,0
2012-10-30,0
2012-10-31,0
2012-11-01,4.0723775517517737e-07
2012-11-02,0
2012-11-03,0
2012-11-04,8.537849567811544e-07
2012-11-05,2.4912988274328375e-07
2012-11-06,0
2012-11-07,2.5929031807791547e-07
2012-11-08,3.427609739210313e-07
2012-11-09,3.0611481395850314e-07
2012-11-10,0
2012-11-11,3.4410562548300756e-07
2012-11-12,4.4456071278763126e-07
2012-11-13,2.9026117368681283e-07
2012-11-14,0
2012-11-15,0
2012-11-16,0
2012-11-17,0
2012-11-18,0
2012-11-19,0
2012-11-20,0
2012-11-21,3.0230145552968526e-07
2012-11-22,0
2012-11-23,2.727422140416529e-07
2012-11-24,0
2012-11-25,2.4711301570447696e-07
2012-11-26,2.396681171780565e-07
2012-11-27,3.051181083592636e-07
2012-11-28,0
2012-11-29,0
2012-11-30,4.967815181378244e-07
2012-12-01,0
2012-12-02,0
2012-12-03,0
2012-12-04,1.8613409681072628e-07
2012-12-05,0
2012-12-06,1.9745862846816334e-07
2012-12-07,2.0508849999460618e-07
2012-12-08,0
2012-12-09,2.3081456630104563e-07
2012-12-10,3.4055969472228964e-07
2012-12-11,2.5760300550578584e-07
2012-12-12,6.038533847001215e-07
2012-12-13,0
2012-12-14,4.011272638820519e-07
2012-12-15,0
2012-12-16,0
2012-12-17,3.8710870713163014e-07
2012-12-18,3.465616425728028e-07
2012-12-19,2.728169480123921e-07
2012-12-20,0
2012-12-21,2.2632862826292325e-07
2012-12-22,2.75462909910847e-07
2012-12-23,0
2012-12-24,3.1496709460020936e-07
2012-12-25,3.1669486095448793e-07
2012-12-26,0
2012-12-27,0
2012-12-28,0
2012-12-29,0
2012-12-30,3.8703077296189473e-07
2012-12-31,0
2013-01-01,0
2013-01-02,0
2013-01-03,1.8080994610923393e-07
2013-01-04,1.8533457171423024e-07
2013-01-05,2.683791522895582e-07
2013-01-06,3.460734506291615e-07
2013-01-07,0
2013-01-08,2.1581150936447504e-07
2013-01-09,0
2013-01-10,1.7513532356180974e-07
2013-01-11,0
2013-01-12,2.719710941868536e-07
2013-01-13,5.226848263636651e-07
2013-01-14,3.72091029540158e-07
2013-01-15,2.12135426266163e-07
2013-01-16,2.3724797232631194e-07
2013-01-17,3.33845697453405e-07
2013-01-18,0
2013-01-19,2.2479602682913605e-07
2013-01-20,3.9808064972423625e-07
2013-01-21,5.149130023220002e-07
2013-01-22,3.005693284028831e-07
2013-01-23,0
2013-01-24,0
2013-01-25,2.5481171889287657e-07
2013-01-26,0
2013-01-27,5.825385677500645e-07
2013-01-28,0
2013-01-29,0
2013-01-30,0
2013-01-31,3.182456151765535e-07
2013-02-01,1.849209947240561e-07
2013-02-02,2.400433499086467e-07
2013-02-03,3.161845665073458e-07
2013-02-04,3.829554054940544e-07
2013-02-05,5.647385574614776e-07
2013-02-06,0
2013-02-07,0
2013-02-08,2.9559812636605593e-07
2013-02-09,0
2013-02-10,5.215916560635052e-07
2013-02-11,2.1464644296500575e-07
2013-02-12,0
2013-02-13,2.2936102966064068e-07
2013-02-14,2.5634683639073323e-07
2013-02-15,2.864715410781569e-07
2013-02-16,4.809996943727942e-07
2013-02-17,0
2013-02-18,6.204419188808688e-07
2013-02-19,4.791745602118773e-07
2013-02-20,6.232868484847498e-07
2013-02-21,5.128535984526592e-07
2013-02-22,5.863717883425494e-07
2013-02-23,0
2013-02-24,2.20835424828836e-07
2013-02-25,4.054288844196702e-07
2013-02-26,2.716125316861482e-07
2013-02-27,4.118764859302306e-07
2013-02-28,0
2013-03-01,2.600221256541321e-07
2013-03-02,0
2013-03-03,4.375378989858878e-07
2013-03-04,2.8264372504079253e-07
2013-03-05,0
2013-03-06,1.7508209862227547e-07
2013-03-07,1.7682198344260165e-07
2013-03-08,1.8165547796081264e-07
2013-03-09,0
2013-03-10,0
2013-03-11,4.04491964160394e-07
2013-03-12,2.0270543511718283e-07
2013-03-13,3.4193249096896453e-07
2013-03-14,2.8031203214169883e-07
2013-03-15,7.002181074371951e-07
2013-03-16,3.1248526855162544e-07
2013-03-17,0
2013-03-18,1.7581872892131235e-07
2013-03-19,2.668535531050246e-07
2013-03-20,0
2013-03-21,2.6549175062373137e-07
2013-03-22,2.2057234921940733e-07
2013-03-23,2.744542385980731e-07
2013-03-24,0
2013-03-25,2.426831717109635e-07
2013-03-26,2.6801389209807605e-07
2013-03-27,2.926680507263972e-07
2013-03-28,2.834528984901314e-07
2013-03-29,1.8879013277043667e-07
2013-03-30,0
2013-03-31,3.416519606850839e-07
2013-04-01,5.451522337612779e-07
2013-04-02,1.7067084942233207e-07
2013-04-03,9.229618686578794e-07
2013-04-04,6.750923984499493e-07
2013-04-05,6.153513316040881e-07
2013-04-06,0
2013-04-07,2.002372410832354e-07
2013-04-08,2.515965610146663e-07
2013-04-09,4.0269948671613657e-07
2013-04-10,6.136642407291903e-07
2013-04-11,0
2013-04-12,3.1673892695756454e-07
2013-04-13,0
2013-04-14,4.6570295649193415e-07
2013-04-15,0
2013-04-16,2.5171763461064614e-07
2013-04-17,3.409267324587075e-07
2013-04-18,1.5804196874018363e-07
2013-04-19,0
2013-04-20,0
2013-04-21,0
2013-04-22,3.240088867861432e-07
2013-04-23,2.1751676153090533e-07
2013-04-24,2.4997726769221926e-07
2013-04-25,2.4970837962952704e-07
2013-04-26,0
2013-04-27,2.5733650286126026e-07
2013-04-28,5.660296420828807e-07
2013-04-29,4.436361112823159e-07
2013-04-30,2.4772490991019166e-07
2013-05-01,2.479833221296535e-07
2013-05-02,3.846100222641127e-07
2013-05-03,4.675973256238558e-07
2013-05-04,0
2013-05-05,2.361708114840891e-07
2013-05-06,2.2979676117879172e-07
2013-05-07,2.4998585236316783e-07
2013-05-08,1.5494096191563552e-07
2013-05-09,2.9071744057533625e-07
2013-05-10,2.687692484976639e-07
2013-05-11,0
2013-05-12,3.3578719620755225e-07
2013-05-13,2.0092104214931668e-07
2013-05-14,0
2013-05-15,0
2013-05-16,0
2013-05-17,2.0620878144219947e-07
2013-05-18,0
2013-05-19,2.0389283620888838e-07
2013-05-20,2.387091183780002e-07
2013-05-21,4.0930136727436586e-07
2013-05-22,5.681313931227635e-07
2013-05-23,9.500426711665755e-07
2013-05-24,3.0476648690184753e-07
2013-05-25,3.5026525806909357e-07
2013-05-26,0
2013-05-27,0
2013-05-28,0
2013-05-29,2.782701011422153e-07
2013-05-30,2.861379060714172e-07
2013-05-31,3.317896157879567e-07
2013-06-01,9.067604562110479e-07
2013-06-02,9.220069140095864e-07
2013-06-03,8.115143367154113e-07
2013-06-04,4.0745184287491e-07
2013-06-05,5.541048782008215e-07
2013-06-06,5.704459974986844e-07
2013-06-07,7.126645352626257e-07
2013-06-08,0
2013-06-09,0
2013-06-10,0
2013-06-11,1.461328868759311e-07
2013-06-12,2.968400809387912e-07
2013-06-13,3.002077858168753e-07
2013-06-14,4.884151826008538e-07
2013-06-15,2.1379559704216356e-07
2013-06-16,2.875436973995287e-07
2013-06-17,2.601329760753751e-07
2013-06-18,4.342806099818592e-07
2013-06-19,2.11193668727585e-07
2013-06-20,5.941317547173393e-07
2013-06-21,6.847615001781032e-07
2013-06-22,4.6740361202712776e-07
2013-06-23,3.658166307556674e-07
2013-06-24,4.764537963219101e-07
2013-06-25,3.67986476742304e-07
2013-06-26,3.3631916468592513e-07
2013-06-27,3.420341429675355e-07
2013-06-28,5.76072465307556e-07
2013-06-29,4.187460373539053e-07
2013-06-30,2.840248710030042e-07
2013-07-01,3.5994811511533395e-07
2013-07-02,6.49410319194913e-07
2013-07-03,5.94361337783494e-07
2013-07-04,2.337643545436953e-07
2013-07-05,0
2013-07-06,2.4261273536518533e-07
2013-07-07,2.2578064221497434e-07
2013-07-08,0
2013-07-09,1.428370273226379e-07
2013-07-10,6.938390016558757e-07
2013-07-11,1.7395644182883538e-07
2013-07-12,2.8559574081551863e-07
2013-07-13,0
2013-07-14,6.677806484513666e-07
2013-07-15,4.0568899550811784e-07
2013-07-16,4.3616913347935696e-07
2013-07-17,5.260575751896284e-07
2013-07-18,3.8269065442339173e-07
2013-07-19,5.958807391743759e-07
2013-07-20,3.2176040264453264e-07
2013-07-21,2.751648473291085e-07
2013-07-22,3.096480830956733e-07
2013-07-23,2.713978181786601e-07
2013-07-24,5.034330730001943e-07
2013-07-25,2.633534770457159e-07
2013-07-26,0
2013-07-27,3.93550107291598e-07
2013-07-28,2.3776738329227618e-07
2013-07-29,2.141710824919393e-07
2013-07-30,2.299039518765048e-07
2013-07-31,2.655470494934557e-07
2013-08-01,0
2013-08-02,2.8656082277343437e-07
2013-08-03,4.0877220241107744e-07
2013-08-04,2.3564689491032164e-07
2013-08-05,5.215616660765862e-07
2013-08-06,3.847875941401348e-07
2013-08-07,2.6578838371868957e-07
2013-08-08,2.0285524553961162e-07
2013-08-09,3.709953716163251e-07
2013-08-10,0
2013-08-11,3.405959619472567e-07
2013-08-12,5.426225653995093e-07
2013-08-13,2.4361631611750627e-07
2013-08-14,2.982708137325911e-07
2013-08-15,3.345262336080625e-07
2013-08-16,3.702353487382503e-07
2013-08-17,2.8082891709801987e-07
2013-08-18,3.0736838869806437e-07
2013-08-19,2.2176139500336095e-07
2013-08-20,2.5928958973904665e-07
2013-08-21,3.755192962467973e-07
2013-08-22,3.746926475474075e-07
2013-08-23,5.414377826173626e-07
2013-08-24,3.47264625483783e-07
2013-08-25,5.723326389666572e-07
2013-08-26,2.6025243314879484e-07
2013-08-27,3.2847066358330257e-07
2013-08-28,3.414079945027105e-07
2013-08-29,4.214945987725174e-07
2013-08-30,1.9118888193315412e-07
2013-08-31,0
2013-09-01,0
2013-09-02,0
2013-09-03,2.55578569340814e-07
2013-09-04,2.8544847428266244e-07
2013-09-05,0
2013-09-06,0
2013-09-07,3.264509448898165e-07
2013-09-08,0
2013-09-09,0
2013-09-10,2.4530885903200695e-07
2013-09-11,2.7700593152801183e-07
2013-09-12,0
2013-09-13,1.9219891511400375e-07
2013-09-14,0
2013-09-15,6.650917034309146e-07
2013-09-16,2.789676004239192e-07
2013-09-17,1.585416803540984e-07
2013-09-18,4.159585239436605e-07
2013-09-19,2.2805914629251414e-07
2013-09-20,0
2013-09-21,5.63939357605399e-07
2013-09-22,0
2013-09-23,2.2423578123313727e-07
2013-09-24,3.813546435155585e-07
2013-09-25,2.5013576900537045e-07
2013-09-26,2.2960720635993594e-07
2013-09-27,3.6420112218974135e-07
2013-09-28,3.848934454570706e-07
2013-09-29,0
2013-09-30,4.2305714828436173e-07
2013-10-01,1.883345870662164e-07
2013-10-02,3.462302637733232e-07
2013-10-03,2.1476268906940137e-07
2013-10-04,2.851193818611801e-07
2013-10-05,3.3023594036995674e-07
2013-10-06,0
2013-10-07,2.4515074211879435e-07
2013-10-08,3.302265618395469e-07
2013-10-09,1.8085011308406862e-07
2013-10-10,0
2013-10-11,1.8987872951888907e-07
2013-10-12,2.4785174500021066e-07
2013-10-13,0
2013-10-14,0
2013-10-15,2.073560691166359e-07
2013-10-16,0
2013-10-17,5.051526761562469e-07
2013-10-18,1.560915037115594e-07
2013-10-19,0
2013-10-20,2.43101052592829e-07
2013-10-21,6.805631421804443e-07
2013-10-22,3.4081285968714684e-07
2013-10-23,2.2594404789381173e-07
2013-10-24,2.6326153664705895e-07
2013-10-25,2.172958156586469e-07
2013-10-26,0
2013-10-27,0
2013-10-28,1.7543178440322552e-07
2013-10-29,1.628820435658973e-07
2013-10-30,1.401384607230713e-07
2013-10-31,2.0904664902850496e-07
2013-11-01,2.9442346259264854e-07
2013-11-02,2.2983788346583424e-07
2013-11-03,2.393564430155397e-07
2013-11-04,0
2013-11-05,0
2013-11-06,8.314818772565898e-07
2013-11-07,4.166143699906115e-07
2013-11-08,4.6564362046994964e-07
2013-11-09,9.546854721883892e-07
2013-11-10,3.5696619712166016e-07
2013-11-11,2.5751445049492133e-07
2013-11-12,2.441310290293765e-07
2013-11-13,1.618112765955037e-07
2013-11-14,1.3821582771916767e-07
2013-11-15,1.753207573611269e-07
2013-11-16,2.1598825715043524e-07
2013-11-17,7.711952278707541e-07
2013-11-18,2.949852032740354e-07
2013-11-19,1.6036296767921804e-07
2013-11-20,1.8127676227686513e-07
2013-11-21,1.8440785242355913e-07
2013-11-22,2.050049138213522e-07
2013-11-23,0
2013-11-24,2.0514296139455638e-07
2013-11-25,0
2013-11-26,8.986002830155206e-07
2013-11-27,3.179645091483592e-07
2013-11-28,3.49002693393386e-07
2013-11-29,3.2951878723905546e-07
2013-11-30,2.8147311912361094e-07
2013-12-01,0
2013-12-02,1.671842691639984e-07
2013-12-03,2.0789851143106576e-07
2013-12-04,0
2013-12-05,6.832928999139892e-07
2013-12-06,3.133250566778917e-07
2013-12-07,2.640654198311744e-07
2013-12-08,4.0651354781446745e-07
2013-12-09,2.1019246930303198e-07
2013-12-10,3.0384572982554243e-07
2013-12-11,2.283850084020307e-07
2013-12-12,2.615867291192775e-07
2013-12-13,1.964194419330816e-07
2013-12-14,0
2013-12-15,2.5898931685254816e-07
2013-12-16,2.689488808055406e-07
2013-12-17,0
2013-12-18,2.617658789014503e-07
2013-12-19,1.6037466515440485e-07
2013-12-20,6.710623389486858e-07
2013-12-21,1.0915043378383477e-06
2013-12-22,3.837520364586762e-07
2013-12-23,2.4005793318101455e-07
2013-12-24,2.0581584113075224e-07
2013-12-25,4.783870181419578e-07
2013-12-26,2.5533861624201846e-06
2013-12-27,0
2013-12-28,4.0287551052720425e-07
2013-12-29,4.275603845175517e-07
2013-12-30,1.9157777571907692e-07
2013-12-31,5.32112154718683e-07
2014-01-01,1.914493878846156e-07
2014-01-02,3.272741256258095e-07
2014-01-03,2.8997563967373945e-07
2014-01-04,2.986903949502446e-07
2014-01-05,5.556928494215932e-07
2014-01-06,0
2014-01-07,1.2422176307650203e-07
2014-01-08,4.6661240864834175e-07
2014-01-09,3.306872502691222e-07
2014-01-10,1.2539542192349354e-07
2014-01-11,1.6082531434192228e-07
2014-01-12,4.65775398196822e-07
2014-01-13,1.8327348755779856e-07
2014-01-14,4.491199606650758e-07
2014-01-15,2.6944682224460864e-07
2014-01-16,1.456053361055295e-07
2014-01-17,0
2014-01-18,1.6049670777918233e-07
2014-01-19,0
2014-01-20,1.3278373261180424e-07
2014-01-21,3.420355399845776e-07
2014-01-22,2.478834901985505e-07
2014-01-23,1.489000751449046e-07
2014-01-24,2.2298171998337152e-07
2014-01-25,3.2340938693158293e-07
2014-01-26,2.7751760502306863e-07
2014-01-27,3.291425386196866e-07
2014-01-28,0
2014-01-29,2.1955429599695433e-07
2014-01-30,5.324713779271168e-07
2014-01-31,4.324152073204537e-07
2014-02-01,3.2246077296942903e-07
2014-02-02,3.0671222529166187e-07
2014-02-03,9.500757287388972e-07
2014-02-04,6.178042943774199e-07
2014-02-05,3.872215157311887e-07
2014-02-06,2.469170736662521e-07
2014-02-07,3.1066145052284064e-07
2014-02-08,2.566095400370223e-07
2014-02-09,2.1489431911824809e-07
2014-02-10,4.646591386505942e-07
2014-02-11,3.629142742047187e-07
2014-02-12,2.653220402946512e-07
2014-02-13,3.5113427783605074e-07
2014-02-14,3.9949770886732303e-07
2014-02-15,3.2444497927396806e-07
2014-02-16,3.056386510638135e-07
2014-02-17,1.8482891522695062e-07
2014-02-18,3.3537046938450894e-07
2014-02-19,3.76171996181384e-07
2014-02-20,4.120954274351949e-07
2014-02-21,7.150588351686467e-07
2014-02-22,6.344243539521988e-07
2014-02-23,1.7814872829717964e-07
2014-02-24,1.181878223380799e-07
2014-02-25,1.8826977628090753e-07
2014-02-26,1.9092864135107215e-07
2014-02-27,1.436530697918807e-07
2014-02-28,2.821014454749838e-07
2014-03-01,3.258928094228386e-07
2014-03-02,2.1204662311511758e-07
2014-03-03,0
2014-03-04,3.215479337317411e-07
2014-03-05,2.1688149662498654e-07
2014-03-06,1.689568689801271e-07
2014-03-07,2.311734583074173e-07
2014-03-08,3.883158353903286e-07
2014-03-09,2.8081555201457543e-07
2014-03-10,3.774065327561194e-07
2014-03-11,2.5021080886173626e-07
2014-03-12,2.6117554733965874e-07
2014-03-13,3.502570186002489e-07
2014-03-14,0
2014-03-15,0
2014-03-16,2.420194099566785e-07
2014-03-17,1.480482356943704e-07
2014-03-18,1.9157650098691833e-07
2014-03-19,3.339882365526078e-07
2014-03-20,2.1916177148557297e-07
2014-03-21,0
2014-03-22,1.9757193314192126e-07
2014-03-23,4.350404579857347e-07
2014-03-24,2.431034823941784e-07
2014-03-25,3.758313830620735e-07
2014-03-26,1.1617662090028098e-07
2014-03-27,2.9035580999435183e-07
2014-03-28,3.894776940542102e-07
2014-03-29,6.438839491900873e-07
2014-03-30,2.4339978877766327e-07
2014-03-31,0
2014-04-01,2.723658086344755e-07
2014-04-02,2.2837815829864566e-07
2014-04-03,2.1628132663793635e-07
2014-04-04,4.0565003567438535e-07
2014-04-05,1.660544405498036e-07
2014-04-06,2.1508874592383782e-07
2014-04-07,1.7056441690495125e-07
2014-04-08,1.6392969261566757e-07
2014-04-09,1.2113841619467505e-07
2014-04-10,1.982561193485978e-07
2014-04-11,4.816301188786216e-07
2014-04-12,2.6419592399849433e-07
2014-04-13,0
2014-04-14,0
2014-04-15,1.432905695365491e-07
2014-04-16,0
2014-04-17,2.6091175660785116e-07
2014-04-18,0
2014-04-19,2.5584875040592e-07
2014-04-20,1.8494738508903014e-07
2014-04-21,1.2628434972197742e-07
2014-04-22,0
2014-04-23,1.1728196145730062e-07
2014-04-24,1.890293999552331e-07
2014-04-25,2.9305530720475007e-07
2014-04-26,3.858010179166957e-07
2014-04-27,5.688840769945675e-07
2014-04-28,5.040552444547922e-07
2014-04-29,3.2759765223866546e-07
2014-04-30,5.223872622989551e-07
2014-05-01,1.726785356682563e-07
2014-05-02,3.099845720678482e-07
2014-05-03,0
2014-05-04,2.4554646242439315e-07
2014-05-05,1.462281686827713e-07
2014-05-06,1.703170890571027e-07
2014-05-07,2.381559678670442e-07
2014-05-08,2.3906758859097745e-07
2014-05-09,2.4983176953219124e-07
2014-05-10,0
2014-05-11,2.1455942643238493e-07
2014-05-12,1.2064304286075731e-07
2014-05-13,1.428183234766474e-07
2014-05-14,1.4018048658188878e-07
2014-05-15,0
2014-05-16,4.2589340724771874e-07
2014-05-17,3.311938651238155e-07
2014-05-18,3.137857075191496e-07
2014-05-19,1.7699382660703694e-07
2014-05-20,2.1236062978329047e-07
2014-05-21,0
2014-05-22,1.2081270416138876e-07
2014-05-23,2.1124511063289326e-07
2014-05-24,1.655252103337124e-07
2014-05-25,5.03142185843365e-07
2014-05-26,5.193069675415835e-07
2014-05-27,2.4470004179476715e-07
2014-05-28,2.545536759980645e-07
2014-05-29,2.6150524415484665e-07
2014-05-30,6.294941158667014e-07
2014-05-31,1.878764103882128e-07
2014-06-01,0
2014-06-02,2.915401605074354e-07
2014-06-03,0
2014-06-04,3.288135715828789e-07
2014-06-05,2.5904742562554125e-07
2014-06-06,2.5159332163642437e-07
2014-06-07,2.303241634922513e-07
2014-06-08,0
2014-06-09,2.2138274976758502e-07
2014-06-10,2.572151239032143e-07
2014-06-11,1.6499976829318252e-07
2014-06-12,0
2014-06-13,2.2989057132174894e-07
2014-06-14,0
2014-06-15,2.48230635303181e-07
2014-06-16,1.7010150199626262e-07
2014-06-17,2.0937985943027228e-07
2014-06-18,0
2014-06-19,2.2438119033423672e-07
2014-06-20,7.182318486266868e-07
2014-06-21,1.9103953270201984e-07
2014-06-22,2.436596856339285e-07
2014-06-23,0
2014-06-24,2.3053495405553634e-07
2014-06-25,4.2427684780875975e-07
2014-06-26,4.3155092810421475e-07
2014-06-27,1.7339531737027967e-07
2014-06-28,1.6017643498384045e-07
2014-06-29,2.735631573893649e-07
2014-06-30,1.7038397440384838e-07
2014-07-01,1.969478450840747e-07
2014-07-02,1.172203491712873e-07
2014-07-03,3.2649884952300036e-07
2014-07-04,2.921187642721925e-07
2014-07-05,1.621496529737987e-07
2014-07-06,1.7620471087405964e-07
2014-07-07,3.430982527035285e-07
2014-07-08,2.2374170183979446e-07
2014-07-09,3.46270419422354e-07
2014-07-10,3.148563766894912e-07
2014-07-11,1.601906873326994e-07
2014-07-12,0
2014-07-13,0
2014-07-14,2.0572622959138655e-07
2014-07-15,1.9506001411454262e-07
2014-07-16,4.142989120423349e-07
2014-07-17,0
2014-07-18,1.1926921841569212e-07
2014-07-19,1.4714199337731544e-07
2014-07-20,2.3044749504437065e-07
2014-07-21,0
2014-07-22,1.427576262245596e-07
2014-07-23,6.228752169162943e-07
2014-07-24,2.409607358642958e-07
2014-07-25,2.287297252256087e-07
2014-07-26,0
2014-07-27,1.9316055452863127e-07
2014-07-28,0
2014-07-29,1.9214189191958802e-07
2014-07-30,2.8082254218710646e-07
2014-07-31,0
2014-08-01,1.3730597978526442e-07
2014-08-02,2.2950830112877632e-07
2014-08-03,2.2594158472377314e-07
2014-08-04,2.9595631921493445e-07
2014-08-05,1.9648808548646433e-07
2014-08-06,1.3061688241927022e-07
2014-08-07,2.838772567150073e-07
2014-08-08,2.7242073748379946e-07
2014-08-09,2.0595667907212398e-07
2014-08-10,2.4255902357164334e-07
2014-08-11,2.492813219488215e-07
2014-08-12,4.50988415202871e-07
2014-08-13,2.395390154397703e-07
2014-08-14,4.752119407454775e-07
2014-08-15,3.2288141589589493e-07
2014-08-16,2.3766507138938853e-07
2014-08-17,0
2014-08-18,1.8067268007075774e-07
2014-08-19,1.0931480648502656e-07
2014-08-20,1.5433963702712842e-07
2014-08-21,2.2590686867349226e-07
2014-08-22,2.6007189900434076e-07
2014-08-23,0
2014-08-24,3.9810804271232946e-07
2014-08-25,2.3412101710691837e-07
2014-08-26,1.1235654092142071e-07
2014-08-27,1.9925054343371827e-07
2014-08-28,1.570118509404853e-07
2014-08-29,2.3682031592445878e-07
2014-08-30,2.0892232640979667e-07
2014-08-31,1.4201545378084335e-07
2014-09-01,0
2014-09-02,1.6277030596190193e-07
2014-09-03,0
2014-09-04,1.60180694807562e-07
2014-09-05,1.6232340257307639e-07
2014-09-06,2.932398766116977e-07
2014-09-07,4.639359777083675e-07
2014-09-08,2.049588472239941e-07
2014-09-09,1.3366916969612988e-07
2014-09-10,1.7705335414300423e-07
2014-09-11,2.912437238377723e-07
2014-09-12,3.75280886015655e-07
2014-09-13,2.077553776589127e-07
2014-09-14,3.5010613736866746e-07
2014-09-15,1.1207804074673385e-07
2014-09-16,1.9629622181682448e-07
2014-09-17,1.738978198582485e-07
2014-09-18,1.8147088778234998e-07
2014-09-19,4.087019767063434e-07
2014-09-20,3.380694507136692e-07
2014-09-21,2.46556604163837e-07
2014-09-22,2.4580633169401367e-07
2014-09-23,1.0968127673919845e-07
2014-09-24,1.560363173191106e-07
2014-09-25,3.2484238647408277e-07
2014-09-26,3.8166033360977466e-07
2014-09-27,4.548461629920605e-07
2014-09-28,0
2014-09-29,1.588649561858394e-07
2014-09-30,0
2014-10-01,3.845985997579427e-07
2014-10-02,7.27129697556083e-07
2014-10-03,2.8501692394867293e-07
2014-10-04,2.15486331563462e-07
2014-10-05,1.6638447859097637e-07
2014-10-06,3.227733944254222e-07
2014-10-07,3.5425179088118253e-07
2014-10-08,2.1904997936330145e-07
2014-10-09,5.176146516453394e-07
2014-10-10,2.827782796306746e-07
2014-10-11,0
2014-10-12,3.382438447230747e-07
2014-10-13,1.6524110022056855e-07
2014-10-14,1.7776107613711315e-07
2014-10-15,2.2132426541259026e-07
2014-10-16,1.2923648227858737e-07
2014-10-17,0
2014-10-18,3.559668422819195e-07
2014-10-19,1.3734455995091416e-07
2014-10-20,2.2127152175329182e-07
2014-10-21,2.582773866848322e-07
2014-10-22,4.5032305210780244e-07
2014-10-23,2.835685690940231e-07
2014-10-24,1.3523395643505712e-07
2014-10-25,1.8238881562600372e-07
2014-10-26,2.9494455645634305e-07
2014-10-27,1.9132579036365124e-07
2014-10-28,1.6098203225206598e-07
2014-10-29,4.0329708527432436e-07
2014-10-30,2.6040023342276926e-07
2014-10-31,4.3374569456192057e-07
2014-11-01,0
2014-11-02,0
2014-11-03,1.1244719367337904e-07
2014-11-04,2.5657413491540364e-07
2014-11-05,0
2014-11-06,1.862023249636078e-07
2014-11-07,2.204345421721148e-07
2014-11-08,1.4000941535316368e-07
2014-11-09,0
2014-11-10,1.2742348856629037e-07
2014-11-11,1.9392712468604815e-07
2014-11-12,1.4857847858991552e-07
2014-11-13,2.3651394273343807e-07
2014-11-14,1.1181440383310511e-07
2014-11-15,6.61370545529194e-07
2014-11-16,2.3733034374452327e-07
2014-11-17,1.0862667895567528e-07
2014-11-18,1.0470735143403733e-07
2014-11-19,1.6712850540027716e-07
2014-11-20,1.0808028532157754e-07
2014-11-21,1.3425429091817381e-07
2014-11-22,0
2014-11-23,2.3453587695309752e-07
2014-11-24,1.4892950007239038e-07
2014-11-25,2.708747658860653e-07
2014-11-26,2.527202404628493e-07
2014-11-27,3.7954561449682067e-07
2014-11-28,1.6491118708019796e-07
2014-11-29,3.36253404600748e-07
2014-11-30,4.974671199761614e-07
2014-12-01,1.3115950158340123e-07
2014-12-02,2.629951199232459e-07
2014-12-03,1.1958645091889034e-07
2014-12-04,1.0070067732685379e-07
2014-12-05,2.510259902896871e-07
2014-12-06,6.164352189166494e-07
2014-12-07,3.536494233354612e-07
2014-12-08,2.9653018173148716e-07
2014-12-09,2.8217805907167895e-07
2014-12-10,1.822247860574714e-07
2014-12-11,8.530281229224344e-07
2014-12-12,9.746441769038959e-07
2014-12-13,3.609838041561787e-07
2014-12-14,2.9095149576709217e-07
2014-12-15,1.6649294861779947e-07
2014-12-16,1.6152109910746873e-07
2014-12-17,1.4792448007292423e-07
2014-12-18,3.444297030923394e-07
2014-12-19,2.7385387020558897e-07
2014-12-20,2.5507296192027087e-07
2014-12-21,5.155155110341889e-07
2014-12-22,2.0084038310972547e-07
2014-12-23,2.888936267443675e-07
2014-12-24,4.6547672885297843e-07
2014-12-25,2.9726821411066813e-07
2014-12-26,0
2014-12-27,4.1614905815619277e-07
2014-12-28,3.6539137161161164e-07
2014-12-29,2.97773359293782e-07
2014-12-30,2.897953854142008e-07
2014-12-31,3.8213580737945603e-07
2015-01-01,2.5522906936590124e-07
2015-01-02,1.291781905274537e-07
2015-01-03,5.881834094211313e-07
2015-01-04,3.57574061130638e-07
2015-01-05,2.399674700097655e-07
2015-01-06,1.0066719558097604e-06
2015-01-07,2.430441875272116e-07
2015-01-08,2.6021872908317713e-07
2015-01-09,3.647684233107603e-07
2015-01-10,3.359161123410973e-07
2015-01-11,2.0837227772616577e-07
2015-01-12,1.3843290901471346e-07
2015-01-13,3.4454906251358454e-07
2015-01-14,6.051959438179206e-07
2015-01-15,2.4674421483039403e-07
2015-01-16,1.1627538996682528e-07
2015-01-17,2.0026695585215093e-07
2015-01-18,1.7054068926650767e-07
2015-01-19,1.7751301776923058e-07
2015-01-20,0
2015-01-21,2.0027149532165788e-07
2015-01-22,4.1456526048642825e-07
2015-01-23,6.315610581748115e-07
2015-01-24,1.6002612020192145e-06
2015-01-25,4.0157629562213806e-07
2015-01-26,4.424034130923212e-07
2015-01-27,6.003412752543172e-07
2015-01-28,2.52809339268165e-07
2015-01-29,2.8411033944007044e-07
2015-01-30,2.1072296366906227e-07
2015-01-31,2.6336903731601667e-07
2015-02-01,1.37696693702724e-07
2015-02-02,0
2015-02-03,9.324576710374003e-08
2015-02-04,2.7842470273058533e-07
2015-02-05,2.0929887900852304e-07
2015-02-06,4.354213528889771e-07
2015-02-07,4.121180950098026e-07
2015-02-08,1.1642323964336115e-07
2015-02-09,1.954797802948015e-07
2015-02-10,3.225773949032885e-07
2015-02-11,2.020089347817276e-07
2015-02-12,1.9338520865770882e-07
2015-02-13,1.811237497027558e-07
2015-02-14,5.502624529175138e-07
2015-02-15,3.2412464467524167e-07
2015-02-16,2.827560515096699e-07
2015-02-17,1.3238299489746768e-07
2015-02-18,1.8371352756005123e-07
2015-02-19,2.582871096264768e-07
2015-02-20,2.467702800656652e-07
2015-02-21,4.941524005064733e-07
2015-02-22,2.444700920734373e-07
2015-02-23,1.670442423357596e-07
2015-02-24,2.2064074292385832e-07
2015-02-25,1.6577991603578813e-07
2015-02-26,4.289900109116407e-07
2015-02-27,5.013342208152244e-07
2015-02-28,5.519026429689372e-07
2015-03-01,4.262447613926818e-07
2015-03-02,2.119330646022074e-07
2015-03-03,6.642968123920437e-07
2015-03-04,2.439231244375696e-07
2015-03-05,2.6805953977661794e-07
2015-03-06,2.408790495506873e-07
2015-03-07,3.975337305506933e-07
2015-03-08,5.76089104854026e-07
2015-03-09,3.231177502474274e-07
2015-03-10,3.7900377558146893e-07
2015-03-11,3.700553710151096e-07
2015-03-12,1.6979820464434315e-07
2015-03-13,6.170075626815992e-07
2015-03-14,2.760558723031788e-07
2015-03-15,4.924285476211586e-07
2015-03-16,3.487911431852557e-07
2015-03-17,2.430796895251577e-07
2015-03-18,3.724768580593684e-07
2015-03-19,4.101198489506226e-07
2015-03-20,3.8643450274274786e-07
2015-03-21,2.436265527507886e-07
2015-03-22,4.88407962612696e-07
2015-03-23,2.626135048394604e-07
2015-03-24,2.9249054474042317e-07
2015-03-25,3.1019178537706293e-07
2015-03-26,2.3172463142459438e-07
2015-03-27,1.9152944922335958e-07
2015-03-28,2.897113504416577e-07
2015-03-29,3.1854923576625314e-07
2015-03-30,5.742994227864708e-07
2015-03-31,3.625478696877515e-07
2015-04-01,2.518539123899721e-07
2015-04-02,2.615881697917297e-07
2015-04-03,3.9313858130852823e-07
2015-04-04,3.352397861237212e-07
2015-04-05,2.564136154883894e-07
2015-04-06,1.6952673015543172e-07
2015-04-07,3.337714991884434e-07
2015-04-08,3.5890703783032287e-07
2015-04-09,2.6210293960154027e-07
2015-04-10,1.4576720285310146e-07
2015-04-11,3.529146954126195e-07
2015-04-12,4.7495351844774877e-07
2015-04-13,9.337902555811944e-08
2015-04-14,1.615086863768159e-07
2015-04-15,1.9996015702980202e-07
2015-04-16,2.202810121200265e-07
2015-04-17,3.0866788816838945e-07
2015-04-18,3.375308590601564e-07
2015-04-19,2.275069197935957e-07
2015-04-20,4.821121645447334e-07
2015-04-21,3.6377533904407263e-07
2015-04-22,1.94488702902682e-07
2015-04-23,3.4003150051820803e-07
2015-04-24,2.166774424571973e-07
2015-04-25,1.8779471886978002e-07
2015-04-26,2.6412663128734463e-07
2015-04-27,2.6996948049016954e-07
2015-04-28,1.5673731426954794e-07
2015-04-29,1.7338945556994033e-07
2015-04-30,2.138729128298386e-07
2015-05-01,2.141186489050965e-07
2015-05-02,2.7032171774018714e-07
2015-05-03,2.427617371476414e-07
2015-05-04,1.4774060023053813e-07
2015-05-05,1.645325635354377e-07
2015-05-06,2.1333506276957553e-07
2015-05-07,1.0794701420807596e-07
2015-05-08,2.2655410024124046e-07
2015-05-09,3.06960905222987e-07
2015-05-10,4.129647625886228e-07
2015-05-11,2.9773933962903166e-07
2015-05-12,4.0637120598450315e-07
2015-05-13,1.9626588103218724e-07
2015-05-14,2.5750665939811203e-07
2015-05-15,2.1176479738286431e-07
2015-05-16,1.9653075074894184e-07
2015-05-17,2.991516794743472e-07
2015-05-18,3.90875455483911e-07
2015-05-19,3.0057470413857243e-07
2015-05-20,1.8019331968224782e-07
2015-05-21,1.7025441268224364e-07
2015-05-22,1.838962390399374e-07
2015-05-23,2.760852289156911e-07
2015-05-24,2.6397121657854427e-07
2015-05-25,1.8898334603161432e-07
2015-05-26,0
2015-05-27,2.1257083325162642e-07
2015-05-28,2.664535322625667e-07
2015-05-29,2.1481441860155384e-07
2015-05-30,0
2015-05-31,3.1450280722959287e-07
2015-06-01,2.517169965944648e-07
2015-06-02,1.5976640022069065e-07
2015-06-03,1.7941029021713542e-07
2015-06-04,2.3894848989241457e-07
2015-06-05,4.7310167197158723e-07
2015-06-06,3.8838877765191553e-07
2015-06-07,1.4131390750712704e-07
2015-06-08,2.931390798364284e-07
2015-06-09,2.096437450465114e-07
2015-06-10,1.378913693171433e-07
2015-06-11,2.1563034364128757e-07
2015-06-12,1.628491122299365e-06
2015-06-13,8.886946677383204e-07
2015-06-14,4.207532127663444e-07
2015-06-15,3.74834967192101e-07
2015-06-16,5.085814437676667e-07
2015-06-17,5.439855579204499e-07
2015-06-18,5.187869387481142e-07
2015-06-19,7.104193106027446e-07
2015-06-20,4.784493723772901e-07
2015-06-21,3.5205425653663244e-07
2015-06-22,2.6131416611345834e-07
2015-06-23,3.845822513752661e-07
2015-06-24,3.1660052090283706e-07
2015-06-25,4.570300922499421e-07
2015-06-26,1.8516703881538127e-07
2015-06-27,5.423125963371169e-07
2015-06-28,2.795007445899836e-07
2015-06-29,4.0277964088789697e-07
2015-06-30,3.143438394553804e-07
2015-07-01,1.815526626994626e-07
2015-07-02,1.6146839791647637e-07
2015-07-03,2.1256345231615089e-07
2015-07-04,2.1688325793547526e-07
2015-07-05,1.919751092752318e-07
2015-07-06,1.2535300301026282e-07
2015-07-07,1.842803407906394e-07
2015-07-08,2.2226406105710018e-07
2015-07-09,3.45519745658769e-07
2015-07-10,4.872687239910167e-07
2015-07-11,1.834886962706106e-07
2015-07-12,2.1821638048243016e-07
2015-07-13,2.405933954260205e-07
2015-07-14,2.486496665442205e-07
2015-07-15,2.918688981909605e-07
2015-07-16,2.535767765056451e-07
2015-07-17,2.111437556952729e-07
2015-07-18,3.594643065198872e-07
2015-07-19,5.859434382722585e-07
2015-07-20,1.898148951026808e-07
2015-07-21,2.514038727459296e-07
2015-07-22,1.5006305399423747e-07
2015-07-23,3.0497000467519016e-07
2015-07-24,3.149216655975951e-07
2015-07-25,2.5057666232386937e-07
2015-07-26,3.2464349977466495e-07
2015-07-27,2.5850130662070444e-07
2015-07-28,2.653044741095748e-07
2015-07-29,1.4636428196317825e-07
2015-07-30,1.3406518400069447e-07
2015-07-31,2.2596901248690857e-07
2015-08-01,2.5338401842958713e-07
2015-08-02,5.507300830448095e-07
2015-08-03,2.6291402583403735e-07
2015-08-04,3.5578103263208384e-07
2015-08-05,3.3180834769745497e-07
2015-08-06,4.653002659058077e-07
2015-08-07,3.3490539689294865e-07
2015-08-08,3.384615294358977e-07
2015-08-09,2.2919052158012113e-07
2015-08-10,2.889054675308747e-07
2015-08-11,2.173809005997071e-07
2015-08-12,2.323555501973628e-07
2015-08-13,1.8905256735534793e-07
2015-08-14,2.826429211753586e-07
2015-08-15,4.3596593196999446e-07
2015-08-16,2.6274071894137033e-07
2015-08-17,2.1637457121321692e-07
2015-08-18,2.0676390554893845e-07
2015-08-19,4.1979865851827393e-07
2015-08-20,6.956511092643893e-07
2015-08-21,8.828461873413382e-07
2015-08-22,5.132343387601468e-07
2015-08-23,3.217438413241741e-07
2015-08-24,2.1202838812750575e-07
2015-08-25,2.5804053001318435e-07
2015-08-26,5.95599435691657e-07
2015-08-27,3.470602005417957e-07
2015-08-28,2.727726819395607e-07
2015-08-29,1.3644305862767209e-07
2015-08-30,3.29307591929672e-07
2015-08-31,5.023134764749735e-07
