date,interracial
2007-10-15,0
2007-10-16,0
2007-10-17,0
2007-10-18,0
2007-10-19,2.4228411619946213e-05
2007-10-20,0
2007-10-21,0
2007-10-22,0
2007-10-23,2.193433408732607e-05
2007-10-24,0
2007-10-25,0
2007-10-26,0
2007-10-27,0
2007-10-28,0
2007-10-29,0
2007-10-30,0
2007-10-31,0
2007-11-01,0
2007-11-02,0
2007-11-03,0
2007-11-04,0
2007-11-05,0
2007-11-06,0
2007-11-07,0
2007-11-08,0
2007-11-09,0
2007-11-10,0
2007-11-11,0
2007-11-12,0
2007-11-13,0
2007-11-14,0
2007-11-15,0
2007-11-16,0
2007-11-17,0
2007-11-18,0
2007-11-19,0
2007-11-20,0
2007-11-21,0
2007-11-22,0
2007-11-23,0
2007-11-24,0
2007-11-25,0
2007-11-26,0
2007-11-27,0
2007-11-28,0
2007-11-29,0
2007-11-30,0
2007-12-01,0
2007-12-02,0
2007-12-03,0
2007-12-04,0
2007-12-05,0
2007-12-06,0
2007-12-07,1.355803516954323e-05
2007-12-08,0
2007-12-09,0
2007-12-10,0
2007-12-11,0
2007-12-12,0
2007-12-13,0
2007-12-14,0
2007-12-15,0
2007-12-16,0
2007-12-17,0
2007-12-18,0
2007-12-19,0
2007-12-20,0
2007-12-21,0
2007-12-22,0
2007-12-23,0
2007-12-24,0
2007-12-25,0
2007-12-26,0
2007-12-27,0
2007-12-28,0
2007-12-29,0
2007-12-30,0
2007-12-31,0
2008-01-01,0
2008-01-02,0
2008-01-03,0
2008-01-04,0
2008-01-05,0
2008-01-06,0
2008-01-07,0
2008-01-08,0
2008-01-09,0
2008-01-10,0
2008-01-11,0
2008-01-12,0
2008-01-13,0
2008-01-14,0
2008-01-15,0
2008-01-16,0
2008-01-17,0
2008-01-18,0
2008-01-19,0
2008-01-20,0
2008-01-21,0
2008-01-22,0
2008-01-23,0
2008-01-24,0
2008-01-25,0
2008-01-26,0
2008-01-27,0
2008-01-28,0
2008-01-29,0
2008-01-30,0
2008-01-31,0
2008-02-01,0
2008-02-02,0
2008-02-03,0
2008-02-04,0
2008-02-05,0
2008-02-06,2.6085874699510788e-05
2008-02-07,0
2008-02-08,0
2008-02-09,0
2008-02-10,1.2730453025901379e-05
2008-02-11,0
2008-02-12,0
2008-02-13,0
2008-02-14,0
2008-02-15,0
2008-02-16,0
2008-02-17,0
2008-02-18,0
2008-02-19,0
2008-02-20,0
2008-02-21,0
2008-02-22,0
2008-02-23,0
2008-02-24,0
2008-02-25,0
2008-02-26,0
2008-02-27,0
2008-02-28,0
2008-02-29,0
2008-03-01,0
2008-03-02,0
2008-03-03,0
2008-03-04,0
2008-03-05,0
2008-03-06,0
2008-03-07,0
2008-03-08,0
2008-03-09,0
2008-03-10,0
2008-03-11,0
2008-03-12,0
2008-03-13,0
2008-03-14,0
2008-03-15,0
2008-03-16,0
2008-03-17,0
2008-03-18,0
2008-03-19,0
2008-03-20,0
2008-03-21,0
2008-03-22,0
2008-03-23,0
2008-03-24,0
2008-03-25,0
2008-03-26,0
2008-03-27,0
2008-03-28,1.0419249772339392e-05
2008-03-29,0
2008-03-30,0
2008-03-31,0
2008-04-01,0
2008-04-02,0
2008-04-03,0
2008-04-04,0
2008-04-05,0
2008-04-06,0
2008-04-07,0
2008-04-08,0
2008-04-09,0
2008-04-10,0
2008-04-11,0
2008-04-12,0
2008-04-13,0
2008-04-14,0
2008-04-15,0
2008-04-16,0
2008-04-17,0
2008-04-18,0
2008-04-19,0
2008-04-20,0
2008-04-21,0
2008-04-22,0
2008-04-23,0
2008-04-24,0
2008-04-25,0
2008-04-26,0
2008-04-27,0
2008-04-28,0
2008-04-29,0
2008-04-30,0
2008-05-01,0
2008-05-02,0
2008-05-03,0
2008-05-04,0
2008-05-05,0
2008-05-06,0
2008-05-07,0
2008-05-08,0
2008-05-09,0
2008-05-10,0
2008-05-11,1.3527443123865385e-05
2008-05-12,0
2008-05-13,0
2008-05-14,7.639629508527355e-06
2008-05-15,8.1454185278948e-06
2008-05-16,0
2008-05-17,0
2008-05-18,0
2008-05-19,0
2008-05-20,0
2008-05-21,0
2008-05-22,0
2008-05-23,2.0213699228240963e-05
2008-05-24,0
2008-05-25,1.1140422801326156e-05
2008-05-26,0
2008-05-27,0
2008-05-28,0
2008-05-29,0
2008-05-30,0
2008-05-31,0
2008-06-01,0
2008-06-02,0
2008-06-03,0
2008-06-04,0
2008-06-05,0
2008-06-06,0
2008-06-07,0
2008-06-08,0
2008-06-09,0
2008-06-10,0
2008-06-11,0
2008-06-12,0
2008-06-13,0
2008-06-14,0
2008-06-15,0
2008-06-16,0
2008-06-17,0
2008-06-18,0
2008-06-19,0
2008-06-20,0
2008-06-21,1.1225637560085225e-05
2008-06-22,0
2008-06-23,0
2008-06-24,0
2008-06-25,0
2008-06-26,0
2008-06-27,0
2008-06-28,0
2008-06-29,0
2008-06-30,0
2008-07-01,0
2008-07-02,0
2008-07-03,0
2008-07-04,0
2008-07-05,0
2008-07-06,0
2008-07-07,0
2008-07-08,0
2008-07-09,0
2008-07-10,0
2008-07-11,0
2008-07-12,0
2008-07-13,0
2008-07-14,0
2008-07-15,0
2008-07-16,0
2008-07-17,0
2008-07-18,0
2008-07-19,0
2008-07-20,0
2008-07-21,0
2008-07-22,8.505368588653157e-06
2008-07-23,0
2008-07-24,0
2008-07-25,0
2008-07-26,0
2008-07-27,0
2008-07-28,0
2008-07-29,0
2008-07-30,0
2008-07-31,0
2008-08-01,0
2008-08-02,0
2008-08-03,0
2008-08-04,0
2008-08-05,0
2008-08-06,0
2008-08-07,0
2008-08-08,0
2008-08-09,0
2008-08-10,0
2008-08-11,2.165692105219318e-05
2008-08-12,0
2008-08-13,0
2008-08-14,0
2008-08-15,0
2008-08-16,0
2008-08-17,0
2008-08-18,0
2008-08-19,0
2008-08-20,0
2008-08-21,0
2008-08-22,0
2008-08-23,0
2008-08-24,0
2008-08-25,0
2008-08-26,0
2008-08-27,2.489218572059766e-05
2008-08-28,0
2008-08-29,0
2008-08-30,0
2008-08-31,0
2008-09-01,0
2008-09-02,0
2008-09-03,0
2008-09-04,0
2008-09-05,0
2008-09-06,1.0531282120410468e-05
2008-09-07,0
2008-09-08,0
2008-09-09,0
2008-09-10,0
2008-09-11,0
2008-09-12,0
2008-09-13,0
2008-09-14,0
2008-09-15,0
2008-09-16,0
2008-09-17,0
2008-09-18,0
2008-09-19,0
2008-09-20,0
2008-09-21,0
2008-09-22,0
2008-09-23,0
2008-09-24,0
2008-09-25,0
2008-09-26,0
2008-09-27,0
2008-09-28,0
2008-09-29,0
2008-09-30,0
2008-10-01,0
2008-10-02,0
2008-10-03,0
2008-10-04,0
2008-10-05,0
2008-10-06,0
2008-10-07,0
2008-10-08,0
2008-10-09,0
2008-10-10,0
2008-10-11,0
2008-10-12,0
2008-10-13,1.681674533885095e-05
2008-10-14,0
2008-10-15,0
2008-10-16,0
2008-10-17,0
2008-10-18,0
2008-10-19,0
2008-10-20,0
2008-10-21,0
2008-10-22,0
2008-10-23,0
2008-10-24,0
2008-10-25,0
2008-10-26,0
2008-10-27,0
2008-10-28,0
2008-10-29,0
2008-10-30,0
2008-10-31,0
2008-11-01,0
2008-11-02,0
2008-11-03,7.396167059690766e-06
2008-11-04,0
2008-11-05,3.86720034031363e-05
2008-11-06,3.3831049919351146e-05
2008-11-07,3.2064310663865696e-05
2008-11-08,2.2680742839689486e-05
2008-11-09,1.8368048945840973e-05
2008-11-10,5.763675472794299e-06
2008-11-11,2.3209566561344468e-05
2008-11-12,1.0407379525909171e-05
2008-11-13,1.766441151013054e-05
2008-11-14,0
2008-11-15,0
2008-11-16,0
2008-11-17,0
2008-11-18,0
2008-11-19,3.190692367480974e-05
2008-11-20,1.5443244887098e-05
2008-11-21,0
2008-11-22,0
2008-11-23,0
2008-11-24,0
2008-11-25,0
2008-11-26,0
2008-11-27,0
2008-11-28,0
2008-11-29,0
2008-11-30,0
2008-12-01,0
2008-12-02,0
2008-12-03,0
2008-12-04,0
2008-12-05,0
2008-12-06,0
2008-12-07,0
2008-12-08,0
2008-12-09,0
2008-12-10,9.647155295082362e-06
2008-12-11,1.134799418528778e-05
2008-12-12,0
2008-12-13,0
2008-12-14,0
2008-12-15,0
2008-12-16,0
2008-12-17,0
2008-12-18,0
2008-12-19,0
2008-12-20,0
2008-12-21,0
2008-12-22,0
2008-12-23,0
2008-12-24,0
2008-12-25,0
2008-12-26,0
2008-12-27,0
2008-12-28,0
2008-12-29,0
2008-12-30,0
2008-12-31,0
2009-01-01,0
2009-01-02,0
2009-01-03,0
2009-01-04,0
2009-01-05,0
2009-01-06,0
2009-01-07,0
2009-01-08,0
2009-01-09,0
2009-01-10,0
2009-01-11,0
2009-01-12,0
2009-01-13,0
2009-01-14,0
2009-01-15,0
2009-01-16,0
2009-01-17,0
2009-01-18,0
2009-01-19,0
2009-01-20,0
2009-01-21,0
2009-01-22,1.2915748725953643e-05
2009-01-23,0
2009-01-24,0
2009-01-25,0
2009-01-26,0
2009-01-27,0
2009-01-28,0
2009-01-29,0
2009-01-30,0
2009-01-31,0
2009-02-01,0
2009-02-02,0
2009-02-03,0
2009-02-04,0
2009-02-05,0
2009-02-06,0
2009-02-07,0
2009-02-08,0
2009-02-09,0
2009-02-10,0
2009-02-11,6.9984393480253904e-06
2009-02-12,0
2009-02-13,0
2009-02-14,0
2009-02-15,0
2009-02-16,0
2009-02-17,0
2009-02-18,0
2009-02-19,4.554953694340743e-06
2009-02-20,0
2009-02-21,0
2009-02-22,0
2009-02-23,0
2009-02-24,0
2009-02-25,0
2009-02-26,0
2009-02-27,0
2009-02-28,0
2009-03-01,0
2009-03-02,0
2009-03-03,0
2009-03-04,0
2009-03-05,0
2009-03-06,0
2009-03-07,0
2009-03-08,0
2009-03-09,0
2009-03-10,0
2009-03-11,0
2009-03-12,0
2009-03-13,0
2009-03-14,0
2009-03-15,0
2009-03-16,9.005925899241701e-06
2009-03-17,0
2009-03-18,0
2009-03-19,7.514439465084627e-06
2009-03-20,0
2009-03-21,0
2009-03-22,0
2009-03-23,0
2009-03-24,0
2009-03-25,0
2009-03-26,0
2009-03-27,0
2009-03-28,0
2009-03-29,0
2009-03-30,0
2009-03-31,0
2009-04-01,0
2009-04-02,0
2009-04-03,7.529683086395584e-06
2009-04-04,7.470138122853891e-06
2009-04-05,0
2009-04-06,0
2009-04-07,0
2009-04-08,0
2009-04-09,1.644934183280502e-05
2009-04-10,2.601995626565751e-05
2009-04-11,0
2009-04-12,0
2009-04-13,7.644083813556974e-06
2009-04-14,0
2009-04-15,0
2009-04-16,0
2009-04-17,0
2009-04-18,0
2009-04-19,0
2009-04-20,5.622991286773359e-06
2009-04-21,1.2424348507360696e-05
2009-04-22,5.394861471517829e-06
2009-04-23,0
2009-04-24,0
2009-04-25,0
2009-04-26,0
2009-04-27,4.887661180810065e-06
2009-04-28,0
2009-04-29,0
2009-04-30,0
2009-05-01,0
2009-05-02,0
2009-05-03,0
2009-05-04,0
2009-05-05,0
2009-05-06,0
2009-05-07,0
2009-05-08,0
2009-05-09,0
2009-05-10,0
2009-05-11,0
2009-05-12,4.9135427064074e-06
2009-05-13,0
2009-05-14,0
2009-05-15,0
2009-05-16,0
2009-05-17,0
2009-05-18,0
2009-05-19,0
2009-05-20,0
2009-05-21,3.894320600722319e-06
2009-05-22,0
2009-05-23,0
2009-05-24,0
2009-05-25,0
2009-05-26,9.272540654741228e-06
2009-05-27,1.7332279701910466e-05
2009-05-28,5.380122465037611e-06
2009-05-29,0
2009-05-30,9.67781479243238e-06
2009-05-31,0
2009-06-01,6.006285577857228e-06
2009-06-02,5.05570970788952e-06
2009-06-03,4.8690402078384594e-06
2009-06-04,8.090126956155924e-06
2009-06-05,0
2009-06-06,0
2009-06-07,0
2009-06-08,1.2814569411622814e-05
2009-06-09,1.0377796260138736e-05
2009-06-10,0
2009-06-11,0
2009-06-12,0
2009-06-13,0
2009-06-14,0
2009-06-15,0
2009-06-16,0
2009-06-17,0
2009-06-18,0
2009-06-19,0
2009-06-20,0
2009-06-21,0
2009-06-22,0
2009-06-23,0
2009-06-24,6.7202901014831e-06
2009-06-25,0
2009-06-26,7.733821548395443e-06
2009-06-27,0
2009-06-28,0
2009-06-29,0
2009-06-30,0
2009-07-01,0
2009-07-02,0
2009-07-03,5.898487038074734e-06
2009-07-04,0
2009-07-05,0
2009-07-06,0
2009-07-07,5.364327223960661e-06
2009-07-08,0
2009-07-09,8.303470494803807e-06
2009-07-10,3.3684006294867096e-06
2009-07-11,0
2009-07-12,0
2009-07-13,0
2009-07-14,3.106383058035312e-06
2009-07-15,3.183598102575531e-06
2009-07-16,0
2009-07-17,5.3109502352160845e-06
2009-07-18,0
2009-07-19,5.566833547965693e-06
2009-07-20,5.395835089790068e-06
2009-07-21,0
2009-07-22,0
2009-07-23,3.331735951041251e-06
2009-07-24,0
2009-07-25,0
2009-07-26,0
2009-07-27,0
2009-07-28,0
2009-07-29,0
2009-07-30,0
2009-07-31,0
2009-08-01,0
2009-08-02,0
2009-08-03,0
2009-08-04,0
2009-08-05,0
2009-08-06,2.689072737804114e-06
2009-08-07,0
2009-08-08,4.726117549571066e-06
2009-08-09,0
2009-08-10,4.825734677890253e-06
2009-08-11,0
2009-08-12,0
2009-08-13,0
2009-08-14,0
2009-08-15,0
2009-08-16,0
2009-08-17,0
2009-08-18,6.8639597497400275e-06
2009-08-19,2.8269709995180014e-06
2009-08-20,5.331740920045213e-06
2009-08-21,5.384117928933233e-06
2009-08-22,0
2009-08-23,3.7604898865384993e-06
2009-08-24,0
2009-08-25,0
2009-08-26,0
2009-08-27,3.7525908512668957e-06
2009-08-28,0
2009-08-29,0
2009-08-30,0
2009-08-31,0
2009-09-01,0
2009-09-02,2.4561406955986943e-06
2009-09-03,6.514124483057693e-06
2009-09-04,0
2009-09-05,0
2009-09-06,0
2009-09-07,0
2009-09-08,2.5980639227647555e-06
2009-09-09,2.4531678001119627e-06
2009-09-10,0
2009-09-11,0
2009-09-12,0
2009-09-13,3.467616793668132e-06
2009-09-14,0
2009-09-15,2.4657983494767783e-06
2009-09-16,0
2009-09-17,0
2009-09-18,1.2596577509890562e-05
2009-09-19,4.797254325752757e-06
2009-09-20,0
2009-09-21,0
2009-09-22,3.6961966598394835e-06
2009-09-23,2.196177509121823e-06
2009-09-24,0
2009-09-25,2.2281272545862657e-06
2009-09-26,0
2009-09-27,0
2009-09-28,0
2009-09-29,5.29209515675593e-06
2009-09-30,0
2009-10-01,4.07280215304613e-06
2009-10-02,0
2009-10-03,3.22239002519909e-06
2009-10-04,0
2009-10-05,0
2009-10-06,2.036987621226226e-06
2009-10-07,0
2009-10-08,2.0973163159883877e-06
2009-10-09,3.6805721408497707e-06
2009-10-10,0
2009-10-11,4.993660825008253e-06
2009-10-12,0
2009-10-13,5.064711428326542e-06
2009-10-14,8.405888248300769e-06
2009-10-15,7.748853460269885e-06
2009-10-16,2.7885470149026713e-05
2009-10-17,7.0372748207389576e-06
2009-10-18,8.052705494307275e-06
2009-10-19,5.522190132161787e-06
2009-10-20,5.972849813886e-06
2009-10-21,2.7888246219748224e-06
2009-10-22,2.716225099006405e-06
2009-10-23,1.4794190617228427e-05
2009-10-24,3.1072614213608064e-06
2009-10-25,0
2009-10-26,0
2009-10-27,0
2009-10-28,0
2009-10-29,0
2009-10-30,0
2009-10-31,0
2009-11-01,0
2009-11-02,0
2009-11-03,0
2009-11-04,4.423186036154208e-05
2009-11-05,1.4103854100825484e-05
2009-11-06,3.948866565604933e-06
2009-11-07,0
2009-11-08,5.931703445025512e-06
2009-11-09,2.361938773823105e-06
2009-11-10,2.4822241721472107e-06
2009-11-11,6.189579069938375e-06
2009-11-12,1.9273541667469733e-06
2009-11-13,5.5686681030974644e-06
2009-11-14,2.764356825390507e-06
2009-11-15,0
2009-11-16,0
2009-11-17,0
2009-11-18,5.193362882236502e-06
2009-11-19,1.915584042418693e-06
2009-11-20,0
2009-11-21,0
2009-11-22,0
2009-11-23,2.371453392640748e-06
2009-11-24,0
2009-11-25,0
2009-11-26,0
2009-11-27,2.6443315843724235e-06
2009-11-28,2.706817064640957e-06
2009-11-29,0
2009-11-30,2.899177829407303e-06
2009-12-01,0
2009-12-02,2.9129296207074343e-06
2009-12-03,4.3850866127690795e-06
2009-12-04,6.2245886033229185e-06
2009-12-05,0
2009-12-06,4.7375312913941796e-06
2009-12-07,9.54871364680935e-06
2009-12-08,0
2009-12-09,0
2009-12-10,0
2009-12-11,0
2009-12-12,0
2009-12-13,0
2009-12-14,2.1561598792550467e-06
2009-12-15,0
2009-12-16,1.7529811196921485e-06
2009-12-17,1.7645902497918666e-06
2009-12-18,0
2009-12-19,4.511895612783103e-06
2009-12-20,0
2009-12-21,0
2009-12-22,0
2009-12-23,0
2009-12-24,0
2009-12-25,0
2009-12-26,3.010642621667595e-06
2009-12-27,0
2009-12-28,0
2009-12-29,2.1035648060986553e-06
2009-12-30,0
2009-12-31,0
2010-01-01,0
2010-01-02,0
2010-01-03,0
2010-01-04,2.841728509783361e-06
2010-01-05,0
2010-01-06,0
2010-01-07,0
2010-01-08,0
2010-01-09,0
2010-01-10,0
2010-01-11,2.0646191379870995e-06
2010-01-12,0
2010-01-13,1.7099342735463935e-06
2010-01-14,0
2010-01-15,2.2161868068183205e-06
2010-01-16,0
2010-01-17,0
2010-01-18,0
2010-01-19,0
2010-01-20,0
2010-01-21,1.4847461633416766e-06
2010-01-22,0
2010-01-23,0
2010-01-24,0
2010-01-25,0
2010-01-26,0
2010-01-27,0
2010-01-28,0
2010-01-29,0
2010-01-30,0
2010-01-31,6.177786820227227e-06
2010-02-01,3.5123088864927136e-06
2010-02-02,2.9400177577072566e-06
2010-02-03,2.0586376465419152e-06
2010-02-04,1.9276352862634784e-06
2010-02-05,2.287747673197206e-06
2010-02-06,0
2010-02-07,0
2010-02-08,0
2010-02-09,1.7824628824385519e-06
2010-02-10,0
2010-02-11,0
2010-02-12,4.242861385718528e-06
2010-02-13,4.8237087918231994e-06
2010-02-14,0
2010-02-15,2.05894060642664e-06
2010-02-16,2.1257896549357495e-06
2010-02-17,1.9924735733960376e-06
2010-02-18,0
2010-02-19,3.009684160400114e-06
2010-02-20,0
2010-02-21,2.9910823017660203e-06
2010-02-22,0
2010-02-23,1.4932344533388124e-06
2010-02-24,1.4158417972355973e-06
2010-02-25,3.553349176963573e-06
2010-02-26,1.6559702031345528e-06
2010-02-27,0
2010-02-28,0
2010-03-01,2.2771699721957547e-06
2010-03-02,2.000324624110427e-06
2010-03-03,2.3815740001184833e-06
2010-03-04,2.573138605827759e-06
2010-03-05,1.861442301338346e-06
2010-03-06,0
2010-03-07,0
2010-03-08,0
2010-03-09,3.1643475834452842e-06
2010-03-10,4.121084528153483e-06
2010-03-11,2.766733047765494e-06
2010-03-12,0
2010-03-13,2.1899606945854536e-06
2010-03-14,2.0218987813207284e-06
2010-03-15,2.165023001822949e-06
2010-03-16,0
2010-03-17,0
2010-03-18,0
2010-03-19,0
2010-03-20,4.576451335732665e-06
2010-03-21,4.310839763342735e-06
2010-03-22,0
2010-03-23,2.5206652539738286e-06
2010-03-24,0
2010-03-25,1.4115907978960522e-06
2010-03-26,1.7715299198116982e-06
2010-03-27,0
2010-03-28,0
2010-03-29,0
2010-03-30,0
2010-03-31,0
2010-04-01,0
2010-04-02,0
2010-04-03,0
2010-04-04,2.180768241035952e-06
2010-04-05,0
2010-04-06,1.4470490040251115e-06
2010-04-07,0
2010-04-08,0
2010-04-09,0
2010-04-10,0
2010-04-11,2.931189489256981e-06
2010-04-12,3.298374561016331e-06
2010-04-13,5.108964273864327e-06
2010-04-14,2.357598434973768e-06
2010-04-15,2.0241902299277684e-06
2010-04-16,2.4503557916609492e-06
2010-04-17,0
2010-04-18,6.4331513153583044e-06
2010-04-19,3.646812306168127e-06
2010-04-20,2.022127272112756e-06
2010-04-21,1.4979392849257277e-06
2010-04-22,0
2010-04-23,0
2010-04-24,1.2506107148991091e-05
2010-04-25,5.790034941157918e-06
2010-04-26,0
2010-04-27,0
2010-04-28,0
2010-04-29,1.8902412514909278e-06
2010-04-30,3.264706240248545e-06
2010-05-01,2.094738310627068e-06
2010-05-02,0
2010-05-03,2.830242614057362e-06
2010-05-04,2.3700985990643445e-06
2010-05-05,0
2010-05-06,0
2010-05-07,0
2010-05-08,0
2010-05-09,3.5928244110861787e-06
2010-05-10,1.9176295031134313e-06
2010-05-11,0
2010-05-12,0
2010-05-13,6.716817109936295e-06
2010-05-14,0
2010-05-15,0
2010-05-16,4.233794765644064e-06
2010-05-17,0
2010-05-18,2.1013038590445372e-06
2010-05-19,0
2010-05-20,0
2010-05-21,3.180737913846533e-06
2010-05-22,0
2010-05-23,0
2010-05-24,1.8663282391459682e-06
2010-05-25,2.172456081084751e-06
2010-05-26,1.5862910611441176e-05
2010-05-27,2.6519866827836736e-06
2010-05-28,1.7223284962694366e-06
2010-05-29,0
2010-05-30,0
2010-05-31,0
2010-06-01,4.750276480935805e-06
2010-06-02,2.8512814371598957e-06
2010-06-03,3.041486988518663e-06
2010-06-04,1.5311512726418995e-06
2010-06-05,2.7401689588180008e-06
2010-06-06,7.406628339833884e-06
2010-06-07,2.03612848203422e-06
2010-06-08,2.152077642657192e-06
2010-06-09,1.2700277018442326e-06
2010-06-10,0
2010-06-11,0
2010-06-12,3.958522600195155e-06
2010-06-13,1.9606082434165715e-06
2010-06-14,0
2010-06-15,1.3852142233796456e-06
2010-06-16,1.3600653266577701e-06
2010-06-17,0
2010-06-18,2.8897155810574417e-06
2010-06-19,0
2010-06-20,2.724154499060337e-06
2010-06-21,1.5856316403280037e-06
2010-06-22,0
2010-06-23,0
2010-06-24,1.2806038713167273e-06
2010-06-25,0
2010-06-26,2.865539912493575e-06
2010-06-27,3.841537844429882e-06
2010-06-28,3.7371876749211453e-06
2010-06-29,5.4905750357671744e-06
2010-06-30,4.702308598406388e-06
2010-07-01,0
2010-07-02,1.7476009807536704e-06
2010-07-03,0
2010-07-04,2.2607546926673552e-06
2010-07-05,0
2010-07-06,1.1869064280953095e-06
2010-07-07,1.1315908945859714e-06
2010-07-08,0
2010-07-09,1.6452424758360888e-06
2010-07-10,0
2010-07-11,9.793672592470435e-06
2010-07-12,3.4799481905313396e-06
2010-07-13,0
2010-07-14,2.6588685007837013e-06
2010-07-15,1.0858680570410833e-06
2010-07-16,2.1894587293111356e-06
2010-07-17,5.747452864124805e-06
2010-07-18,0
2010-07-19,1.390242122250941e-06
2010-07-20,2.0840299396372307e-06
2010-07-21,1.946922564399872e-06
2010-07-22,2.7617875393669798e-06
2010-07-23,3.170471496668627e-06
2010-07-24,2.2410455822268437e-06
2010-07-25,2.1587774658173007e-06
2010-07-26,2.0364709316401964e-06
2010-07-27,1.3732935601360345e-06
2010-07-28,1.5896983910662585e-06
2010-07-29,0
2010-07-30,1.1804332331617692e-06
2010-07-31,2.101468716485952e-06
2010-08-01,0
2010-08-02,2.038331849597608e-06
2010-08-03,1.1642449208068962e-06
2010-08-04,5.220500314591888e-06
2010-08-05,1.2273711660267169e-05
2010-08-06,9.456528787474872e-06
2010-08-07,1.05766688300762e-05
2010-08-08,5.390662927871979e-06
2010-08-09,7.406893497019095e-06
2010-08-10,3.080937097827675e-06
2010-08-11,2.167133214328825e-06
2010-08-12,2.045213303249003e-06
2010-08-13,1.4622651510775798e-06
2010-08-14,4.383023672710856e-06
2010-08-15,2.3652586085065344e-06
2010-08-16,3.6653990854182446e-06
2010-08-17,1.9266177006074625e-06
2010-08-18,2.7544693560693354e-06
2010-08-19,2.565397820904447e-06
2010-08-20,3.4085486399890927e-06
2010-08-21,0
2010-08-22,7.189162493826697e-06
2010-08-23,6.659564716579629e-06
2010-08-24,0
2010-08-25,3.419716073798328e-06
2010-08-26,1.5689790429227839e-06
2010-08-27,4.1750283206087745e-06
2010-08-28,0
2010-08-29,1.7356480707403869e-06
2010-08-30,3.220605692871447e-06
2010-08-31,0
2010-09-01,9.78495410660825e-07
2010-09-02,1.3218176578977283e-06
2010-09-03,1.3614280654311405e-06
2010-09-04,0
2010-09-05,0
2010-09-06,1.2206321995938713e-06
2010-09-07,1.0446425922513427e-06
2010-09-08,9.793500132310186e-07
2010-09-09,3.1542302268699803e-06
2010-09-10,2.7652461313674844e-06
2010-09-11,0
2010-09-12,1.8207332092633704e-06
2010-09-13,0
2010-09-14,9.547591209570963e-07
2010-09-15,2.50077812673251e-06
2010-09-16,0
2010-09-17,0
2010-09-18,3.87355985514078e-06
2010-09-19,0
2010-09-20,1.761228664427036e-06
2010-09-21,2.9958710904631237e-06
2010-09-22,1.4540493404639913e-06
2010-09-23,2.0665140614916058e-06
2010-09-24,2.8075877867524774e-06
2010-09-25,1.918659788728148e-06
2010-09-26,0
2010-09-27,0
2010-09-28,0
2010-09-29,0
2010-09-30,9.143158083374629e-07
2010-10-01,0
2010-10-02,0
2010-10-03,0
2010-10-04,1.3000356643117243e-06
2010-10-05,0
2010-10-06,0
2010-10-07,6.954701585032881e-06
2010-10-08,1.7446519632568542e-06
2010-10-09,0
2010-10-10,0
2010-10-11,1.2256939777160664e-06
2010-10-12,2.692402165354086e-06
2010-10-13,1.23726136321457e-06
2010-10-14,1.6334084292858697e-06
2010-10-15,1.0004407942139306e-06
2010-10-16,1.2774648556643558e-06
2010-10-17,1.268564489886116e-06
2010-10-18,2.3455517333086027e-06
2010-10-19,2.923113852189481e-06
2010-10-20,1.7276429611593037e-06
2010-10-21,3.4511760400032717e-06
2010-10-22,2.85850078113298e-06
2010-10-23,0
2010-10-24,1.7892709181106936e-06
2010-10-25,4.034092643112945e-06
2010-10-26,2.0294273733899453e-06
2010-10-27,0
2010-10-28,1.4477567913366234e-06
2010-10-29,9.635823679843976e-07
2010-10-30,1.3472233860735363e-06
2010-10-31,0
2010-11-01,1.6704694594564997e-06
2010-11-02,1.4765770581269325e-06
2010-11-03,3.084409175253662e-06
2010-11-04,1.1386311019037425e-06
2010-11-05,1.2527621167599348e-06
2010-11-06,2.1599303638450695e-06
2010-11-07,2.1491127495469134e-06
2010-11-08,3.218519701151976e-06
2010-11-09,1.4295292131442351e-06
2010-11-10,4.2460571946937024e-06
2010-11-11,2.1050569134522045e-06
2010-11-12,2.4957410179528635e-06
2010-11-13,0
2010-11-14,0
2010-11-15,1.1954061736154133e-06
2010-11-16,8.627771617708616e-07
2010-11-17,1.2243614878318364e-06
2010-11-18,1.852457330960953e-06
2010-11-19,4.73001416977102e-06
2010-11-20,1.3768159341661693e-06
2010-11-21,0
2010-11-22,0
2010-11-23,1.266372013558412e-06
2010-11-24,8.271000317937252e-07
2010-11-25,2.482200926944088e-06
2010-11-26,2.757532305551549e-06
2010-11-27,0
2010-11-28,2.0597712665203954e-06
2010-11-29,1.7207939536807008e-06
2010-11-30,1.3870621622696282e-06
2010-12-01,0
2010-12-02,1.2611021654595467e-06
2010-12-03,0
2010-12-04,2.76863806771212e-06
2010-12-05,1.1832480474435137e-06
2010-12-06,0
2010-12-07,1.0702652040728179e-06
2010-12-08,0
2010-12-09,9.365061328664954e-07
2010-12-10,0
2010-12-11,0
2010-12-12,1.3986371679435558e-06
2010-12-13,0
2010-12-14,9.114288622177799e-07
2010-12-15,1.8747816059696508e-06
2010-12-16,1.20336418508403e-06
2010-12-17,1.4200103439864612e-06
2010-12-18,1.0603707225705423e-06
2010-12-19,1.220756026414719e-06
2010-12-20,1.184891683126787e-06
2010-12-21,1.5587825471847374e-06
2010-12-22,0
2010-12-23,1.257751567832249e-06
2010-12-24,0
2010-12-25,0
2010-12-26,0
2010-12-27,8.895217539661107e-07
2010-12-28,1.6248735645257603e-06
2010-12-29,1.0628393114501804e-06
2010-12-30,0
2010-12-31,0
2011-01-01,0
2011-01-02,0
2011-01-03,9.754110260137245e-07
2011-01-04,1.033395733212357e-06
2011-01-05,8.780038523882363e-07
2011-01-06,1.2717059002066945e-06
2011-01-07,1.7905687438595545e-06
2011-01-08,2.2225897727161175e-06
2011-01-09,2.619128180624246e-06
2011-01-10,1.0542403655985103e-06
2011-01-11,8.762849257961925e-07
2011-01-12,1.0964359253809566e-06
2011-01-13,7.057065406858169e-07
2011-01-14,1.3104780143287666e-06
2011-01-15,0
2011-01-16,1.1162718010208305e-06
2011-01-17,2.0612080486686104e-06
2011-01-18,2.4320589141951376e-06
2011-01-19,8.223670684752163e-07
2011-01-20,1.7907164849502678e-06
2011-01-21,1.3483887428717054e-06
2011-01-22,0
2011-01-23,0
2011-01-24,1.7638045263633658e-06
2011-01-25,2.1283113509513056e-06
2011-01-26,3.0143477472135097e-06
2011-01-27,3.1924083368873063e-06
2011-01-28,1.9957225962697377e-06
2011-01-29,1.0291388310341343e-06
2011-01-30,0
2011-01-31,3.2315184891330358e-06
2011-02-01,2.8053443680440818e-06
2011-02-02,3.167522701153185e-06
2011-02-03,1.7873373746406249e-06
2011-02-04,2.104142720353541e-06
2011-02-05,1.6564857213691627e-06
2011-02-06,3.4562944652282953e-06
2011-02-07,1.2792824192197117e-06
2011-02-08,1.7316876912793362e-06
2011-02-09,1.5307316380608002e-06
2011-02-10,1.9115965777505722e-06
2011-02-11,0
2011-02-12,3.855517953035752e-06
2011-02-13,2.779630349931371e-06
2011-02-14,1.782981707053431e-06
2011-02-15,2.008507233237099e-06
2011-02-16,0
2011-02-17,2.0255315722771065e-06
2011-02-18,2.0593863879776865e-06
2011-02-19,1.2661208841575358e-06
2011-02-20,2.1425321457732126e-06
2011-02-21,4.395452172152546e-06
2011-02-22,2.22323228330896e-06
2011-02-23,1.0108643914046707e-06
2011-02-24,2.358699177403662e-06
2011-02-25,1.2552653149690807e-06
2011-02-26,3.108998942574595e-06
2011-02-27,1.1420143828554276e-06
2011-02-28,1.6812750065408065e-06
2011-03-01,1.2371106982735254e-06
2011-03-02,1.3875817238331415e-06
2011-03-03,8.823733321568355e-07
2011-03-04,0
2011-03-05,2.088909924985504e-06
2011-03-06,2.282975460622913e-06
2011-03-07,6.243219863228534e-07
2011-03-08,1.9086681911411584e-06
2011-03-09,1.1561923349072966e-06
2011-03-10,8.50851659969046e-07
2011-03-11,6.784557857827419e-07
2011-03-12,0
2011-03-13,0
2011-03-14,1.104177576992725e-06
2011-03-15,1.014844382493833e-06
2011-03-16,2.217924088286425e-06
2011-03-17,8.822166646493312e-07
2011-03-18,1.670998963562893e-06
2011-03-19,0
2011-03-20,2.0463981425001474e-06
2011-03-21,1.2868578611444336e-06
2011-03-22,4.298844546447877e-06
2011-03-23,1.00579349626266e-06
2011-03-24,1.1279385619384903e-06
2011-03-25,2.057850816619512e-06
2011-03-26,1.6122840567195083e-06
2011-03-27,1.6120982167614365e-06
2011-03-28,4.3578737165100606e-06
2011-03-29,2.4694763898654102e-06
2011-03-30,1.9056117471055028e-06
2011-03-31,0
2011-04-01,0
2011-04-02,1.86366924045601e-06
2011-04-03,1.0966094090340564e-06
2011-04-04,2.0667532109442606e-06
2011-04-05,2.7386627188191514e-06
2011-04-06,2.3802655582941204e-06
2011-04-07,1.0958350218138262e-05
2011-04-08,6.687168410485145e-06
2011-04-09,4.627322315964536e-06
2011-04-10,1.947101471732873e-06
2011-04-11,1.944699078480033e-06
2011-04-12,1.2366707967723792e-06
2011-04-13,3.9369485319343895e-06
2011-04-14,3.0021420283372187e-06
2011-04-15,2.55997409793827e-06
2011-04-16,1.79098519001783e-06
2011-04-17,1.518944272972513e-06
2011-04-18,1.1681278193495e-06
2011-04-19,2.406420329438943e-06
2011-04-20,1.018958054252044e-06
2011-04-21,6.984792941633906e-06
2011-04-22,6.519930963245286e-06
2011-04-23,3.199179932318823e-06
2011-04-24,3.548238299684207e-06
2011-04-25,1.9432729477458764e-06
2011-04-26,2.1644163571551276e-06
2011-04-27,4.373905682443681e-06
2011-04-28,1.2335382913274297e-06
2011-04-29,1.2688585544540453e-06
2011-04-30,1.1567458360041768e-06
2011-05-01,1.2395767093452928e-06
2011-05-02,1.8014927889846643e-06
2011-05-03,6.851685783060327e-07
2011-05-04,1.5747946467780601e-06
2011-05-05,3.4881745257489166e-06
2011-05-06,0
2011-05-07,0
2011-05-08,1.4230261441525485e-06
2011-05-09,1.993831554307808e-06
2011-05-10,3.4603852859952627e-06
2011-05-11,1.2255336140473783e-06
2011-05-12,1.6109782181936515e-06
2011-05-13,2.7083842627330563e-06
2011-05-14,1.4091283648615367e-06
2011-05-15,1.6277763760814538e-06
2011-05-16,3.183202124492677e-06
2011-05-17,2.824178487211414e-06
2011-05-18,1.6073909120046705e-06
2011-05-19,1.8126185211774453e-06
2011-05-20,1.515295097309337e-06
2011-05-21,2.6939079124621357e-06
2011-05-22,3.853822359754009e-06
2011-05-23,1.836407326163387e-06
2011-05-24,2.041236029653036e-06
2011-05-25,1.7152761637505541e-06
2011-05-26,1.3734992407718813e-06
2011-05-27,1.1231348941164578e-06
2011-05-28,2.140174063413969e-06
2011-05-29,5.915928445070678e-06
2011-05-30,6.760581967121126e-06
2011-05-31,2.6917669099644346e-06
2011-06-01,3.116732803401622e-06
2011-06-02,1.9456151415552778e-06
2011-06-03,1.1762675782897234e-06
2011-06-04,1.1871047775773714e-06
2011-06-05,0
2011-06-06,2.2334717002892145e-06
2011-06-07,1.5255585403532163e-06
2011-06-08,3.861284885019624e-06
2011-06-09,1.8150161733066176e-06
2011-06-10,1.3184919484641052e-06
2011-06-11,3.7965686050492958e-06
2011-06-12,1.3330434408197365e-06
2011-06-13,2.2615661633516905e-06
2011-06-14,2.3801227874300954e-06
2011-06-15,1.713900331554019e-06
2011-06-16,1.9125253003190665e-06
2011-06-17,2.1633215020250234e-06
2011-06-18,1.527370903139969e-06
2011-06-19,2.621130728205298e-06
2011-06-20,9.905360226254276e-07
2011-06-21,1.175721424927338e-06
2011-06-22,1.3068787563339639e-06
2011-06-23,3.2157818881317184e-06
2011-06-24,7.949043451856221e-07
2011-06-25,5.214171364610927e-06
2011-06-26,3.7576402943908838e-06
2011-06-27,2.5029177241928585e-06
2011-06-28,3.103092289649616e-06
2011-06-29,1.7147791672084192e-06
2011-06-30,2.9660746315789265e-06
2011-07-01,2.0244306035873587e-06
2011-07-02,2.0140465359838186e-06
2011-07-03,1.6582432515718073e-06
2011-07-04,1.7697251351406356e-06
2011-07-05,2.0212761549344558e-06
2011-07-06,4.179884335795965e-06
2011-07-07,3.878694978166341e-06
2011-07-08,2.731827152237139e-06
2011-07-09,1.5860138950677347e-06
2011-07-10,1.8213118727288078e-06
2011-07-11,4.3983004548156835e-06
2011-07-12,2.2036120267012626e-06
2011-07-13,1.7140808408137884e-06
2011-07-14,1.6360088236692367e-06
2011-07-15,1.3326503329524345e-06
2011-07-16,1.3516249640805666e-06
2011-07-17,2.3714268361463946e-06
2011-07-18,2.0469711649995222e-06
2011-07-19,2.6370156717841375e-06
2011-07-20,1.099082870298879e-06
2011-07-21,1.2232742799243001e-06
2011-07-22,1.1032270494423238e-06
2011-07-23,0
2011-07-24,1.0117036406408434e-06
2011-07-25,9.699395368790896e-07
2011-07-26,1.1033548331217191e-06
2011-07-27,1.0038035943286557e-06
2011-07-28,2.001335618616024e-06
2011-07-29,8.119253429234346e-07
2011-07-30,1.4464329817577077e-06
2011-07-31,1.1271491917213146e-06
2011-08-01,1.910456388058154e-06
2011-08-02,8.761568117424639e-07
2011-08-03,1.0579431029383047e-06
2011-08-04,2.3153116619590094e-06
2011-08-05,2.3768446735527085e-06
2011-08-06,2.092729786962433e-06
2011-08-07,1.1516206469459309e-06
2011-08-08,2.439639187819718e-06
2011-08-09,1.1109068751548326e-06
2011-08-10,7.569282908004113e-07
2011-08-11,1.1470449915162787e-06
2011-08-12,2.180093499179195e-06
2011-08-13,3.162476443942821e-06
2011-08-14,1.8020293012367086e-06
2011-08-15,2.00348697801765e-06
2011-08-16,1.638979522180105e-06
2011-08-17,2.9180964981897933e-06
2011-08-18,6.407529102997186e-07
2011-08-19,2.029539610778276e-06
2011-08-20,1.5006700491769574e-06
2011-08-21,1.3058917592027008e-06
2011-08-22,1.8445658168751949e-06
2011-08-23,9.881956732840641e-07
2011-08-24,1.6510517721173157e-06
2011-08-25,1.4035466923141433e-06
2011-08-26,2.3851434186737647e-06
2011-08-27,3.0041855237081078e-06
2011-08-28,1.6881916732309187e-06
2011-08-29,1.054568149549268e-06
2011-08-30,1.277069890842451e-06
2011-08-31,1.1723054559095918e-06
2011-09-01,8.06411436849562e-07
2011-09-02,1.1758516965188277e-06
2011-09-03,1.3351439503656596e-06
2011-09-04,2.7716093430489017e-06
2011-09-05,4.034972242494796e-06
2011-09-06,3.2258859425299457e-06
2011-09-07,1.5734306850783453e-06
2011-09-08,9.743931114304594e-07
2011-09-09,2.911267229243371e-06
2011-09-10,8.861206479845851e-07
2011-09-11,1.6455666623991638e-06
2011-09-12,4.262535712589834e-07
2011-09-13,2.279142355475717e-06
2011-09-14,2.623497994505041e-06
2011-09-15,1.8370528842911245e-06
2011-09-16,3.1040097049602257e-06
2011-09-17,1.316418079063591e-06
2011-09-18,1.0664382498127334e-06
2011-09-19,1.4847489643220937e-06
2011-09-20,8.833783213820278e-07
2011-09-21,8.527669687195696e-07
2011-09-22,1.6344092840331207e-06
2011-09-23,1.0425894307148932e-06
2011-09-24,1.7684140255126881e-06
2011-09-25,9.85170124650292e-07
2011-09-26,2.1544927056334845e-06
2011-09-27,6.470711453219465e-06
2011-09-28,1.3151941752680367e-06
2011-09-29,1.2792398485921816e-06
2011-09-30,2.081901858986221e-06
2011-10-01,1.4544809284824455e-06
2011-10-02,2.1138707587104927e-06
2011-10-03,1.4536407320470121e-06
2011-10-04,8.573009066885831e-07
2011-10-05,8.610994862680465e-07
2011-10-06,5.638169051316843e-07
2011-10-07,1.150471006939066e-06
2011-10-08,3.889192678050297e-06
2011-10-09,1.0441804222644744e-06
2011-10-10,1.391040797180933e-06
2011-10-11,4.285661633299934e-07
2011-10-12,1.444594040182828e-06
2011-10-13,1.7775373493925932e-06
2011-10-14,1.3181935444650332e-06
2011-10-15,3.413194621103932e-06
2011-10-16,2.3619557527640275e-06
2011-10-17,1.2713796392047075e-06
2011-10-18,1.4164211971457772e-06
2011-10-19,1.5280198734264737e-06
2011-10-20,1.4500687523387128e-06
2011-10-21,1.9485152391818046e-06
2011-10-22,7.069797994661898e-07
2011-10-23,1.959471961495816e-06
2011-10-24,1.2817396433928885e-06
2011-10-25,6.58356259980498e-07
2011-10-26,1.124136417326652e-06
2011-10-27,5.162254070216095e-07
2011-10-28,9.583476553066265e-07
2011-10-29,7.462762945121827e-07
2011-10-30,1.094946417154657e-06
2011-10-31,1.5669336749138784e-06
2011-11-01,1.3557955514540229e-06
2011-11-02,9.791266288383425e-07
2011-11-03,2.0214671446065585e-06
2011-11-04,1.1667944306568236e-06
2011-11-05,1.386546615499135e-06
2011-11-06,1.4301683647830336e-06
2011-11-07,6.432407900426325e-07
2011-11-08,7.705154285908015e-07
2011-11-09,2.6914380962863394e-06
2011-11-10,1.590435525587252e-06
2011-11-11,9.40445920127586e-07
2011-11-12,5.53135281402043e-07
2011-11-13,8.168583220504777e-07
2011-11-14,1.3510044718248018e-06
2011-11-15,1.0035571081699083e-06
2011-11-16,1.985032998232806e-06
2011-11-17,1.3449136533581326e-06
2011-11-18,1.3582668876717812e-06
2011-11-19,1.513960532865661e-06
2011-11-20,1.2515621661999463e-06
2011-11-21,4.475090527352126e-07
2011-11-22,1.1330639096200241e-06
2011-11-23,2.4086097698651064e-06
2011-11-24,3.6101843299949156e-06
2011-11-25,4.269670534585955e-06
2011-11-26,2.70508871628276e-06
2011-11-27,2.025568194896489e-06
2011-11-28,8.900242301679795e-07
2011-11-29,1.6471841025386598e-06
2011-11-30,1.8185216429332755e-06
2011-12-01,6.532235482289943e-06
2011-12-02,7.862847537013846e-06
2011-12-03,3.412460816194174e-06
2011-12-04,1.6889812198622414e-06
2011-12-05,1.9631446239529867e-06
2011-12-06,2.364006270920635e-06
2011-12-07,9.628168555051401e-07
2011-12-08,1.664425573113322e-06
2011-12-09,2.4984422906329652e-06
2011-12-10,1.9771051226793728e-06
2011-12-11,1.3934934654736737e-06
2011-12-12,1.8501436316312795e-06
2011-12-13,1.4538874666177054e-06
2011-12-14,1.943147784161577e-06
2011-12-15,2.4342036492329234e-06
2011-12-16,1.4216752347541232e-06
2011-12-17,2.443356162750195e-06
2011-12-18,1.4572562160630074e-06
2011-12-19,3.102326471553476e-06
2011-12-20,1.9418097211280013e-06
2011-12-21,2.6603980976571745e-06
2011-12-22,2.423107279697144e-06
2011-12-23,1.3506487563226252e-06
2011-12-24,1.1671868753726487e-06
2011-12-25,6.966166952550419e-07
2011-12-26,1.909089365377499e-06
2011-12-27,2.585376710439064e-06
2011-12-28,1.111763191105005e-06
2011-12-29,1.2906992591006635e-06
2011-12-30,1.7512365554286071e-06
2011-12-31,2.927828235496404e-06
2012-01-01,2.673729425780613e-06
2012-01-02,3.4882678419704823e-06
2012-01-03,4.8395289498269226e-06
2012-01-04,2.678157049088986e-06
2012-01-05,2.165432349604227e-06
2012-01-06,3.0757846985862815e-06
2012-01-07,2.5118476154422883e-06
2012-01-08,1.7465719357804552e-06
2012-01-09,2.421153581593869e-06
2012-01-10,1.3078238720301476e-06
2012-01-11,1.176392807910818e-06
2012-01-12,2.0832612106259804e-06
2012-01-13,1.5890586321319733e-06
2012-01-14,1.7003312940950973e-06
2012-01-15,6.843346670255622e-07
2012-01-16,1.3319880254276515e-06
2012-01-17,3.12417295781976e-06
2012-01-18,1.6569968348347733e-06
2012-01-19,1.7123206746488663e-06
2012-01-20,2.9137595580814896e-06
2012-01-21,1.743501040434246e-06
2012-01-22,1.3573564307136278e-06
2012-01-23,3.923591614717308e-06
2012-01-24,1.8153820837599725e-06
2012-01-25,1.3213656049253783e-06
2012-01-26,1.4420888657219983e-06
2012-01-27,2.1709197361972768e-06
2012-01-28,2.4014170679310376e-06
2012-01-29,1.7281989004852955e-06
2012-01-30,1.5911952917592114e-06
2012-01-31,1.6781206793636635e-06
2012-02-01,1.1570224028462751e-06
2012-02-02,1.2947894904762054e-06
2012-02-03,1.8417269403561811e-06
2012-02-04,2.355187748501747e-06
2012-02-05,1.435567933341292e-06
2012-02-06,1.5968037215397863e-06
2012-02-07,4.652572776957394e-06
2012-02-08,3.326798207898163e-06
2012-02-09,2.736877841525407e-06
2012-02-10,2.2095444833781183e-06
2012-02-11,1.9227602592526877e-06
2012-02-12,3.090289826976934e-06
2012-02-13,2.302857261289802e-06
2012-02-14,4.539550484399136e-06
2012-02-15,1.8336745939771243e-06
2012-02-16,2.052627077572198e-06
2012-02-17,2.5711169377219666e-06
2012-02-18,4.7234255193976425e-06
2012-02-19,2.878674197811456e-06
2012-02-20,2.4446043015514618e-06
2012-02-21,1.628056720100651e-06
2012-02-22,1.4260764216802669e-06
2012-02-23,1.7693920391071028e-06
2012-02-24,2.144572221019845e-06
2012-02-25,2.202038556176471e-06
2012-02-26,3.3903381422274263e-06
2012-02-27,1.4771569785947546e-06
2012-02-28,1.7584257664963734e-06
2012-02-29,2.240205848034964e-06
2012-03-01,4.262618546157909e-06
2012-03-02,1.2953173826073568e-06
2012-03-03,1.7153787447107857e-06
2012-03-04,1.9102482833744824e-06
2012-03-05,2.8203120344185975e-06
2012-03-06,1.7587527113371486e-06
2012-03-07,1.5960170979538353e-06
2012-03-08,2.160518092238519e-06
2012-03-09,1.8783449802200882e-06
2012-03-10,4.045623429014402e-06
2012-03-11,1.5690184134509437e-06
2012-03-12,2.067429508775795e-06
2012-03-13,2.7665847905119865e-06
2012-03-14,2.9424545886944664e-06
2012-03-15,3.4713737432346625e-06
2012-03-16,2.129726120871815e-06
2012-03-17,2.2918075002838157e-06
2012-03-18,1.4315295282725953e-06
2012-03-19,3.047223823805299e-06
2012-03-20,2.460204239446311e-06
2012-03-21,1.9422791329191173e-06
2012-03-22,1.8114305342429432e-06
2012-03-23,2.473964259041088e-06
2012-03-24,1.3328898730320468e-06
2012-03-25,2.0575582771454374e-06
2012-03-26,1.442991752580638e-06
2012-03-27,1.8798143808619857e-06
2012-03-28,1.319404851303865e-06
2012-03-29,9.534003340714771e-07
2012-03-30,1.6394117293238523e-06
2012-03-31,1.4065340539476136e-06
2012-04-01,1.367990927484169e-06
2012-04-02,3.464736820414667e-06
2012-04-03,5.960230362903527e-06
2012-04-04,3.571551320397347e-06
2012-04-05,1.6977300871248555e-06
2012-04-06,1.6536172641422074e-06
2012-04-07,1.7768294773048903e-06
2012-04-08,7.952781969108815e-06
2012-04-09,3.4110504500413423e-06
2012-04-10,2.362975017052803e-06
2012-04-11,3.1136533495202472e-06
2012-04-12,8.646853402417284e-07
2012-04-13,1.6391079741756952e-06
2012-04-14,1.4964915435983766e-06
2012-04-15,9.768811947699865e-07
2012-04-16,2.1137688525062297e-06
2012-04-17,3.3991098864244083e-06
2012-04-18,1.0858951450763318e-06
2012-04-19,1.4078072768150331e-06
2012-04-20,1.856061857082691e-06
2012-04-21,2.5309431299248086e-06
2012-04-22,1.635635146773379e-06
2012-04-23,1.177213165870154e-06
2012-04-24,1.3918704112972265e-06
2012-04-25,1.5469668065882028e-06
2012-04-26,1.5613151632511135e-06
2012-04-27,1.5559943229028464e-06
2012-04-28,1.2865655471289275e-06
2012-04-29,1.8051659034380655e-06
2012-04-30,1.8921044269251925e-06
2012-05-01,1.6565450949334325e-06
2012-05-02,1.0874926103695067e-06
2012-05-03,2.4511984767272188e-06
2012-05-04,2.5893523346222095e-06
2012-05-05,1.5458646083994695e-06
2012-05-06,1.2883007795830092e-06
2012-05-07,3.326790645064706e-06
2012-05-08,4.498649448006141e-06
2012-05-09,1.1609830573872491e-05
2012-05-10,9.231496755178523e-06
2012-05-11,5.632427159842704e-06
2012-05-12,5.354883639787687e-06
2012-05-13,4.742609055471861e-06
2012-05-14,3.662248275880567e-06
2012-05-15,3.871172347322576e-06
2012-05-16,3.582960620696604e-06
2012-05-17,8.52818121690197e-06
2012-05-18,3.7437543116988577e-06
2012-05-19,3.71992737017278e-06
2012-05-20,2.388685221245485e-06
2012-05-21,2.425681470161244e-06
2012-05-22,2.789137904403356e-06
2012-05-23,3.7881565180541297e-06
2012-05-24,2.414000493441407e-06
2012-05-25,1.7135892547561637e-06
2012-05-26,4.37868316343923e-06
2012-05-27,4.607145990574447e-06
2012-05-28,1.2454500300242418e-06
2012-05-29,3.3316800267829e-06
2012-05-30,2.977329926617115e-06
2012-05-31,2.6268401425642435e-06
2012-06-01,2.909656969628637e-06
2012-06-02,1.7140259734266642e-06
2012-06-03,1.6649085437988415e-06
2012-06-04,2.0337311816016e-06
2012-06-05,1.9705141428840884e-06
2012-06-06,1.649565710587545e-06
2012-06-07,1.849144099322785e-06
2012-06-08,2.421406121188761e-06
2012-06-09,2.3171309309862593e-06
2012-06-10,1.717892208104775e-06
2012-06-11,2.7051667260695966e-06
2012-06-12,4.341591184485932e-06
2012-06-13,2.1629062954588832e-06
2012-06-14,1.614962809873793e-06
2012-06-15,9.300517820280421e-07
2012-06-16,2.2854131406190616e-06
2012-06-17,2.2077186378352137e-06
2012-06-18,1.6662075868048927e-06
2012-06-19,2.8073208044115143e-06
2012-06-20,1.118203580143801e-06
2012-06-21,9.99619405776679e-07
2012-06-22,1.90626247207093e-06
2012-06-23,1.3189857263561467e-06
2012-06-24,1.5395236275724182e-06
2012-06-25,1.5019181542900495e-06
2012-06-26,3.086474360766164e-06
2012-06-27,1.9985662459539896e-06
2012-06-28,1.6388000223221814e-06
2012-06-29,1.966751831594816e-06
2012-06-30,2.4564451799223274e-06
2012-07-01,2.6018427985261026e-06
2012-07-02,1.4222084120881242e-06
2012-07-03,1.408253382397487e-06
2012-07-04,2.068467619928355e-06
2012-07-05,1.5932483710404603e-06
2012-07-06,1.6576036069454486e-06
2012-07-07,1.7117935952414347e-06
2012-07-08,2.7692801380616137e-06
2012-07-09,3.230414650786065e-06
2012-07-10,1.8103414703972332e-06
2012-07-11,1.3852882817381992e-06
2012-07-12,1.3407908408242092e-06
2012-07-13,1.561357105573546e-06
2012-07-14,9.924862369890163e-07
2012-07-15,1.4605739684935096e-06
2012-07-16,1.488983166826331e-06
2012-07-17,1.0659084902212064e-06
2012-07-18,2.1171361775782167e-06
2012-07-19,7.941457580976013e-07
2012-07-20,1.986868355113154e-06
2012-07-21,1.7341853675074793e-06
2012-07-22,2.7640905613624038e-06
2012-07-23,1.6152874783038935e-06
2012-07-24,2.6887104539349858e-06
2012-07-25,4.086112298995778e-06
2012-07-26,5.841323485017706e-06
2012-07-27,4.175343107754741e-06
2012-07-28,4.667962804338671e-06
2012-07-29,5.349818455968319e-06
2012-07-30,2.5408203599264793e-06
2012-07-31,2.4483615226985063e-06
2012-08-01,2.8807616070719302e-06
2012-08-02,7.32119372474985e-06
2012-08-03,5.134100387569871e-06
2012-08-04,3.948266820243575e-06
2012-08-05,2.6419056904939106e-06
2012-08-06,1.800692818757984e-06
2012-08-07,2.2372292429560113e-06
2012-08-08,2.296143073466681e-06
2012-08-09,2.983213092137149e-06
2012-08-10,1.5118014369756648e-06
2012-08-11,1.3922321052257594e-06
2012-08-12,6.756573795480902e-07
2012-08-13,1.8387105657699874e-06
2012-08-14,1.1429915541595117e-06
2012-08-15,1.1672384659330988e-06
2012-08-16,1.0389986131366589e-06
2012-08-17,1.133778986967603e-06
2012-08-18,8.749070001199716e-07
2012-08-19,1.4445593843659362e-06
2012-08-20,1.3469321851634409e-06
2012-08-21,1.8777225446144835e-06
2012-08-22,2.017435240227917e-06
2012-08-23,9.986431352501095e-07
2012-08-24,1.2349770366666386e-06
2012-08-25,1.7037057799042958e-06
2012-08-26,2.012225739749926e-06
2012-08-27,9.744413771195318e-07
2012-08-28,1.2496786763703383e-06
2012-08-29,1.5307602444215908e-06
2012-08-30,1.7053750909682976e-06
2012-08-31,4.074351214331903e-06
2012-09-01,2.032653218858821e-06
2012-09-02,1.1690369510793639e-06
2012-09-03,9.05072646370492e-07
2012-09-04,2.0928248099341352e-06
2012-09-05,1.9465597290256325e-06
2012-09-06,8.476535572099398e-07
2012-09-07,1.0784678704718607e-06
2012-09-08,1.184096034022575e-06
2012-09-09,1.6309086324755007e-06
2012-09-10,1.080689939474609e-06
2012-09-11,3.8109899683051225e-06
2012-09-12,1.3186364635395104e-06
2012-09-13,1.168840545244334e-06
2012-09-14,1.7684280633391079e-06
2012-09-15,8.068476468201932e-07
2012-09-16,1.7466543497541954e-06
2012-09-17,1.0720720137359013e-06
2012-09-18,1.4640645359647454e-06
2012-09-19,1.3256327469603563e-06
2012-09-20,1.2430954372759126e-06
2012-09-21,1.563385726987238e-06
2012-09-22,1.1524350740824692e-06
2012-09-23,1.7048018934959663e-06
2012-09-24,1.2391736605849352e-06
2012-09-25,1.039497063046578e-06
2012-09-26,2.1003254304231194e-06
2012-09-27,1.7319381609259208e-06
2012-09-28,1.305914720970332e-06
2012-09-29,1.4502786188265772e-06
2012-09-30,1.1638682102145508e-06
2012-10-01,1.9999425794263863e-06
2012-10-02,1.2378544601582243e-06
2012-10-03,1.6516247959639123e-06
2012-10-04,1.800886602201215e-06
2012-10-05,1.4684826902602885e-06
2012-10-06,1.510738503599567e-06
2012-10-07,1.0898684844801092e-06
2012-10-08,1.257403341562388e-06
2012-10-09,1.2413963988083588e-06
2012-10-10,1.202989553487612e-06
2012-10-11,1.512485314187734e-06
2012-10-12,8.591748638354805e-07
2012-10-13,8.111052357480264e-07
2012-10-14,5.390978563959755e-07
2012-10-15,2.0329574409443164e-06
2012-10-16,1.495123291705464e-06
2012-10-17,1.187387034454205e-06
2012-10-18,1.2950832581871718e-06
2012-10-19,2.5378310467030368e-06
2012-10-20,2.8085067093762524e-06
2012-10-21,1.8530948182291118e-06
2012-10-22,2.5860735488939906e-06
2012-10-23,1.250078079473593e-06
2012-10-24,2.0381167784662037e-06
2012-10-25,1.826573630351197e-06
2012-10-26,2.5586244834776825e-06
2012-10-27,2.44223457700685e-06
2012-10-28,2.5492261103708502e-06
2012-10-29,2.3382523839916887e-06
2012-10-30,1.5704474593061075e-06
2012-10-31,1.8973986532087857e-06
2012-11-01,1.1764646260616236e-06
2012-11-02,3.184699007462015e-06
2012-11-03,2.2487647856284654e-06
2012-11-04,1.5569019800126933e-06
2012-11-05,1.7023875320791056e-06
2012-11-06,2.0908821181570606e-06
2012-11-07,2.4632580217401965e-06
2012-11-08,2.2707914522268323e-06
2012-11-09,1.8804195714593767e-06
2012-11-10,2.3860820610244373e-06
2012-11-11,1.4747383949271752e-06
2012-11-12,1.454925969123157e-06
2012-11-13,1.0366470488814745e-06
2012-11-14,1.7501445858083958e-06
2012-11-15,1.763198018037195e-06
2012-11-16,9.248205007482639e-07
2012-11-17,1.5893905876399012e-06
2012-11-18,1.7136437877738371e-06
2012-11-19,1.5177195812078423e-06
2012-11-20,1.6607136831992605e-06
2012-11-21,9.069043665890558e-07
2012-11-22,1.0999303799066037e-06
2012-11-23,1.527356398633256e-06
2012-11-24,8.212816187263598e-07
2012-11-25,1.1861424753814894e-06
2012-11-26,1.278229958282968e-06
2012-11-27,1.3730314876166861e-06
2012-11-28,1.094960701469367e-06
2012-11-29,2.166942885003551e-06
2012-11-30,1.780133773327204e-06
2012-12-01,9.027218444242801e-07
2012-12-02,1.2316750159452647e-06
2012-12-03,1.023017274874307e-06
2012-12-04,1.2657118583129387e-06
2012-12-05,1.3869261636339408e-06
2012-12-06,1.5796690277453067e-06
2012-12-07,1.0254424999730309e-06
2012-12-08,2.1659938247516055e-06
2012-12-09,2.5389602293115017e-06
2012-12-10,2.0811981344139923e-06
2012-12-11,1.5088176036767455e-06
2012-12-12,2.3776727022567285e-06
2012-12-13,2.268543179509548e-06
2012-12-14,1.5242836027517972e-06
2012-12-15,1.25057326278366e-06
2012-12-16,1.5995373168663067e-06
2012-12-17,2.167808759937129e-06
2012-12-18,1.386246570291211e-06
2012-12-19,8.574246937532323e-07
2012-12-20,1.1541063703081088e-06
2012-12-21,1.2674403182723703e-06
2012-12-22,1.101851639643388e-06
2012-12-23,1.1722039538972184e-06
2012-12-24,5.249451576670156e-07
2012-12-25,1.520135332581542e-06
2012-12-26,1.1032339648829597e-06
2012-12-27,1.158472568506597e-06
2012-12-28,1.3470806242528048e-06
2012-12-29,1.7979704218315595e-06
2012-12-30,1.9835327114297107e-06
2012-12-31,4.4438258638841916e-07
2013-01-01,1.8447691598423717e-06
2013-01-02,1.757329303087327e-06
2013-01-03,1.0848596766554036e-06
2013-01-04,3.2618884621704526e-06
2013-01-05,8.945971742985273e-07
2013-01-06,7.786652639156134e-07
2013-01-07,1.1288791674832226e-06
2013-01-08,1.2229318863986919e-06
2013-01-09,1.1961883668781491e-06
2013-01-10,1.5061637826315638e-06
2013-01-11,1.245053156629042e-06
2013-01-12,1.6771550808189304e-06
2013-01-13,2.0907393054546605e-06
2013-01-14,1.5627823240686636e-06
2013-01-15,1.66172750575161e-06
2013-01-16,1.7285209412345586e-06
2013-01-17,1.535690208285663e-06
2013-01-18,1.4490545915015485e-06
2013-01-19,1.0340617234140258e-06
2013-01-20,1.636553782199638e-06
2013-01-21,2.2067700099514295e-06
2013-01-22,1.770019378372534e-06
2013-01-23,1.2974161649791663e-06
2013-01-24,1.4967671530366174e-06
2013-01-25,1.2012552462092753e-06
2013-01-26,1.2021669892250235e-06
2013-01-27,1.2995091126732205e-06
2013-01-28,1.2444762639944102e-06
2013-01-29,1.1251430082334897e-06
2013-01-30,1.3665873692957405e-06
2013-01-31,1.6619493236997792e-06
2013-02-01,1.6273047535716935e-06
2013-02-02,1.824329459305715e-06
2013-02-03,1.6712612801102563e-06
2013-02-04,1.7998904058220558e-06
2013-02-05,1.6942156723844328e-06
2013-02-06,1.545862546986492e-06
2013-02-07,1.4949413098209891e-06
2013-02-08,1.4410408660345226e-06
2013-02-09,1.3060386797348274e-06
2013-02-10,3.129549936381031e-06
2013-02-11,2.182238836810892e-06
2013-02-12,1.137832393732677e-06
2013-02-13,6.880830889819221e-07
2013-02-14,1.757806878107885e-06
2013-02-15,1.7597537523372498e-06
2013-02-16,1.3948991136811033e-06
2013-02-17,1.0491637207213758e-06
2013-02-18,1.5328565054703816e-06
2013-02-19,1.6771109607415705e-06
2013-02-20,1.3504548383836247e-06
2013-02-21,1.812082714532729e-06
2013-02-22,2.0695474882678214e-06
2013-02-23,1.0556072296619873e-06
2013-02-24,1.1925112940757143e-06
2013-02-25,1.326858167191648e-06
2013-02-26,9.84595427362287e-07
2013-02-27,1.3385985792732495e-06
2013-02-28,1.7185558897698612e-06
2013-03-01,1.8201548795789246e-06
2013-03-02,1.7455004329070744e-06
2013-03-03,1.0500909575661306e-06
2013-03-04,1.2718967626835666e-06
2013-03-05,1.866394141449872e-06
2013-03-06,1.2255746903559282e-06
2013-03-07,8.841099172130083e-07
2013-03-08,2.361521213490564e-06
2013-03-09,6.639913506589546e-07
2013-03-10,1.2284552829992435e-06
2013-03-11,1.948915827318262e-06
2013-03-12,2.0946228295442224e-06
2013-03-13,2.256754440395166e-06
2013-03-14,1.962184224991892e-06
2013-03-15,1.855577984708567e-06
2013-03-16,1.964193116610217e-06
2013-03-17,1.467807083697425e-06
2013-03-18,8.087661530380369e-07
2013-03-19,1.934688260011428e-06
2013-03-20,1.334659807227076e-06
2013-03-21,1.2610858154627241e-06
2013-03-22,1.5072443863326167e-06
2013-03-23,1.1435593274919712e-06
2013-03-24,1.1878209811242928e-06
2013-03-25,2.045472447278121e-06
2013-03-26,4.489232692642774e-06
2013-03-27,1.3560286350323072e-05
2013-03-28,7.759523096167349e-06
2013-03-29,5.135091611355878e-06
2013-03-30,3.333713314915802e-06
2013-03-31,2.3061507346243165e-06
2013-04-01,4.738630955001877e-06
2013-04-02,3.993697876482571e-06
2013-04-03,4.264720358626064e-06
2013-04-04,3.021842164490249e-06
2013-04-05,2.2670838532782195e-06
2013-04-06,1.6092416546104116e-06
2013-04-07,1.7220402733158246e-06
2013-04-08,1.761175927102664e-06
2013-04-09,1.79665924842584e-06
2013-04-10,2.393290538843842e-06
2013-04-11,1.899783079030758e-06
2013-04-12,3.072367591488376e-06
2013-04-13,1.5576606614357614e-06
2013-04-14,2.0568547245060423e-06
2013-04-15,1.562329527064625e-06
2013-04-16,1.8249528509271847e-06
2013-04-17,1.6426469836646816e-06
2013-04-18,1.4223777186616526e-06
2013-04-19,1.0270974347544608e-06
2013-04-20,8.587743812487644e-07
2013-04-21,1.8714294600669704e-06
2013-04-22,1.296035547144573e-06
2013-04-23,1.1808052768820576e-06
2013-04-24,1.7498408738455346e-06
2013-04-25,1.4670367303234712e-06
2013-04-26,1.2596925050815333e-06
2013-04-27,1.0722354285885844e-06
2013-04-28,1.4555047939274077e-06
2013-04-29,2.2181805564115796e-06
2013-04-30,2.136627347975403e-06
2013-05-01,2.076860322835848e-06
2013-05-02,2.8204734966034927e-06
2013-05-03,2.438186055038677e-06
2013-05-04,1.1290175710307293e-06
2013-05-05,1.4170248689045348e-06
2013-05-06,2.4621081554870543e-06
2013-05-07,1.4999151141790069e-06
2013-05-08,1.9522561201370076e-06
2013-05-09,3.294797659853811e-06
2013-05-10,1.7134039591726074e-06
2013-05-11,1.0411724712610368e-06
2013-05-12,2.434457172504754e-06
2013-05-13,1.3729604546869972e-06
2013-05-14,2.103108893219208e-06
2013-05-15,2.3489130839092244e-06
2013-05-16,1.5502530513582365e-06
2013-05-17,1.4434614700953963e-06
2013-05-18,1.748086031529616e-06
2013-05-19,1.998149794847106e-06
2013-05-20,1.7391664338968585e-06
2013-05-21,1.7631443513357297e-06
2013-05-22,1.6445908748290522e-06
2013-05-23,1.868417253294265e-06
2013-05-24,2.5058577811929686e-06
2013-05-25,1.182145245983191e-06
2013-05-26,1.5891748501655083e-06
2013-05-27,1.9594797266272203e-06
2013-05-28,2.172943679343047e-06
2013-05-29,1.6696206068532917e-06
2013-05-30,4.069516886349044e-06
2013-05-31,2.820211734197632e-06
2013-06-01,3.281609270097126e-06
2013-06-02,2.7660207420287592e-06
2013-06-03,1.363344085681891e-06
2013-06-04,2.225313911086047e-06
2013-06-05,1.0158589433681727e-06
2013-06-06,2.431901357757549e-06
2013-06-07,2.199964434941149e-06
2013-06-08,1.4648970384909022e-06
2013-06-09,2.9689879705712327e-06
2013-06-10,1.8929515098701803e-06
2013-06-11,1.1690630950074488e-06
2013-06-12,1.6623044532572307e-06
2013-06-13,1.2308519218491888e-06
2013-06-14,1.4978065599759518e-06
2013-06-15,1.5820874181120103e-06
2013-06-16,1.3555631448834925e-06
2013-06-17,1.2681482583674536e-06
2013-06-18,8.995812635338511e-07
2013-06-19,9.051157231182214e-07
2013-06-20,2.7330060716997606e-06
2013-06-21,1.23909223841752e-06
2013-06-22,1.657158260823453e-06
2013-06-23,1.2600350614917433e-06
2013-06-24,1.1434891111725842e-06
2013-06-25,1.2572871288695387e-06
2013-06-26,4.739042775119854e-06
2013-06-27,4.384255832583864e-06
2013-06-28,2.464309990482323e-06
2013-06-29,2.38685241291726e-06
2013-06-30,2.7590987468863267e-06
2013-07-01,2.5196368058073376e-06
2013-07-02,1.5940071471147866e-06
2013-07-03,1.1574404998941724e-06
2013-07-04,2.2986828196796704e-06
2013-07-05,2.509095748828003e-06
2013-07-06,2.668740089017039e-06
2013-07-07,2.4083268502930595e-06
2013-07-08,9.978481857441784e-07
2013-07-09,1.6569095169425996e-06
2013-07-10,1.329858086507095e-06
2013-07-11,1.5366152361547125e-06
2013-07-12,1.8405058852555645e-06
2013-07-13,2.1904882671363722e-06
2013-07-14,2.4485290443216775e-06
2013-07-15,2.652581893706924e-06
2013-07-16,1.9191441873091707e-06
2013-07-17,1.782750671475963e-06
2013-07-18,2.7671478089076017e-06
2013-07-19,1.7249179291889827e-06
2013-07-20,1.4077017615698304e-06
2013-07-21,3.4985244874700936e-06
2013-07-22,1.7649940736453377e-06
2013-07-23,1.8394741009886962e-06
2013-07-24,1.3030032477652088e-06
2013-07-25,9.071064209352437e-07
2013-07-26,1.4603216622561845e-06
2013-07-27,1.8103304935413509e-06
2013-07-28,1.3869764025382778e-06
2013-07-29,1.5603893152984148e-06
2013-07-30,1.8104936210274753e-06
2013-07-31,1.6817979801252196e-06
2013-08-01,1.7871704040768454e-06
2013-08-02,2.292486582187475e-06
2013-08-03,1.5533343691620942e-06
2013-08-04,2.709939291468699e-06
2013-08-05,2.4850879383649105e-06
2013-08-06,1.183961828123492e-06
2013-08-07,1.0040894496039383e-06
2013-08-08,1.8256972098565046e-06
2013-08-09,9.274884290408128e-07
2013-08-10,1.556902024972942e-06
2013-08-11,1.6651358139643662e-06
2013-08-12,1.2058279231100208e-06
2013-08-13,1.2789856596169078e-06
2013-08-14,1.133429092183846e-06
2013-08-15,1.4293393617799034e-06
2013-08-16,9.564413175738133e-07
2013-08-17,1.163434085120368e-06
2013-08-18,1.5752629920775797e-06
2013-08-19,1.203847572875388e-06
2013-08-20,2.2759863988205203e-06
2013-08-21,1.1265578887403918e-06
2013-08-22,1.8158182150374363e-06
2013-08-23,1.684473101476239e-06
2013-08-24,1.6591532106447412e-06
2013-08-25,1.1828207871977583e-06
2013-08-26,1.3337937198875735e-06
2013-08-27,1.672214287333177e-06
2013-08-28,1.241483616373493e-06
2013-08-29,1.445124338648631e-06
2013-08-30,1.4657814281541816e-06
2013-08-31,1.2641626486344331e-06
2013-09-01,8.626407354247535e-07
2013-09-02,1.196793213703761e-06
2013-09-03,1.6293133795476891e-06
2013-09-04,1.3320928799857581e-06
2013-09-05,1.64201816673133e-06
2013-09-06,1.4965424774159004e-06
2013-09-07,3.1012839764532564e-06
2013-09-08,2.549300523302909e-06
2013-09-09,1.8609767124944274e-06
2013-09-10,1.7478256206030495e-06
2013-09-11,1.2926943471307218e-06
2013-09-12,1.507310517532913e-06
2013-09-13,9.289614230510181e-07
2013-09-14,2.4400816905693705e-06
2013-09-15,1.8387829447795876e-06
2013-09-16,1.1158704016956767e-06
2013-09-17,1.0780834264078691e-06
2013-09-18,2.39976071505958e-06
2013-09-19,1.4335146338386602e-06
2013-09-20,8.716554705315245e-07
2013-09-21,1.3013985175509208e-06
2013-09-22,1.3345958880049192e-06
2013-09-23,1.089145223132381e-06
2013-09-24,1.175843484172972e-06
2013-09-25,1.0943439893984956e-06
2013-09-26,9.840308843997255e-07
2013-09-27,1.6554596463170061e-06
2013-09-28,1.026382521218855e-06
2013-09-29,1.3792125090633964e-06
2013-09-30,1.269171444853085e-06
2013-10-01,8.788947396423432e-07
2013-10-02,1.007215312795122e-06
2013-10-03,4.6020576229157436e-07
2013-10-04,1.4889567719417184e-06
2013-10-05,9.907078211098701e-07
2013-10-06,1.0308674157509286e-06
2013-10-07,8.580275974157802e-07
2013-10-08,1.6811534057286022e-06
2013-10-09,6.631170813082517e-07
2013-10-10,1.2281358807082145e-06
2013-10-11,8.861007377548156e-07
2013-10-12,1.0740242283342462e-06
2013-10-13,5.152632263809381e-07
2013-10-14,8.957349771008552e-07
2013-10-15,1.125647232347452e-06
2013-10-16,1.1171207635179402e-06
2013-10-17,1.248024258738963e-06
2013-10-18,1.4048235334040345e-06
2013-10-19,1.419672224499394e-06
2013-10-20,1.1113190975672183e-06
2013-10-21,1.7864782482236663e-06
2013-10-22,1.789267513357521e-06
2013-10-23,2.1464684549912113e-06
2013-10-24,1.608820501732027e-06
2013-10-25,9.933523001538145e-07
2013-10-26,9.916478869904846e-07
2013-10-27,1.6706258601112827e-06
2013-10-28,9.941134449516112e-07
2013-10-29,1.0315862759173497e-06
2013-10-30,1.7657446051106983e-06
2013-10-31,2.0307388762769055e-06
2013-11-01,1.2431212865022939e-06
2013-11-02,1.3024146729730607e-06
2013-11-03,1.2651697702249955e-06
2013-11-04,2.6842321341660023e-06
2013-11-05,1.2570459871837736e-06
2013-11-06,4.462286074610366e-06
2013-11-07,1.3053916926372493e-06
2013-11-08,1.0476981460573867e-06
2013-11-09,2.405807389914741e-06
2013-11-10,1.820527605320467e-06
2013-11-11,1.7167630032994754e-06
2013-11-12,1.7631685429899415e-06
2013-11-13,1.7259869503520393e-06
2013-11-14,9.398676284903402e-07
2013-11-15,1.753207573611269e-06
2013-11-16,1.5839138857698586e-06
2013-11-17,1.207088182754224e-06
2013-11-18,1.2603913230799694e-06
2013-11-19,8.819963222356993e-07
2013-11-20,1.450214098214921e-06
2013-11-21,1.132791093459006e-06
2013-11-22,9.078789040659884e-07
2013-11-23,7.908086048110234e-07
2013-11-24,2.5300965238661953e-06
2013-11-25,2.262398667808023e-06
2013-11-26,1.1981337106873608e-06
2013-11-27,2.023410512762286e-06
2013-11-28,9.423072721621422e-07
2013-11-29,1.1716223546277528e-06
2013-11-30,2.3573373726602413e-06
2013-12-01,1.3114227809349553e-06
2013-12-02,1.4210662878939863e-06
2013-12-03,1.8970739168084752e-06
2013-12-04,1.3712007939097366e-06
2013-12-05,1.4979882805806686e-06
2013-12-06,2.2193858181350665e-06
2013-12-07,1.6174006964659432e-06
2013-12-08,2.157648830707558e-06
2013-12-09,2.732502100939416e-06
2013-12-10,1.721792469011407e-06
2013-12-11,1.5225667226802048e-06
2013-12-12,2.09269383295422e-06
2013-12-13,1.7116551368454252e-06
2013-12-14,1.0396536074940526e-06
2013-12-15,1.6510568949349944e-06
2013-12-16,1.371639292108257e-06
2013-12-17,1.2183778139310511e-06
2013-12-18,2.4605992616736326e-06
2013-12-19,3.7420755202694465e-06
2013-12-20,3.6470779290689443e-06
2013-12-21,3.6747312707224372e-06
2013-12-22,1.674554340910587e-06
2013-12-23,1.8304417405052362e-06
2013-12-24,1.269197686972972e-06
2013-12-25,1.7395891568798469e-06
2013-12-26,2.5533861624201846e-06
2013-12-27,1.5589642928455247e-06
2013-12-28,1.7457938789512183e-06
2013-12-29,1.3813489345951671e-06
2013-12-30,2.107355532909846e-06
2013-12-31,1.3772314592718853e-06
2014-01-01,2.0293635115769255e-06
2014-01-02,1.2000051272946347e-06
2014-01-03,9.226497625982619e-07
2014-01-04,1.4635829352561985e-06
2014-01-05,2.3153868725899717e-06
2014-01-06,1.5686751561679372e-06
2014-01-07,2.0620812670699336e-06
2014-01-08,1.3016030346506375e-06
2014-01-09,1.3481864818664212e-06
2014-01-10,1.6802986537748136e-06
2014-01-11,1.190107326130225e-06
2014-01-12,1.6457397402954376e-06
2014-01-13,1.9112806559598993e-06
2014-01-14,1.4471643176985777e-06
2014-01-15,1.8371374243950589e-06
2014-01-16,1.4803209170728834e-06
2014-01-17,1.3601431404375765e-06
2014-01-18,1.2197749791217857e-06
2014-01-19,1.6955341827540938e-06
2014-01-20,1.5137345517745683e-06
2014-01-21,1.9544887999118723e-06
2014-01-22,8.923805647147817e-07
2014-01-23,1.2160172803500542e-06
2014-01-24,1.4617690532243244e-06
2014-01-25,9.70228160794749e-07
2014-01-26,1.2642468673273128e-06
2014-01-27,1.46848209538014e-06
2014-01-28,8.916618692368457e-07
2014-01-29,1.317325775981726e-06
2014-01-30,1.0186408969040493e-06
2014-01-31,1.6533522632840877e-06
2014-02-01,9.028901643144013e-07
2014-02-02,1.2268489011666475e-06
2014-02-03,3.9030138045489835e-06
2014-02-04,4.028083999340778e-06
2014-02-05,1.742496820790349e-06
2014-02-06,1.3580439051643867e-06
2014-02-07,1.915745611557517e-06
2014-02-08,8.660571976249504e-07
2014-02-09,1.7498537413914486e-06
2014-02-10,1.076052742138218e-06
2014-02-11,2.5887884893269934e-06
2014-02-12,2.1466965078385417e-06
2014-02-13,1.3292940518079064e-06
2014-02-14,1.9175890025631505e-06
2014-02-15,2.173781361135586e-06
2014-02-16,2.659056264255178e-06
2014-02-17,1.9010974137629208e-06
2014-02-18,2.1080429504169136e-06
2014-02-19,1.2460697373508345e-06
2014-02-20,2.278645304641666e-06
2014-02-21,2.7070084474241627e-06
2014-02-22,3.0452368989705544e-06
2014-02-23,1.5439556452422236e-06
2014-02-24,1.6073543837978867e-06
2014-02-25,1.9532989289144156e-06
2014-02-26,1.9092864135107217e-06
2014-02-27,2.7054661477470863e-06
2014-02-28,2.615849767131668e-06
2014-03-01,1.8249997327678963e-06
2014-03-02,1.6054958607287473e-06
2014-03-03,1.3742677125420813e-06
2014-03-04,1.1377849962815454e-06
2014-03-05,1.3494848678888052e-06
2014-03-06,1.6412952986640918e-06
2014-03-07,1.9521314257070793e-06
2014-03-08,1.5856229945105085e-06
2014-03-09,9.360518400485849e-07
2014-03-10,1.207700904819582e-06
2014-03-11,1.6263702576012856e-06
2014-03-12,1.3058777366982937e-06
2014-03-13,1.4010280744009956e-06
2014-03-14,1.1574219942586725e-06
2014-03-15,1.2500539085748073e-06
2014-03-16,1.1798446235388077e-06
2014-03-17,1.7025547104852597e-06
2014-03-18,2.0115532603626425e-06
2014-03-19,1.1928151305450277e-06
2014-03-20,1.1932140891992307e-06
2014-03-21,1.531308510908886e-06
2014-03-22,1.218360254375181e-06
2014-03-23,2.0819793346460163e-06
2014-03-24,1.2641381084497275e-06
2014-03-25,1.8791569153103675e-06
2014-03-26,1.6032373684238775e-06
2014-03-27,1.1856195574769368e-06
2014-03-28,1.5059804170096126e-06
2014-03-29,2.7365067840578714e-06
2014-03-30,1.429973759068772e-06
2014-03-31,1.6378836329837305e-06
2014-04-01,1.3618290431723776e-06
2014-04-02,1.3448935988698021e-06
2014-04-03,2.3790945930173e-06
2014-04-04,6.186163044034376e-06
2014-04-05,2.623660160686897e-06
2014-04-06,1.7821638947975132e-06
2014-04-07,2.022406657587279e-06
2014-04-08,2.248178641586298e-06
2014-04-09,1.5505717272918406e-06
2014-04-10,1.338228805603035e-06
2014-04-11,1.123803610716784e-06
2014-04-12,1.6842490154904015e-06
2014-04-13,1.2984485549272335e-06
2014-04-14,1.4799712817638229e-06
2014-04-15,1.1940880794712425e-06
2014-04-16,1.3360638661431969e-06
2014-04-17,1.541751289046393e-06
2014-04-18,1.351681463912371e-06
2014-04-19,1.3432059396310802e-06
2014-04-20,9.247369254451507e-07
2014-04-21,1.3386141070529608e-06
2014-04-22,1.316328372199468e-06
2014-04-23,9.61712083949865e-07
2014-04-24,1.984808699529948e-06
2014-04-25,2.026965874832855e-06
2014-04-26,1.4789039020140003e-06
2014-04-27,1.7665347654041831e-06
2014-04-28,1.248136795792819e-06
2014-04-29,2.1059849072485638e-06
2014-04-30,1.662141289133039e-06
2014-05-01,9.620661272945709e-07
2014-05-02,1.4724267173222788e-06
2014-05-03,1.774692762888361e-06
2014-05-04,1.2891189277280642e-06
2014-05-05,2.5589929519484977e-06
2014-05-06,2.798066463080973e-06
2014-05-07,1.7147229686427182e-06
2014-05-08,1.7212866378550377e-06
2014-05-09,1.7987887406317772e-06
2014-05-10,9.644039467652879e-07
2014-05-11,2.0842915710574535e-06
2014-05-12,1.5201023400455423e-06
2014-05-13,1.92804736693474e-06
2014-05-14,1.4251682802492027e-06
2014-05-15,1.1097799113430604e-06
2014-05-16,1.7536787357259005e-06
2014-05-17,1.8546856446933668e-06
2014-05-18,8.15842839549789e-07
2014-05-19,1.3906657804838617e-06
2014-05-20,2.3123713020847185e-06
2014-05-21,1.7372871898595511e-06
2014-05-22,1.2806146641107209e-06
2014-05-23,1.2674706637973595e-06
2014-05-24,1.8207773136708363e-06
2014-05-25,1.289301851223623e-06
2014-05-26,1.0097635479975235e-06
2014-05-27,2.251240384511858e-06
2014-05-28,1.8050169752590025e-06
2014-05-29,1.616577872957234e-06
2014-05-30,1.3345275256374068e-06
2014-05-31,1.5656367532351066e-06
2014-06-01,9.60685227642422e-07
2014-06-02,1.9678960834251886e-06
2014-06-03,1.5280778089579932e-06
2014-06-04,1.3857143373849898e-06
2014-06-05,1.1068390004000398e-06
2014-06-06,1.1824886116911945e-06
2014-06-07,1.9084002117929396e-06
2014-06-08,7.465419709317708e-07
2014-06-09,1.1807079987604535e-06
2014-06-10,1.21592604026974e-06
2014-06-11,1.1078555871113685e-06
2014-06-12,9.075536202914861e-07
2014-06-13,1.123909459795217e-06
2014-06-14,9.624825305272078e-07
2014-06-15,7.136630764966453e-07
2014-06-16,1.069209441119365e-06
2014-06-17,1.00037043950019e-06
2014-06-18,1.2684576746547749e-06
2014-06-19,1.7950495226738937e-06
2014-06-20,1.3595102849005143e-06
2014-06-21,1.6875158722011753e-06
2014-06-22,3.7158102059174097e-06
2014-06-23,1.2912452040290457e-06
2014-06-24,1.6598516691998615e-06
2014-06-25,1.3199724154050302e-06
2014-06-26,1.7022286608555138e-06
2014-06-27,8.669765868513985e-07
2014-06-28,1.6017643498384045e-06
2014-06-29,1.0942526295574595e-06
2014-06-30,1.4117529307747437e-06
2014-07-01,1.3293979543175043e-06
2014-07-02,1.2425357012156452e-06
2014-07-03,1.8423863651655019e-06
2014-07-04,1.4605938213609626e-06
2014-07-05,2.951123684123136e-06
2014-07-06,1.174698072493731e-06
2014-07-07,1.2580269265796044e-06
2014-07-08,1.1634568495669312e-06
2014-07-09,1.5928439293428284e-06
2014-07-10,1.619261365831669e-06
2014-07-11,1.3501786503756094e-06
2014-07-12,2.015636960997863e-06
2014-07-13,1.9981806131130514e-06
2014-07-14,1.0972065578207284e-06
2014-07-15,1.3004000940969508e-06
2014-07-16,1.3519227656118297e-06
2014-07-17,1.163791489366266e-06
2014-07-18,1.121130653107506e-06
2014-07-19,1.1182791496675975e-06
2014-07-20,1.3538790333856775e-06
2014-07-21,1.0060868472976038e-06
2014-07-22,1.4275762622455963e-06
2014-07-23,1.4820134471456657e-06
2014-07-24,1.9934024512409927e-06
2014-07-25,1.1436486261280436e-06
2014-07-26,1.5372068742267196e-06
2014-07-27,1.0761802323738027e-06
2014-07-28,1.3448850864022508e-06
2014-07-29,1.5157860362545278e-06
2014-07-30,1.209697104805997e-06
2014-07-31,9.022783474565202e-07
2014-08-01,1.0297948483894831e-06
2014-08-02,1.405738344413755e-06
2014-08-03,1.186193319799809e-06
2014-08-04,1.1838252768597378e-06
2014-08-05,7.204563134503692e-07
2014-08-06,9.143181769348916e-07
2014-08-07,1.1791824509700303e-06
2014-08-08,9.534725811932981e-07
2014-08-09,9.709386299114415e-07
2014-08-10,8.624320838102875e-07
2014-08-11,1.0877730412312213e-06
2014-08-12,2.3193689924719083e-06
2014-08-13,9.363797876281931e-07
2014-08-14,1.3824347367141164e-06
2014-08-15,8.994553728528501e-07
2014-08-16,1.1289090890995956e-06
2014-08-17,1.5795510544570179e-06
2014-08-18,1.671222290654509e-06
2014-08-19,1.2243258326322976e-06
2014-08-20,1.5433963702712844e-06
2014-08-21,1.9202083837246844e-06
2014-08-22,1.1585020955647906e-06
2014-08-23,1.64245724504614e-06
2014-08-24,8.530886629549916e-07
2014-08-25,1.4047261026415103e-06
2014-08-26,1.3482784910570486e-06
2014-08-27,1.5275874996585068e-06
2014-08-28,1.6822698315051996e-06
2014-08-29,1.6103781482863196e-06
2014-08-30,1.7310707045383153e-06
2014-08-31,1.6473792638577828e-06
2014-09-01,1.472320418601081e-06
2014-09-02,1.511438555360518e-06
2014-09-03,1.2334657626337217e-06
2014-09-04,1.2356796456583354e-06
2014-09-05,1.6232340257307638e-06
2014-09-06,1.8180872349925255e-06
2014-09-07,1.3645175814951985e-06
2014-09-08,1.0247942361199705e-06
2014-09-09,9.356841878729092e-07
2014-09-10,1.2836368175367806e-06
2014-09-11,1.7026556162823611e-06
2014-09-12,1.2196628795508787e-06
2014-09-13,1.2168529262879172e-06
2014-09-14,2.531536685588826e-06
2014-09-15,1.344936488960806e-06
2014-09-16,1.003291800397103e-06
2014-09-17,1.2390219664900206e-06
2014-09-18,1.2929800754492436e-06
2014-09-19,1.202064637371598e-06
2014-09-20,1.444478562140223e-06
2014-09-21,1.588920337944727e-06
2014-09-22,6.927269347740385e-07
2014-09-23,9.21322724609267e-07
2014-09-24,1.114545123707933e-06
2014-09-25,1.299369545896331e-06
2014-09-26,1.502787563588488e-06
2014-09-27,2.3348769700259107e-06
2014-09-28,1.2126550253131632e-06
2014-09-29,9.304947433742022e-07
2014-09-30,9.6362192764275e-07
2014-10-01,1.0633020110954886e-06
2014-10-02,9.316349249937314e-07
2014-10-03,1.0925648751365795e-06
2014-10-04,1.1082154194692331e-06
2014-10-05,5.546149286365879e-07
2014-10-06,1.8905298816346157e-06
2014-10-07,1.5719923220352474e-06
2014-10-08,3.6143246594944737e-06
2014-10-09,3.7583324706422474e-06
2014-10-10,1.2725022583380356e-06
2014-10-11,3.165999890696159e-06
2014-10-12,1.3247883918320425e-06
2014-10-13,1.6760168736657667e-06
2014-10-14,1.6220698197511575e-06
2014-10-15,9.959591943566562e-07
2014-10-16,1.3139042364989716e-06
2014-10-17,2.6111863127541583e-06
2014-10-18,1.7501703078861042e-06
2014-10-19,2.691953375037917e-06
2014-10-20,2.9871655436694394e-06
2014-10-21,1.850987937907964e-06
2014-10-22,1.3080812465988548e-06
2014-10-23,1.7668503151242977e-06
2014-10-24,1.104410644219633e-06
2014-10-25,9.119440781300185e-07
2014-10-26,1.4210964992896528e-06
2014-10-27,1.615640007515277e-06
2014-10-28,1.4085927822055775e-06
2014-10-29,9.127249824629446e-07
2014-10-30,1.041600933691077e-06
2014-10-31,1.2530431176233262e-06
2014-11-01,1.027682226524928e-06
2014-11-02,1.1489833344070855e-06
2014-11-03,2.136496679794202e-06
2014-11-04,1.1332024292096996e-06
2014-11-05,1.1164193354653965e-06
2014-11-06,1.8206449551997205e-06
2014-11-07,2.160258513286725e-06
2014-11-08,1.372092270461004e-06
2014-11-09,8.401584171205381e-07
2014-11-10,1.2317603894741402e-06
2014-11-11,1.271300039608538e-06
2014-11-12,1.4433337920163223e-06
2014-11-13,1.677098866655288e-06
2014-11-14,1.4983130113636084e-06
2014-11-15,1.0064334388487736e-06
2014-11-16,8.438412222027494e-07
2014-11-17,1.2383441400946982e-06
2014-11-18,9.842491034799509e-07
2014-11-19,1.525047611777529e-06
2014-11-20,1.8373648504668182e-06
2014-11-21,1.1635371879575064e-06
2014-11-22,1.2081695041102789e-06
2014-11-23,1.0163221334634226e-06
2014-11-24,1.4254680721214507e-06
2014-11-25,1.6669216362219404e-06
2014-11-26,1.378474038888269e-06
2014-11-27,1.599513661093744e-06
2014-11-28,2.5011530040496692e-06
2014-11-29,1.5131403207033659e-06
2014-11-30,1.2829415199385214e-06
2014-12-01,1.0711359295977766e-06
2014-12-02,1.537509931858976e-06
2014-12-03,7.773119309727872e-07
2014-12-04,1.087567315130021e-06
2014-12-05,9.83185128634608e-07
2014-12-06,1.1792673753188075e-06
2014-12-07,1.3135550009602845e-06
2014-12-08,1.1649399996594139e-06
2014-12-09,1.773690657021982e-06
2014-12-10,1.2553263039514697e-06
2014-12-11,1.3315560943179464e-06
2014-12-12,1.429478126125714e-06
2014-12-13,1.416167231689624e-06
2014-12-14,1.5341078867719406e-06
2014-12-15,1.1654506403245964e-06
2014-12-16,1.8978729145127576e-06
2014-12-17,1.2045279091652402e-06
2014-12-18,1.1839771043799167e-06
2014-12-19,1.255163571775616e-06
2014-12-20,1.3603891302414447e-06
2014-12-21,9.496338361156112e-07
2014-12-22,1.048833111795233e-06
2014-12-23,1.15557450697747e-06
2014-12-24,1.1378320038628361e-06
2014-12-25,1.3872516658497847e-06
2014-12-26,9.397487761053667e-07
2014-12-27,1.664596232624771e-06
2014-12-28,8.35180277969398e-07
2014-12-29,1.1060153345197617e-06
2014-12-30,1.6145742901648331e-06
2014-12-31,7.642716147589121e-07
2015-01-01,1.2477865613444061e-06
2015-01-02,1.2487225084320526e-06
2015-01-03,1.8116049010170845e-06
2015-01-04,1.4973413809845466e-06
2015-01-05,9.798671692065424e-07
2015-01-06,1.747430564801848e-06
2015-01-07,1.476960831896132e-06
2015-01-08,9.85113760100599e-07
2015-01-09,1.401478679036079e-06
2015-01-10,7.678082567796509e-07
2015-01-11,9.492514874191996e-07
2015-01-12,1.166791661695442e-06
2015-01-13,1.6078956250633947e-06
2015-01-14,1.3995156200789414e-06
2015-01-15,1.0249375077570212e-06
2015-01-16,8.720654247511896e-07
2015-01-17,1.6271690162987262e-06
2015-01-18,1.2425107360845559e-06
2015-01-19,1.0848017752564091e-06
2015-01-20,1.1723995586861146e-06
2015-01-21,1.1288029736311626e-06
2015-01-22,1.5075100381324664e-06
2015-01-23,1.358813185770049e-06
2015-01-24,1.6248806051272025e-06
2015-01-25,1.251973156939607e-06
2015-01-26,9.232766881926703e-07
2015-01-27,1.7072205015044645e-06
2015-01-28,1.3904513659749075e-06
2015-01-29,1.117500668464277e-06
2015-01-30,1.3026510481360213e-06
2015-01-31,1.2689599070680803e-06
2015-02-01,1.124522998572246e-06
2015-02-02,1.4091881320913365e-06
2015-02-03,9.884051312996445e-07
2015-02-04,2.2273976218446826e-06
2015-02-05,1.484119323878618e-06
2015-02-06,1.4052234570507898e-06
2015-02-07,1.0424163579659713e-06
2015-02-08,1.3272249319343172e-06
2015-02-09,1.974345780977495e-06
2015-02-10,2.1631660599396997e-06
2015-02-11,1.3956980948555724e-06
2015-02-12,1.3923735023355034e-06
2015-02-13,1.811237497027558e-06
2015-02-14,3.0133420040720994e-06
2015-02-15,1.3712965736260226e-06
2015-02-16,1.1916147885050375e-06
2015-02-17,1.0023283899379694e-06
2015-02-18,1.2308806346523433e-06
2015-02-19,1.3098846273914181e-06
2015-02-20,1.1579220833850444e-06
2015-02-21,1.0824290677760843e-06
2015-02-22,1.9335361827626405e-06
2015-02-23,1.3734748814273566e-06
2015-02-24,1.1215904431962797e-06
2015-02-25,1.3814993002982344e-06
2015-02-26,1.1191043762912366e-06
2015-02-27,9.224549663000129e-07
2015-02-28,1.7560538639920728e-06
2015-03-01,1.2313737551344141e-06
2015-03-02,1.6954645168176593e-06
2015-03-03,1.2363301786185258e-06
2015-03-04,1.3884854775677036e-06
2015-03-05,1.1871208190107366e-06
2015-03-06,1.364981280787228e-06
2015-03-07,1.7889017874781198e-06
2015-03-08,1.8242821653710822e-06
2015-03-09,1.9387065014845646e-06
2015-03-10,1.1731069244188326e-06
2015-03-11,1.2026799557991063e-06
2015-03-12,1.264053301241221e-06
2015-03-13,2.069960855447946e-06
2015-03-14,1.3049913963423e-06
2015-03-15,1.2896938151982724e-06
2015-03-16,1.1626371439508521e-06
2015-03-17,1.4023828241836019e-06
2015-03-18,1.5271551180434104e-06
2015-03-19,1.6964048297503026e-06
2015-03-20,1.1013383328168314e-06
2015-03-21,1.413034005954574e-06
2015-03-22,1.3954513217505603e-06
2015-03-23,1.2567932017317035e-06
2015-03-24,1.5721366779797743e-06
2015-03-25,1.295506868339498e-06
2015-03-26,2.2459464276537607e-06
2015-03-27,1.5513885387092127e-06
2015-03-28,1.9796942280179945e-06
2015-03-29,1.9340489314379653e-06
2015-03-30,1.8155272075185205e-06
2015-03-31,3.0091473184083373e-06
2015-04-01,3.756820859817084e-06
2015-04-02,4.044555548318283e-06
2015-04-03,3.0002681205124523e-06
2015-04-04,1.9874930177334903e-06
2015-04-05,2.35434319675703e-06
2015-04-06,2.0343207618651806e-06
2015-04-07,2.968809650676154e-06
2015-04-08,2.0850789816809235e-06
2015-04-09,1.34546175662124e-06
2015-04-10,1.4212302278177393e-06
2015-04-11,1.317548196207113e-06
2015-04-12,1.696262565884817e-06
2015-04-13,1.4753886038182871e-06
2015-04-14,1.1126153950402872e-06
2015-04-15,2.054136158578875e-06
2015-04-16,1.5236103338301834e-06
2015-04-17,7.716697204209736e-07
2015-04-18,1.0367019242561946e-06
2015-04-19,1.3877922107409338e-06
2015-04-20,1.4834220447530258e-06
2015-04-21,1.7643103943637522e-06
2015-04-22,1.6266327879133404e-06
2015-04-23,2.040189003109248e-06
2015-04-24,1.6250808184289798e-06
2015-04-25,1.7840498292629101e-06
2015-04-26,2.333118576371544e-06
2015-04-27,2.195751774653379e-06
2015-04-28,2.6122885711591326e-06
2015-04-29,3.0169765269169617e-06
2015-04-30,2.3347792983924047e-06
2015-05-01,1.6545531960848365e-06
2015-05-02,1.3761832903136798e-06
2015-05-03,1.432294249171084e-06
2015-05-04,3.121020179870118e-06
2015-05-05,1.5173558637157032e-06
2015-05-06,1.4577895955920994e-06
2015-05-07,1.1334436491847977e-06
2015-05-08,1.0761319761458922e-06
2015-05-09,1.369517884841019e-06
2015-05-10,1.537146616302096e-06
2015-05-11,1.1723486497893123e-06
2015-05-12,1.9025561007456283e-06
2015-05-13,1.6236541067208218e-06
2015-05-14,1.434679959503767e-06
2015-05-15,1.2898401295138099e-06
2015-05-16,1.6950777252096234e-06
2015-05-17,1.886956747453575e-06
2015-05-18,2.5872232529649345e-06
2015-05-19,1.5912778454395012e-06
2015-05-20,1.3514498976168587e-06
2015-05-21,1.6079583419989677e-06
2015-05-22,1.6346332359105547e-06
2015-05-23,1.88239928806153e-06
2015-05-24,2.231756649254965e-06
2015-05-25,2.8347501904742147e-06
2015-05-26,2.989130985961653e-06
2015-05-27,1.5942812493871982e-06
2015-05-28,1.5099033494878782e-06
2015-05-29,1.3067877131594526e-06
2015-05-30,1.0886843708519054e-06
2015-05-31,1.4601916049945383e-06
2015-06-01,1.845924641692742e-06
2015-06-02,1.5266567132199329e-06
2015-06-03,1.883808047279922e-06
2015-06-04,1.6358781231096074e-06
2015-06-05,1.154368079610673e-06
2015-06-06,2.0390410826725565e-06
2015-06-07,1.6486622542498155e-06
2015-06-08,1.3374470517537045e-06
2015-06-09,1.7819718328953468e-06
2015-06-10,1.7064056952996486e-06
2015-06-11,1.5591732540216178e-06
2015-06-12,2.0964483413509066e-06
2015-06-13,1.48916403783178e-06
2015-06-14,1.1687589243509567e-06
2015-06-15,1.7429825974432694e-06
2015-06-16,2.507832636509529e-06
2015-06-17,2.1583943104585593e-06
2015-06-18,2.1288153693457097e-06
2015-06-19,3.3838393478709678e-06
2015-06-20,2.5597041422185017e-06
2015-06-21,1.8306821339904888e-06
2015-06-22,1.5492196991012174e-06
2015-06-23,2.4473415996607845e-06
2015-06-24,1.4071134262348312e-06
2015-06-25,1.8105422885286167e-06
2015-06-26,1.5646614779899716e-05
2015-06-27,1.2072349970634951e-05
2015-06-28,7.5931035613612205e-06
2015-06-29,4.522116877241389e-06
2015-06-30,6.339267429016839e-06
2015-07-01,7.734143430997106e-06
2015-07-02,3.570245687264311e-06
2015-07-03,2.359454320709275e-06
2015-07-04,2.602599095225703e-06
2015-07-05,2.4236857545998018e-06
2015-07-06,2.471244916488039e-06
2015-07-07,1.7422868583842269e-06
2015-07-08,2.547488084423687e-06
2015-07-09,2.7123300034213366e-06
2015-07-10,2.454390609732529e-06
2015-07-11,2.477097399653243e-06
2015-07-12,2.0294123384866006e-06
2015-07-13,1.821635708225584e-06
2015-07-14,2.072080554535171e-06
2015-07-15,2.3521199442447995e-06
2015-07-16,3.4317390420430632e-06
2015-07-17,1.5483875417653346e-06
2015-07-18,1.2805915919770982e-06
2015-07-19,2.105056056015151e-06
2015-07-20,1.9499166496911754e-06
2015-07-21,2.4972784692762343e-06
2015-07-22,1.5673252306064803e-06
2015-07-23,1.3384794649633346e-06
2015-07-24,1.7495648088755284e-06
2015-07-25,1.776816332841983e-06
2015-07-26,1.4933600989634587e-06
2015-07-27,1.568241260165607e-06
2015-07-28,1.1275440149656927e-06
2015-07-29,8.293975977913435e-07
2015-07-30,1.3071355440067709e-06
2015-07-31,1.8772810268143174e-06
2015-08-01,1.6815484859418055e-06
2015-08-02,1.7843654690651828e-06
2015-08-03,1.1568217136697644e-06
2015-08-04,1.745021255290697e-06
2015-08-05,1.5429088167931656e-06
2015-08-06,1.778111730425765e-06
2015-08-07,1.5511407856094464e-06
2015-08-08,1.263589709894018e-06
2015-08-09,1.6876756589081648e-06
2015-08-10,1.4955106554539395e-06
2015-08-11,1.6721607738439006e-06
2015-08-12,9.460190258035486e-07
2015-08-13,1.3577411655520443e-06
2015-08-14,1.6781923444786916e-06
2015-08-15,1.6520814264126105e-06
2015-08-16,1.26991347488329e-06
2015-08-17,1.2621849987437654e-06
2015-08-18,2.3260939374255574e-06
2015-08-19,1.6959865804138268e-06
2015-08-20,1.7391277731609732e-06
2015-08-21,1.9599185358977707e-06
2015-08-22,2.566171693800734e-06
2015-08-23,1.0295802922373572e-06
2015-08-24,1.413522587516705e-06
2015-08-25,1.2385945440632848e-06
2015-08-26,1.7017126734047342e-06
2015-08-27,1.5444178924109909e-06
2015-08-28,1.5638967097868146e-06
2015-08-29,9.32360900622426e-07
2015-08-30,1.2733226887947317e-06
2015-08-31,1.6504585655606274e-06
