date,multicultural
2007-10-15,0
2007-10-16,0
2007-10-17,0
2007-10-18,0
2007-10-19,0
2007-10-20,0
2007-10-21,0
2007-10-22,0
2007-10-23,0
2007-10-24,0
2007-10-25,0
2007-10-26,0
2007-10-27,0
2007-10-28,0
2007-10-29,0
2007-10-30,0
2007-10-31,0
2007-11-01,0
2007-11-02,0
2007-11-03,0
2007-11-04,0
2007-11-05,0
2007-11-06,0
2007-11-07,0
2007-11-08,0
2007-11-09,0
2007-11-10,0
2007-11-11,0
2007-11-12,0
2007-11-13,0
2007-11-14,0
2007-11-15,0
2007-11-16,0
2007-11-17,0
2007-11-18,0
2007-11-19,0
2007-11-20,0
2007-11-21,0
2007-11-22,0
2007-11-23,0
2007-11-24,0
2007-11-25,0
2007-11-26,0
2007-11-27,0
2007-11-28,0
2007-11-29,0
2007-11-30,0
2007-12-01,0
2007-12-02,0
2007-12-03,0
2007-12-04,0
2007-12-05,0
2007-12-06,0
2007-12-07,0
2007-12-08,0
2007-12-09,0
2007-12-10,0
2007-12-11,0
2007-12-12,0
2007-12-13,0
2007-12-14,0
2007-12-15,0
2007-12-16,0
2007-12-17,0
2007-12-18,0
2007-12-19,0
2007-12-20,0
2007-12-21,0
2007-12-22,0
2007-12-23,0
2007-12-24,0
2007-12-25,0
2007-12-26,0
2007-12-27,0
2007-12-28,0
2007-12-29,0
2007-12-30,0
2007-12-31,0
2008-01-01,0
2008-01-02,0
2008-01-03,0
2008-01-04,0
2008-01-05,0
2008-01-06,0
2008-01-07,0
2008-01-08,0
2008-01-09,0
2008-01-10,0
2008-01-11,0
2008-01-12,0
2008-01-13,0
2008-01-14,0
2008-01-15,0
2008-01-16,0
2008-01-17,0
2008-01-18,0
2008-01-19,0
2008-01-20,0
2008-01-21,0
2008-01-22,0
2008-01-23,0
2008-01-24,0
2008-01-25,0
2008-01-26,0
2008-01-27,0
2008-01-28,0
2008-01-29,0
2008-01-30,0
2008-01-31,0
2008-02-01,0
2008-02-02,0
2008-02-03,0
2008-02-04,0
2008-02-05,0
2008-02-06,0
2008-02-07,0
2008-02-08,0
2008-02-09,0
2008-02-10,0
2008-02-11,0
2008-02-12,0
2008-02-13,0
2008-02-14,0
2008-02-15,0
2008-02-16,0
2008-02-17,0
2008-02-18,0
2008-02-19,0
2008-02-20,0
2008-02-21,0
2008-02-22,0
2008-02-23,0
2008-02-24,0
2008-02-25,0
2008-02-26,0
2008-02-27,0
2008-02-28,0
2008-02-29,0
2008-03-01,0
2008-03-02,0
2008-03-03,0
2008-03-04,0
2008-03-05,0
2008-03-06,0
2008-03-07,0
2008-03-08,0
2008-03-09,0
2008-03-10,0
2008-03-11,0
2008-03-12,0
2008-03-13,0
2008-03-14,0
2008-03-15,0
2008-03-16,0
2008-03-17,0
2008-03-18,0
2008-03-19,0
2008-03-20,0
2008-03-21,0
2008-03-22,0
2008-03-23,0
2008-03-24,0
2008-03-25,0
2008-03-26,0
2008-03-27,0
2008-03-28,0
2008-03-29,0
2008-03-30,0
2008-03-31,0
2008-04-01,0
2008-04-02,0
2008-04-03,0
2008-04-04,0
2008-04-05,0
2008-04-06,0
2008-04-07,0
2008-04-08,0
2008-04-09,0
2008-04-10,0
2008-04-11,0
2008-04-12,0
2008-04-13,0
2008-04-14,0
2008-04-15,0
2008-04-16,0
2008-04-17,0
2008-04-18,0
2008-04-19,0
2008-04-20,0
2008-04-21,0
2008-04-22,0
2008-04-23,0
2008-04-24,0
2008-04-25,0
2008-04-26,0
2008-04-27,0
2008-04-28,0
2008-04-29,0
2008-04-30,0
2008-05-01,0
2008-05-02,0
2008-05-03,0
2008-05-04,0
2008-05-05,0
2008-05-06,0
2008-05-07,0
2008-05-08,0
2008-05-09,0
2008-05-10,0
2008-05-11,0
2008-05-12,0
2008-05-13,0
2008-05-14,0
2008-05-15,0
2008-05-16,0
2008-05-17,0
2008-05-18,0
2008-05-19,0
2008-05-20,0
2008-05-21,0
2008-05-22,0
2008-05-23,0
2008-05-24,0
2008-05-25,0
2008-05-26,0
2008-05-27,0
2008-05-28,0
2008-05-29,0
2008-05-30,0
2008-05-31,0
2008-06-01,0
2008-06-02,0
2008-06-03,7.5959905323574e-06
2008-06-04,0
2008-06-05,0
2008-06-06,0
2008-06-07,0
2008-06-08,0
2008-06-09,0
2008-06-10,0
2008-06-11,0
2008-06-12,0
2008-06-13,0
2008-06-14,0
2008-06-15,0
2008-06-16,0
2008-06-17,0
2008-06-18,0
2008-06-19,0
2008-06-20,0
2008-06-21,0
2008-06-22,1.294571000746536e-05
2008-06-23,0
2008-06-24,0
2008-06-25,0
2008-06-26,0
2008-06-27,0
2008-06-28,0
2008-06-29,0
2008-06-30,0
2008-07-01,0
2008-07-02,0
2008-07-03,0
2008-07-04,0
2008-07-05,0
2008-07-06,0
2008-07-07,0
2008-07-08,0
2008-07-09,0
2008-07-10,0
2008-07-11,0
2008-07-12,0
2008-07-13,0
2008-07-14,0
2008-07-15,0
2008-07-16,0
2008-07-17,0
2008-07-18,0
2008-07-19,0
2008-07-20,0
2008-07-21,0
2008-07-22,0
2008-07-23,0
2008-07-24,0
2008-07-25,0
2008-07-26,0
2008-07-27,0
2008-07-28,0
2008-07-29,0
2008-07-30,0
2008-07-31,0
2008-08-01,0
2008-08-02,0
2008-08-03,0
2008-08-04,0
2008-08-05,0
2008-08-06,0
2008-08-07,0
2008-08-08,0
2008-08-09,0
2008-08-10,0
2008-08-11,0
2008-08-12,0
2008-08-13,0
2008-08-14,0
2008-08-15,0
2008-08-16,0
2008-08-17,0
2008-08-18,0
2008-08-19,0
2008-08-20,0
2008-08-21,0
2008-08-22,0
2008-08-23,0
2008-08-24,0
2008-08-25,0
2008-08-26,0
2008-08-27,0
2008-08-28,0
2008-08-29,0
2008-08-30,0
2008-08-31,0
2008-09-01,0
2008-09-02,0
2008-09-03,0
2008-09-04,0
2008-09-05,0
2008-09-06,0
2008-09-07,0
2008-09-08,0
2008-09-09,0
2008-09-10,0
2008-09-11,0
2008-09-12,0
2008-09-13,0
2008-09-14,0
2008-09-15,6.888010591005085e-06
2008-09-16,0
2008-09-17,0
2008-09-18,0
2008-09-19,0
2008-09-20,0
2008-09-21,0
2008-09-22,0
2008-09-23,0
2008-09-24,0
2008-09-25,0
2008-09-26,0
2008-09-27,0
2008-09-28,1.1758665156331452e-05
2008-09-29,0
2008-09-30,0
2008-10-01,0
2008-10-02,0
2008-10-03,0
2008-10-04,0
2008-10-05,0
2008-10-06,0
2008-10-07,0
2008-10-08,0
2008-10-09,0
2008-10-10,0
2008-10-11,0
2008-10-12,0
2008-10-13,0
2008-10-14,0
2008-10-15,0
2008-10-16,0
2008-10-17,0
2008-10-18,0
2008-10-19,0
2008-10-20,0
2008-10-21,0
2008-10-22,0
2008-10-23,0
2008-10-24,0
2008-10-25,0
2008-10-26,0
2008-10-27,0
2008-10-28,0
2008-10-29,0
2008-10-30,0
2008-10-31,0
2008-11-01,0
2008-11-02,0
2008-11-03,0
2008-11-04,0
2008-11-05,0
2008-11-06,0
2008-11-07,0
2008-11-08,0
2008-11-09,0
2008-11-10,0
2008-11-11,0
2008-11-12,0
2008-11-13,0
2008-11-14,0
2008-11-15,0
2008-11-16,0
2008-11-17,0
2008-11-18,0
2008-11-19,0
2008-11-20,0
2008-11-21,0
2008-11-22,0
2008-11-23,0
2008-11-24,0
2008-11-25,0
2008-11-26,0
2008-11-27,0
2008-11-28,0
2008-11-29,0
2008-11-30,0
2008-12-01,0
2008-12-02,0
2008-12-03,0
2008-12-04,0
2008-12-05,0
2008-12-06,0
2008-12-07,0
2008-12-08,0
2008-12-09,0
2008-12-10,0
2008-12-11,0
2008-12-12,0
2008-12-13,0
2008-12-14,0
2008-12-15,0
2008-12-16,0
2008-12-17,0
2008-12-18,0
2008-12-19,0
2008-12-20,0
2008-12-21,0
2008-12-22,0
2008-12-23,0
2008-12-24,0
2008-12-25,0
2008-12-26,0
2008-12-27,0
2008-12-28,0
2008-12-29,0
2008-12-30,0
2008-12-31,0
2009-01-01,0
2009-01-02,0
2009-01-03,0
2009-01-04,0
2009-01-05,0
2009-01-06,6.620174129494389e-06
2009-01-07,0
2009-01-08,0
2009-01-09,0
2009-01-10,0
2009-01-11,0
2009-01-12,0
2009-01-13,0
2009-01-14,0
2009-01-15,0
2009-01-16,0
2009-01-17,0
2009-01-18,0
2009-01-19,0
2009-01-20,0
2009-01-21,0
2009-01-22,0
2009-01-23,0
2009-01-24,0
2009-01-25,0
2009-01-26,0
2009-01-27,0
2009-01-28,0
2009-01-29,0
2009-01-30,0
2009-01-31,0
2009-02-01,0
2009-02-02,0
2009-02-03,0
2009-02-04,0
2009-02-05,0
2009-02-06,0
2009-02-07,0
2009-02-08,0
2009-02-09,0
2009-02-10,0
2009-02-11,0
2009-02-12,0
2009-02-13,0
2009-02-14,0
2009-02-15,0
2009-02-16,0
2009-02-17,0
2009-02-18,0
2009-02-19,0
2009-02-20,0
2009-02-21,0
2009-02-22,0
2009-02-23,0
2009-02-24,0
2009-02-25,0
2009-02-26,0
2009-02-27,0
2009-02-28,0
2009-03-01,0
2009-03-02,0
2009-03-03,0
2009-03-04,0
2009-03-05,0
2009-03-06,0
2009-03-07,0
2009-03-08,0
2009-03-09,0
2009-03-10,0
2009-03-11,0
2009-03-12,0
2009-03-13,0
2009-03-14,0
2009-03-15,0
2009-03-16,0
2009-03-17,0
2009-03-18,0
2009-03-19,0
2009-03-20,0
2009-03-21,6.2131482643570325e-06
2009-03-22,0
2009-03-23,0
2009-03-24,0
2009-03-25,0
2009-03-26,0
2009-03-27,0
2009-03-28,0
2009-03-29,0
2009-03-30,0
2009-03-31,0
2009-04-01,0
2009-04-02,0
2009-04-03,0
2009-04-04,0
2009-04-05,0
2009-04-06,0
2009-04-07,0
2009-04-08,0
2009-04-09,0
2009-04-10,0
2009-04-11,0
2009-04-12,0
2009-04-13,0
2009-04-14,0
2009-04-15,0
2009-04-16,0
2009-04-17,0
2009-04-18,7.870029092874213e-06
2009-04-19,0
2009-04-20,0
2009-04-21,0
2009-04-22,0
2009-04-23,0
2009-04-24,0
2009-04-25,0
2009-04-26,0
2009-04-27,0
2009-04-28,0
2009-04-29,0
2009-04-30,0
2009-05-01,0
2009-05-02,0
2009-05-03,0
2009-05-04,0
2009-05-05,0
2009-05-06,0
2009-05-07,0
2009-05-08,0
2009-05-09,0
2009-05-10,0
2009-05-11,0
2009-05-12,0
2009-05-13,0
2009-05-14,0
2009-05-15,0
2009-05-16,0
2009-05-17,0
2009-05-18,0
2009-05-19,0
2009-05-20,0
2009-05-21,0
2009-05-22,0
2009-05-23,0
2009-05-24,0
2009-05-25,0
2009-05-26,0
2009-05-27,0
2009-05-28,0
2009-05-29,0
2009-05-30,0
2009-05-31,0
2009-06-01,0
2009-06-02,0
2009-06-03,0
2009-06-04,0
2009-06-05,0
2009-06-06,0
2009-06-07,0
2009-06-08,0
2009-06-09,0
2009-06-10,0
2009-06-11,0
2009-06-12,0
2009-06-13,0
2009-06-14,0
2009-06-15,0
2009-06-16,0
2009-06-17,0
2009-06-18,0
2009-06-19,0
2009-06-20,0
2009-06-21,0
2009-06-22,0
2009-06-23,0
2009-06-24,0
2009-06-25,3.2690464453042765e-06
2009-06-26,0
2009-06-27,0
2009-06-28,0
2009-06-29,0
2009-06-30,0
2009-07-01,0
2009-07-02,5.278639589005121e-06
2009-07-03,0
2009-07-04,0
2009-07-05,0
2009-07-06,5.152633897632623e-06
2009-07-07,0
2009-07-08,0
2009-07-09,0
2009-07-10,0
2009-07-11,0
2009-07-12,0
2009-07-13,0
2009-07-14,0
2009-07-15,0
2009-07-16,0
2009-07-17,0
2009-07-18,0
2009-07-19,0
2009-07-20,0
2009-07-21,0
2009-07-22,0
2009-07-23,0
2009-07-24,0
2009-07-25,0
2009-07-26,0
2009-07-27,0
2009-07-28,0
2009-07-29,0
2009-07-30,0
2009-07-31,0
2009-08-01,0
2009-08-02,0
2009-08-03,0
2009-08-04,0
2009-08-05,0
2009-08-06,0
2009-08-07,0
2009-08-08,0
2009-08-09,0
2009-08-10,0
2009-08-11,0
2009-08-12,0
2009-08-13,2.415416929947112e-06
2009-08-14,0
2009-08-15,0
2009-08-16,0
2009-08-17,0
2009-08-18,2.4514141963357242e-06
2009-08-19,0
2009-08-20,0
2009-08-21,0
2009-08-22,0
2009-08-23,0
2009-08-24,0
2009-08-25,0
2009-08-26,2.3408469839825205e-06
2009-08-27,0
2009-08-28,0
2009-08-29,0
2009-08-30,0
2009-08-31,0
2009-09-01,0
2009-09-02,0
2009-09-03,2.326473029663462e-06
2009-09-04,0
2009-09-05,0
2009-09-06,0
2009-09-07,0
2009-09-08,0
2009-09-09,0
2009-09-10,0
2009-09-11,0
2009-09-12,0
2009-09-13,0
2009-09-14,0
2009-09-15,0
2009-09-16,0
2009-09-17,0
2009-09-18,0
2009-09-19,0
2009-09-20,0
2009-09-21,2.198511519760661e-06
2009-09-22,0
2009-09-23,0
2009-09-24,0
2009-09-25,0
2009-09-26,0
2009-09-27,0
2009-09-28,0
2009-09-29,0
2009-09-30,0
2009-10-01,0
2009-10-02,0
2009-10-03,0
2009-10-04,0
2009-10-05,0
2009-10-06,2.444385145471471e-06
2009-10-07,0
2009-10-08,2.516779579186065e-06
2009-10-09,0
2009-10-10,0
2009-10-11,0
2009-10-12,0
2009-10-13,0
2009-10-14,2.674600806277517e-06
2009-10-15,0
2009-10-16,0
2009-10-17,0
2009-10-18,0
2009-10-19,0
2009-10-20,0
2009-10-21,0
2009-10-22,1.940160785004575e-06
2009-10-23,1.8492738271535534e-06
2009-10-24,0
2009-10-25,2.8237181025743836e-06
2009-10-26,0
2009-10-27,0
2009-10-28,0
2009-10-29,0
2009-10-30,0
2009-10-31,0
2009-11-01,0
2009-11-02,0
2009-11-03,2.122934013691226e-06
2009-11-04,0
2009-11-05,0
2009-11-06,0
2009-11-07,0
2009-11-08,0
2009-11-09,0
2009-11-10,0
2009-11-11,0
2009-11-12,0
2009-11-13,0
2009-11-14,8.293070476171521e-06
2009-11-15,0
2009-11-16,2.478655676307398e-06
2009-11-17,2.1029291279237022e-06
2009-11-18,3.195915619837847e-06
2009-11-19,0
2009-11-20,2.0206592198638884e-06
2009-11-21,0
2009-11-22,0
2009-11-23,0
2009-11-24,0
2009-11-25,2.7581120014121532e-06
2009-11-26,0
2009-11-27,0
2009-11-28,0
2009-11-29,3.561114058922193e-06
2009-11-30,0
2009-12-01,0
2009-12-02,1.8205810129421462e-06
2009-12-03,4.3850866127690795e-06
2009-12-04,2.3342207262460945e-06
2009-12-05,0
2009-12-06,0
2009-12-07,0
2009-12-08,3.60798128756585e-06
2009-12-09,0
2009-12-10,0
2009-12-11,0
2009-12-12,0
2009-12-13,0
2009-12-14,0
2009-12-15,0
2009-12-16,1.7529811196921485e-06
2009-12-17,0
2009-12-18,0
2009-12-19,0
2009-12-20,0
2009-12-21,0
2009-12-22,0
2009-12-23,0
2009-12-24,0
2009-12-25,0
2009-12-26,0
2009-12-27,0
2009-12-28,0
2009-12-29,0
2009-12-30,0
2009-12-31,0
2010-01-01,0
2010-01-02,2.1272857153189675e-06
2010-01-03,0
2010-01-04,0
2010-01-05,2.6942857903030634e-06
2010-01-06,0
2010-01-07,1.6151441080027483e-06
2010-01-08,0
2010-01-09,0
2010-01-10,0
2010-01-11,0
2010-01-12,0
2010-01-13,2.7358948376742295e-06
2010-01-14,0
2010-01-15,0
2010-01-16,0
2010-01-17,0
2010-01-18,1.7005362471001605e-06
2010-01-19,0
2010-01-20,0
2010-01-21,0
2010-01-22,0
2010-01-23,0
2010-01-24,0
2010-01-25,4.756630187541244e-06
2010-01-26,0
2010-01-27,0
2010-01-28,0
2010-01-29,0
2010-01-30,0
2010-01-31,0
2010-02-01,0
2010-02-02,2.0580124303950795e-06
2010-02-03,0
2010-02-04,2.248907833974058e-06
2010-02-05,0
2010-02-06,2.1995270137109714e-06
2010-02-07,0
2010-02-08,2.5276541158107923e-06
2010-02-09,0
2010-02-10,0
2010-02-11,1.4630552221415265e-06
2010-02-12,2.2846176692330536e-06
2010-02-13,0
2010-02-14,0
2010-02-15,0
2010-02-16,1.8221054185163566e-06
2010-02-17,0
2010-02-18,0
2010-02-19,0
2010-02-20,0
2010-02-21,0
2010-02-22,0
2010-02-23,0
2010-02-24,0
2010-02-25,0
2010-02-26,0
2010-02-27,0
2010-02-28,0
2010-03-01,1.9518599761677896e-06
2010-03-02,0
2010-03-03,0
2010-03-04,1.7154257372185057e-06
2010-03-05,0
2010-03-06,0
2010-03-07,0
2010-03-08,2.149268542507312e-06
2010-03-09,0
2010-03-10,0
2010-03-11,0
2010-03-12,0
2010-03-13,0
2010-03-14,4.043797562641457e-06
2010-03-15,0
2010-03-16,0
2010-03-17,0
2010-03-18,0
2010-03-19,0
2010-03-20,0
2010-03-21,0
2010-03-22,1.399535466188063e-06
2010-03-23,0
2010-03-24,0
2010-03-25,0
2010-03-26,0
2010-03-27,0
2010-03-28,2.665586215720561e-06
2010-03-29,0
2010-03-30,0
2010-03-31,0
2010-04-01,3.0790286588289993e-06
2010-04-02,0
2010-04-03,0
2010-04-04,0
2010-04-05,1.5398066187663623e-06
2010-04-06,2.894098008050223e-06
2010-04-07,0
2010-04-08,1.4373474615006482e-06
2010-04-09,1.60974777398712e-06
2010-04-10,0
2010-04-11,0
2010-04-12,0
2010-04-13,0
2010-04-14,0
2010-04-15,0
2010-04-16,0
2010-04-17,0
2010-04-18,0
2010-04-19,1.519505127570053e-06
2010-04-20,0
2010-04-21,0
2010-04-22,0
2010-04-23,2.3621968194200924e-06
2010-04-24,4.585572621296733e-06
2010-04-25,0
2010-04-26,0
2010-04-27,1.6093319797063237e-06
2010-04-28,1.863074162860894e-06
2010-04-29,1.6202067869922237e-06
2010-04-30,1.7807488583173883e-06
2010-05-01,0
2010-05-02,0
2010-05-03,2.547218352651626e-06
2010-05-04,1.7775739492982583e-06
2010-05-05,3.351198947276704e-06
2010-05-06,2.64682745967029e-06
2010-05-07,0
2010-05-08,0
2010-05-09,0
2010-05-10,0
2010-05-11,0
2010-05-12,1.915526905354089e-06
2010-05-13,0
2010-05-14,2.077849912151474e-06
2010-05-15,0
2010-05-16,0
2010-05-17,0
2010-05-18,0
2010-05-19,0
2010-05-20,1.930416217040556e-06
2010-05-21,0
2010-05-22,1.8892313435570977e-06
2010-05-23,0
2010-05-24,0
2010-05-25,0
2010-05-26,1.5862910611441176e-06
2010-05-27,0
2010-05-28,0
2010-05-29,0
2010-05-30,0
2010-05-31,0
2010-06-01,0
2010-06-02,0
2010-06-03,0
2010-06-04,2.296726908962849e-06
2010-06-05,0
2010-06-06,0
2010-06-07,2.03612848203422e-06
2010-06-08,0
2010-06-09,0
2010-06-10,1.5743130878419474e-06
2010-06-11,0
2010-06-12,2.375113560117093e-06
2010-06-13,0
2010-06-14,0
2010-06-15,0
2010-06-16,0
2010-06-17,0
2010-06-18,0
2010-06-19,0
2010-06-20,0
2010-06-21,0
2010-06-22,0
2010-06-23,1.3047570659771287e-06
2010-06-24,0
2010-06-25,0
2010-06-26,3.223732401555272e-06
2010-06-27,0
2010-06-28,0
2010-06-29,1.3072797704207558e-06
2010-06-30,0
2010-07-01,0
2010-07-02,0
2010-07-03,0
2010-07-04,0
2010-07-05,1.904482580650076e-06
2010-07-06,1.4242877137143714e-06
2010-07-07,0
2010-07-08,2.652271743082634e-06
2010-07-09,1.1751731970257776e-06
2010-07-10,0
2010-07-11,0
2010-07-12,1.159982730177113e-06
2010-07-13,0
2010-07-14,0
2010-07-15,2.6060833368986e-06
2010-07-16,3.162551497893862e-06
2010-07-17,1.6904273129778838e-06
2010-07-18,0
2010-07-19,0
2010-07-20,1.1577944109095726e-06
2010-07-21,0
2010-07-22,2.30148961613915e-06
2010-07-23,0
2010-07-24,2.881344320005942e-06
2010-07-25,0
2010-07-26,0
2010-07-27,1.3732935601360345e-06
2010-07-28,0
2010-07-29,1.4394868517270963e-06
2010-07-30,0
2010-07-31,0
2010-08-01,0
2010-08-02,3.8218722179955145e-06
2010-08-03,0
2010-08-04,1.3618696472848404e-06
2010-08-05,0
2010-08-06,0
2010-08-07,0
2010-08-08,2.2196847350061087e-06
2010-08-09,0
2010-08-10,0
2010-08-11,0
2010-08-12,0
2010-08-13,0
2010-08-14,5.3944906741056695e-06
2010-08-15,1.7739439563799007e-06
2010-08-16,3.449787374511289e-06
2010-08-17,1.284411800404975e-06
2010-08-18,1.1476955650288897e-06
2010-08-19,0
2010-08-20,0
2010-08-21,2.196130105022079e-06
2010-08-22,0
2010-08-23,0
2010-08-24,0
2010-08-25,0
2010-08-26,3.8103776756696176e-06
2010-08-27,1.3916761068695916e-06
2010-08-28,0
2010-08-29,1.7356480707403869e-06
2010-08-30,0
2010-08-31,1.6501520821412704e-06
2010-09-01,0
2010-09-02,1.1015147149147735e-06
2010-09-03,1.5883327430029972e-06
2010-09-04,1.5218305064317123e-06
2010-09-05,0
2010-09-06,1.4647586395126454e-06
2010-09-07,1.4624996291518798e-06
2010-09-08,0
2010-09-09,0
2010-09-10,2.127112408744219e-06
2010-09-11,1.7618966935365702e-06
2010-09-12,0
2010-09-13,0
2010-09-14,1.1457109451485157e-06
2010-09-15,3.0778807713630896e-06
2010-09-16,1.1040799618871596e-06
2010-09-17,0
2010-09-18,0
2010-09-19,0
2010-09-20,4.305225624154977e-06
2010-09-21,0
2010-09-22,0
2010-09-23,0
2010-09-24,1.8048778629123068e-06
2010-09-25,0
2010-09-26,0
2010-09-27,0
2010-09-28,0
2010-09-29,9.516803343824023e-07
2010-09-30,0
2010-10-01,2.009980760464161e-06
2010-10-02,0
2010-10-03,1.2706170319605925e-06
2010-10-04,1.516708275030345e-06
2010-10-05,0
2010-10-06,0
2010-10-07,2.443543800146688e-06
2010-10-08,1.7446519632568542e-06
2010-10-09,2.7096452532434453e-06
2010-10-10,1.6391682532449385e-06
2010-10-11,0
2010-10-12,0
2010-10-13,0
2010-10-14,0
2010-10-15,0
2010-10-16,1.7884507979300981e-06
2010-10-17,8.879951429202811e-06
2010-10-18,3.7889681845754355e-06
2010-10-19,1.0316872419492285e-06
2010-10-20,2.0731715533911644e-06
2010-10-21,1.7255880200016358e-06
2010-10-22,0
2010-10-23,1.6111716493940115e-06
2010-10-24,0
2010-10-25,0
2010-10-26,1.0147136866949726e-06
2010-10-27,0
2010-10-28,1.0858175935024676e-06
2010-10-29,9.635823679843976e-07
2010-10-30,1.6166680632882436e-06
2010-10-31,1.865461827054633e-06
2010-11-01,2.0416848948912776e-06
2010-11-02,0
2010-11-03,1.0795432113387816e-06
2010-11-04,1.951939031834987e-06
2010-11-05,0
2010-11-06,0
2010-11-07,1.934201474592222e-06
2010-11-08,1.185770416213886e-06
2010-11-09,0
2010-11-10,1.3648040982944044e-06
2010-11-11,8.09637274404694e-07
2010-11-12,1.3310618762415272e-06
2010-11-13,0
2010-11-14,0
2010-11-15,0
2010-11-16,1.1503695490278155e-06
2010-11-17,7.652259298948978e-07
2010-11-18,2.4699431079479375e-06
2010-11-19,0
2010-11-20,0
2010-11-21,1.1629197006272556e-06
2010-11-22,0
2010-11-23,1.1080755118636105e-06
2010-11-24,0
2010-11-25,0
2010-11-26,0
2010-11-27,0
2010-11-28,2.0597712665203954e-06
2010-11-29,1.2045557675764907e-06
2010-11-30,0
2010-12-01,0
2010-12-02,1.4712858597028045e-06
2010-12-03,1.150317208186709e-06
2010-12-04,0
2010-12-05,1.5776640632580182e-06
2010-12-06,8.50140902353156e-07
2010-12-07,1.3760552623793371e-06
2010-12-08,1.0676379121272991e-06
2010-12-09,0
2010-12-10,0
2010-12-11,1.6323322579664445e-06
2010-12-12,2.1978584067684447e-06
2010-12-13,0
2010-12-14,9.114288622177799e-07
2010-12-15,1.2979257272097581e-06
2010-12-16,0
2010-12-17,1.2622314168768544e-06
2010-12-18,0
2010-12-19,1.220756026414719e-06
2010-12-20,0
2010-12-21,0
2010-12-22,0
2010-12-23,1.257751567832249e-06
2010-12-24,1.6644600681762844e-06
2010-12-25,2.005308337642359e-06
2010-12-26,2.0032878962597364e-06
2010-12-27,1.0674261047593328e-06
2010-12-28,0
2010-12-29,7.591709367501289e-07
2010-12-30,1.169094486216376e-06
2010-12-31,0
2011-01-01,0
2011-01-02,1.4538053354655811e-06
2011-01-03,0
2011-01-04,0
2011-01-05,8.780038523882363e-07
2011-01-06,0
2011-01-07,1.6528326866395887e-06
2011-01-08,2.2225897727161175e-06
2011-01-09,9.821730677340925e-07
2011-01-10,0
2011-01-11,7.302374381634937e-07
2011-01-12,0
2011-01-13,0
2011-01-14,1.0192606778112629e-06
2011-01-15,1.9831365962673006e-06
2011-01-16,1.6744077015312458e-06
2011-01-17,9.513267916932048e-07
2011-01-18,1.5200368213719609e-06
2011-01-19,1.5076729588712299e-06
2011-01-20,1.6529690630310162e-06
2011-01-21,1.9476726285924634e-06
2011-01-22,0
2011-01-23,0
2011-01-24,7.349185526514024e-07
2011-01-25,0
2011-01-26,1.0961264535321852e-06
2011-01-27,1.741313638302167e-06
2011-01-28,1.282964526173403e-06
2011-01-29,0
2011-01-30,9.995096405703362e-07
2011-01-31,0
2011-02-01,0
2011-02-02,0
2011-02-03,9.62412432498798e-07
2011-02-04,1.1222094508552219e-06
2011-02-05,1.8405396904101808e-06
2011-02-06,1.7281472326141476e-06
2011-02-07,8.528549461464744e-07
2011-02-08,2.020302306492559e-06
2011-02-09,0
2011-02-10,6.827130634823472e-07
2011-02-11,2.9404746484772827e-06
2011-02-12,1.2851726510119173e-06
2011-02-13,3.3355564199176453e-06
2011-02-14,1.188654471368954e-06
2011-02-15,1.0712038577264529e-06
2011-02-16,1.2699281714515913e-06
2011-02-17,1.1393615094058724e-06
2011-02-18,6.864621293258956e-07
2011-02-19,2.7131161803375767e-06
2011-02-20,0
2011-02-21,7.991731222095539e-07
2011-02-22,1.11161614165448e-06
2011-02-23,3.2853092720651795e-06
2011-02-24,0
2011-02-25,6.97369619427267e-07
2011-02-26,0
2011-02-27,2.284028765710855e-06
2011-02-28,7.759730799419106e-07
2011-03-01,8.659774887914678e-07
2011-03-02,1.009150344605921e-06
2011-03-03,3.529493328627342e-06
2011-03-04,0
2011-03-05,1.2185307895748773e-06
2011-03-06,8.153483787938975e-07
2011-03-07,1.2486439726457068e-06
2011-03-08,1.0179563686086179e-06
2011-03-09,8.992607049278973e-07
2011-03-10,7.293014228306109e-07
2011-03-11,9.498381000958386e-07
2011-03-12,1.0590228748940978e-06
2011-03-13,8.644113712970129e-07
2011-03-14,9.464379231366214e-07
2011-03-15,1.014844382493833e-06
2011-03-16,1.5655934740845355e-06
2011-03-17,8.822166646493312e-07
2011-03-18,9.747493954116875e-07
2011-03-19,1.8328455825763833e-06
2011-03-20,1.101906692115464e-06
2011-03-21,2.187658363945537e-06
2011-03-22,1.011492834458324e-06
2011-03-23,0
2011-03-24,6.266325344102724e-07
2011-03-25,7.71694056232317e-07
2011-03-26,9.67370434031705e-07
2011-03-27,1.6120982167614365e-06
2011-03-28,7.690365382076578e-07
2011-03-29,9.407529104249181e-07
2011-03-30,1.9056117471055028e-06
2011-03-31,7.910645566689643e-07
2011-04-01,0
2011-04-02,0
2011-04-03,7.832924350243259e-07
2011-04-04,1.3373109011992274e-06
2011-04-05,7.824750625197575e-07
2011-04-06,9.067678317310934e-07
2011-04-07,1.9009383031464332e-06
2011-04-08,9.75212059862417e-07
2011-04-09,8.569115399934327e-07
2011-04-10,8.112922798886971e-07
2011-04-11,1.2154369240500206e-06
2011-04-12,2.2484923577679623e-06
2011-04-13,1.6872636565433096e-06
2011-04-14,2.0784060196180742e-06
2011-04-15,0
2011-04-16,0
2011-04-17,1.367049845675262e-06
2011-04-18,1.1681278193495e-06
2011-04-19,5.729572212949864e-07
2011-04-20,6.793053695013627e-07
2011-04-21,1.9402202615649737e-06
2011-04-22,0
2011-04-23,1.1786452382227242e-06
2011-04-24,0
2011-04-25,1.7003638292776418e-06
2011-04-26,5.695832518829283e-07
2011-04-27,0
2011-04-28,1.0092586019951698e-06
2011-04-29,1.4995601098093263e-06
2011-04-30,0
2011-05-01,9.296825320089696e-07
2011-05-02,0
2011-05-03,1.0277528674590488e-06
2011-05-04,7.873973233890301e-07
2011-05-05,9.001740711610107e-07
2011-05-06,0
2011-05-07,0
2011-05-08,1.2649121281355987e-06
2011-05-09,5.864210453846494e-07
2011-05-10,1.3395039816755856e-06
2011-05-11,1.448357907510538e-06
2011-05-12,6.904192363687078e-07
2011-05-13,0
2011-05-14,7.828490915897426e-07
2011-05-15,8.878780233171567e-07
2011-05-16,7.073782498872616e-07
2011-05-17,1.412089243605707e-06
2011-05-18,8.572751530691576e-07
2011-05-19,6.797319454415419e-07
2011-05-20,5.828058066574374e-07
2011-05-21,0
2011-05-22,0
2011-05-23,5.738772894260584e-07
2011-05-24,1.1226798163091697e-06
2011-05-25,9.648428421096868e-07
2011-05-26,5.282689387584159e-07
2011-05-27,6.738809364698747e-07
2011-05-28,1.0700870317069845e-06
2011-05-29,1.0352874778873687e-06
2011-05-30,1.4873280327666478e-06
2011-05-31,1.0352949653709364e-06
2011-06-01,0
2011-06-02,5.120039846198099e-07
2011-06-03,1.411521093947668e-06
2011-06-04,2.374209555154743e-06
2011-06-05,1.0959983592904561e-06
2011-06-06,7.106500864556591e-07
2011-06-07,8.581266789486842e-07
2011-06-08,1.3514497097568683e-06
2011-06-09,0
2011-06-10,1.2086176194254297e-06
2011-06-11,0
2011-06-12,6.665217204098682e-07
2011-06-13,6.167907718231883e-07
2011-06-14,7.243851961743769e-07
2011-06-15,9.521668508633439e-07
2011-06-16,9.562626501595332e-07
2011-06-17,1.2361837154428706e-06
2011-06-18,1.8050747037108725e-06
2011-06-19,9.65679741970373e-07
2011-06-20,0
2011-06-21,2.0801225210252908e-06
2011-06-22,6.031748106156756e-07
2011-06-23,5.846876160239488e-07
2011-06-24,9.084621087835681e-07
2011-06-25,7.241904673070731e-07
2011-06-26,2.0233447739027837e-06
2011-06-27,9.38594146572322e-07
2011-06-28,8.727447064639546e-07
2011-06-29,0
2011-06-30,1.384168161403499e-06
2011-07-01,1.3496204023915724e-06
2011-07-02,1.0070232679919093e-06
2011-07-03,1.5200563139408233e-06
2011-07-04,1.2640893822433112e-06
2011-07-05,6.063828464803367e-07
2011-07-06,1.0692727370640842e-06
2011-07-07,0
2011-07-08,2.6306483688209485e-06
2011-07-09,9.251747721228452e-07
2011-07-10,9.106559363644039e-07
2011-07-11,1.8849859092067215e-06
2011-07-12,8.622829669700593e-07
2011-07-13,6.665869936498067e-07
2011-07-14,1.251065571041181e-06
2011-07-15,9.226040766593777e-07
2011-07-16,1.7571124533047365e-06
2011-07-17,7.904756120487981e-07
2011-07-18,3.509093425713467e-06
2011-07-19,1.7580104478560916e-06
2011-07-20,5.495414351494395e-07
2011-07-21,9.409802153263846e-07
2011-07-22,1.4041071538356849e-06
2011-07-23,3.846768088155019e-06
2011-07-24,2.7821850117623197e-06
2011-07-25,3.2977944253889046e-06
2011-07-26,2.8503333188977745e-06
2011-07-27,2.281371805292399e-06
2011-07-28,1.4555168135389264e-06
2011-07-29,6.314974889404491e-07
2011-07-30,1.2053608181314232e-06
2011-07-31,7.514327944808765e-07
2011-08-01,8.683892672991609e-07
2011-08-02,9.637724929167102e-07
2011-08-03,1.4987527291625985e-06
2011-08-04,1.0290274053151151e-06
2011-08-05,1.7606256841131174e-06
2011-08-06,6.975765956541443e-07
2011-08-07,1.9577550998080825e-06
2011-08-08,2.003989332851911e-06
2011-08-09,2.990903125416857e-06
2011-08-10,1.8502691552898942e-06
2011-08-11,1.3235134517495525e-06
2011-08-12,8.384974996843057e-07
2011-08-13,1.7569313577460118e-06
2011-08-14,8.409470072437974e-07
2011-08-15,8.196083091890385e-07
2011-08-16,1.311183617744084e-06
2011-08-17,6.866109407505396e-07
2011-08-18,1.4416940481743667e-06
2011-08-19,1.3530264071855173e-06
2011-08-20,9.234892610319738e-07
2011-08-21,1.5235403857364843e-06
2011-08-22,1.1418740771132158e-06
2011-08-23,1.23524459160508e-06
2011-08-24,1.4772568487365457e-06
2011-08-25,6.140516778874377e-07
2011-08-26,9.173628533360634e-07
2011-08-27,1.1554559706569646e-06
2011-08-28,2.588560565620742e-06
2011-08-29,3.163704448647804e-06
2011-08-30,1.459508446677087e-06
2011-08-31,1.3397776638966763e-06
2011-09-01,8.06411436849562e-07
2011-09-02,1.7185524795275175e-06
2011-09-03,1.0923905048446305e-06
2011-09-04,1.3858046715244509e-06
2011-09-05,5.17304133653179e-07
2011-09-06,8.960794284805405e-07
2011-09-07,9.10933554519042e-07
2011-09-08,9.743931114304594e-07
2011-09-09,9.41880574166973e-07
2011-09-10,1.661476214971097e-06
2011-09-11,9.873399974394983e-07
2011-09-12,1.7902649992877303e-06
2011-09-13,8.139794126698989e-07
2011-09-14,5.077738053880725e-07
2011-09-15,7.873083789819105e-07
2011-09-16,0
2011-09-17,0
2011-09-18,9.5979442483146e-07
2011-09-19,6.987053949751029e-07
2011-09-20,0
2011-09-21,9.380436655915265e-07
2011-09-22,9.806455704198724e-07
2011-09-23,7.819420730361698e-07
2011-09-24,1.326310519134516e-06
2011-09-25,9.85170124650292e-07
2011-09-26,9.94381248753916e-07
2011-09-27,6.771674776625022e-07
2011-09-28,5.415505427574268e-07
2011-09-29,6.019952228669089e-07
2011-09-30,4.0036574211273483e-07
2011-10-01,7.272404642412227e-07
2011-10-02,2.5942959311446957e-06
2011-10-03,1.1306094582587872e-06
2011-10-04,7.144174222404859e-07
2011-10-05,4.3054974313402324e-07
2011-10-06,1.2081790824250378e-06
2011-10-07,4.1088250247823783e-07
2011-10-08,0
2011-10-09,8.353443378115795e-07
2011-10-10,4.909555754756234e-07
2011-10-11,6.4284924499499e-07
2011-10-12,9.389861261188381e-07
2011-10-13,7.406405622469138e-07
2011-10-14,1.1631119509985587e-06
2011-10-15,1.2799479829139744e-06
2011-10-16,1.1296310121914913e-06
2011-10-17,5.562285921520596e-07
2011-10-18,8.200333246633446e-07
2011-10-19,5.348069556992658e-07
2011-10-20,9.158328962139239e-07
2011-10-21,1.1691091435090827e-06
2011-10-22,7.069797994661898e-07
2011-10-23,9.330818864265791e-07
2011-10-24,6.785680465021174e-07
2011-10-25,5.852055644271094e-07
2011-10-26,1.9672387303216405e-06
2011-10-27,6.637183804563551e-07
2011-10-28,1.1979345691332831e-06
2011-10-29,6.396653952961565e-07
2011-10-30,0
2011-10-31,1.072112514414759e-06
2011-11-01,1.1298296262116859e-06
2011-11-02,5.595009307647672e-07
2011-11-03,8.364691632854725e-07
2011-11-04,6.563218672444632e-07
2011-11-05,1.485585659463359e-06
2011-11-06,6.256986595925772e-07
2011-11-07,1.9297223701278977e-06
2011-11-08,1.0507028571692747e-06
2011-11-09,1.2040644114965203e-06
2011-11-10,8.675102866839557e-07
2011-11-11,9.40445920127586e-07
2011-11-12,7.743893939628603e-07
2011-11-13,9.189656123067875e-07
2011-11-14,7.59940015401451e-07
2011-11-15,1.0035571081699083e-06
2011-11-16,6.61677666077602e-07
2011-11-17,9.909890077375715e-07
2011-11-18,3.7729635768660585e-07
2011-11-19,8.074456175283524e-07
2011-11-20,1.3478361789845576e-06
2011-11-21,8.950181054704252e-07
2011-11-22,7.789814378637666e-07
2011-11-23,6.215767148038984e-07
2011-11-24,6.016973883324859e-07
2011-11-25,1.3922838699736811e-06
2011-11-26,5.796618677748771e-07
2011-11-27,1.1969266606206525e-06
2011-11-28,1.4092050310993008e-06
2011-11-29,1.6471841025386598e-06
2011-11-30,8.755844947456512e-07
2011-12-01,6.665546410499942e-07
2011-12-02,6.778316842253316e-07
2011-12-03,8.980160042616247e-07
2011-12-04,1.4222999746208347e-06
2011-12-05,7.712353879815304e-07
2011-12-06,7.880020903068782e-07
2011-12-07,1.2035210693814252e-06
2011-12-08,9.986553438679932e-07
2011-12-09,1.5268258442757008e-06
2011-12-10,1.0356264928320524e-06
2011-12-11,5.225600495526276e-07
2011-12-12,1.423187408947138e-06
2011-12-13,1.8692838856513354e-06
2011-12-14,8.040611520668593e-07
2011-12-15,1.3214248381550156e-06
2011-12-16,1.4965002471096032e-06
2011-12-17,2.345621916240187e-06
2011-12-18,1.1840206755511935e-06
2011-12-19,1.0341088238511587e-06
2011-12-20,8.035074708115867e-07
2011-12-21,1.941371584776857e-06
2011-12-22,2.276252293048832e-06
2011-12-23,9.533991221100884e-07
2011-12-24,1.069921302424928e-06
2011-12-25,1.8576445206801115e-06
2011-12-26,9.043054888630257e-07
2011-12-27,4.4320743607526817e-07
2011-12-28,1.0422779916609422e-06
2011-12-29,1.138852287441762e-06
2011-12-30,1.021554657333354e-06
2011-12-31,7.984986096808375e-07
2012-01-01,1.2340289657448985e-06
2012-01-02,5.937477177822097e-07
2012-01-03,1.6803919964676816e-06
2012-01-04,7.838508436358007e-07
2012-01-05,6.186949570297792e-07
2012-01-06,8.160245118698298e-07
2012-01-07,1.944656218406933e-06
2012-01-08,1.2702341351130583e-06
2012-01-09,1.0553746381306608e-06
2012-01-10,6.539119360150738e-07
2012-01-11,1.0587535271197364e-06
2012-01-12,6.127238854782294e-07
2012-01-13,6.991857981380682e-07
2012-01-14,6.955900748570853e-07
2012-01-15,9.124462227007496e-07
2012-01-16,5.993946114424432e-07
2012-01-17,8.411234886437815e-07
2012-01-18,1.8076329107288437e-06
2012-01-19,1.1643780587612292e-06
2012-01-20,8.234537881534644e-07
2012-01-21,1.3472508039719173e-06
2012-01-22,7.540869059520155e-07
2012-01-23,1.5694366458869231e-06
2012-01-24,6.441678361728935e-07
2012-01-25,1.0210552401696104e-06
2012-01-26,1.0815666492914987e-06
2012-01-27,8.683678944789108e-07
2012-01-28,9.936898212128432e-07
2012-01-29,6.048696151698534e-07
2012-01-30,5.303984305864038e-07
2012-01-31,6.712482717454653e-07
2012-02-01,8.099156819923926e-07
2012-02-02,1.4713516937229606e-06
2012-02-03,1.0796330340018992e-06
2012-02-04,9.420750994006989e-07
2012-02-05,7.555620701796273e-07
2012-02-06,7.984018607698932e-07
2012-02-07,8.210422547571872e-07
2012-02-08,1.0534860991677515e-06
2012-02-09,6.081950758945349e-07
2012-02-10,1.1047722416890592e-06
2012-02-11,7.691041037010751e-07
2012-02-12,9.04475071310322e-07
2012-02-13,7.085714650122467e-07
2012-02-14,8.729904777690646e-07
2012-02-15,1.123865073727915e-06
2012-02-16,5.701741882144996e-07
2012-02-17,1.2542033842546179e-06
2012-02-18,9.772604522891674e-07
2012-02-19,7.19668549452864e-07
2012-02-20,7.076486136070021e-07
2012-02-21,1.0466078914932758e-06
2012-02-22,5.484909314154873e-07
2012-02-23,9.952830219977453e-07
2012-02-24,8.114597593048062e-07
2012-02-25,6.074589120486818e-07
2012-02-26,7.934833949893976e-07
2012-02-27,4.1360395400653125e-07
2012-02-28,7.374043536920277e-07
2012-02-29,9.520874854148598e-07
2012-03-01,1.1520590665291647e-06
2012-03-02,9.574085001880462e-07
2012-03-03,9.356611334786103e-07
2012-03-04,6.112794506798344e-07
2012-03-05,7.970447053791689e-07
2012-03-06,9.380014460464793e-07
2012-03-07,7.684526767925873e-07
2012-03-08,7.201726974128396e-07
2012-03-09,1.127006988132053e-06
2012-03-10,1.167006758369539e-06
2012-03-11,1.3336656514333023e-06
2012-03-12,6.497635599009642e-07
2012-03-13,8.299754371535959e-07
2012-03-14,9.231230082178718e-07
2012-03-15,5.690776628253545e-07
2012-03-16,1.0952877193055048e-06
2012-03-17,6.548021429382331e-07
2012-03-18,2.3356534408658134e-06
2012-03-19,2.8128219912048916e-06
2012-03-20,1.2301021197231555e-06
2012-03-21,1.3488049534160537e-06
2012-03-22,7.358936545361957e-07
2012-03-23,1.150681050716785e-06
2012-03-24,1.176079299734159e-06
2012-03-25,1.56090627921378e-06
2012-03-26,9.434946074565711e-07
2012-03-27,6.78821859755717e-07
2012-03-28,1.055523881043092e-06
2012-03-29,8.474669636190907e-07
2012-03-30,1.1306287788440362e-06
2012-03-31,1.8753787385968182e-06
2012-04-01,0
2012-04-02,1.0941274169730528e-06
2012-04-03,1.1175431930444112e-06
2012-04-04,1.2422787201382077e-06
2012-04-05,7.958109783397759e-07
2012-04-06,7.086931132038031e-07
2012-04-07,1.7027949157505198e-06
2012-04-08,1.289640319314943e-06
2012-04-09,7.702371983964322e-07
2012-04-10,1.2602533424281616e-06
2012-04-11,1.1229569457286138e-06
2012-04-12,5.086384354363108e-07
2012-04-13,6.344934093583336e-07
2012-04-14,8.162681146900235e-07
2012-04-15,9.768811947699865e-07
2012-04-16,1.2682613115037378e-06
2012-04-17,1.2808240151744147e-06
2012-04-18,4.935887023074235e-07
2012-04-19,1.1061342889260975e-06
2012-04-20,1.7468817478425328e-06
2012-04-21,6.508139476949508e-07
2012-04-22,8.859690378355804e-07
2012-04-23,5.118318112478931e-07
2012-04-24,1.1518927541770152e-06
2012-04-25,9.185115414117455e-07
2012-04-26,1.6620451737834434e-06
2012-04-27,1.2447954583222772e-06
2012-04-28,1.1511375947995666e-06
2012-04-29,4.680059749654244e-07
2012-04-30,7.883768445521636e-07
2012-05-01,5.846629746823879e-07
2012-05-02,9.456457481473972e-07
2012-05-03,5.882876344145325e-07
2012-05-04,5.69657513616886e-07
2012-05-05,1.2647983159632023e-06
2012-05-06,5.797353508123542e-07
2012-05-07,5.461895088912204e-07
2012-05-08,1.2921652669804873e-06
2012-05-09,1.337758255425637e-06
2012-05-10,1.4393193865600922e-06
2012-05-11,8.046324514061006e-07
2012-05-12,1.4091799052072862e-06
2012-05-13,4.610869915042087e-07
2012-05-14,7.737144244818099e-07
2012-05-15,6.948258059296931e-07
2012-05-16,1.016786122089577e-06
2012-05-17,1.789865193670784e-06
2012-05-18,9.643003530133422e-07
2012-05-19,4.913111620982917e-07
2012-05-20,6.142333426059819e-07
2012-05-21,1.1601085292075515e-06
2012-05-22,1.298391783084321e-06
2012-05-23,6.479741412461012e-07
2012-05-24,9.360410076609537e-07
2012-05-25,6.633248728088376e-07
2012-05-26,2.584140883341185e-06
2012-05-27,9.347832444643805e-07
2012-05-28,5.930714428686865e-07
2012-05-29,1.1422902948969941e-06
2012-05-30,6.345129351806966e-07
2012-05-31,7.505257550183553e-07
2012-06-01,9.35246883094919e-07
2012-06-02,9.229370626143577e-07
2012-06-03,1.294928867399099e-06
2012-06-04,6.148489618795536e-07
2012-06-05,1.6039068604870487e-06
2012-06-06,5.956765066010579e-07
2012-06-07,9.732337364856762e-07
2012-06-08,1.065418693323055e-06
2012-06-09,8.14127083860037e-07
2012-06-10,1.3170506928803274e-06
2012-06-11,4.745906536964205e-07
2012-06-12,6.946545895177491e-07
2012-06-13,1.3410019031845075e-06
2012-06-14,6.729011707807471e-07
2012-06-15,7.440414256224337e-07
2012-06-16,4.3237545903603866e-07
2012-06-17,1.0740252832711851e-06
2012-06-18,9.045126899797989e-07
2012-06-19,9.961460918879568e-07
2012-06-20,1.2472270701603934e-06
2012-06-21,6.519256994195731e-07
2012-06-22,8.833899260816506e-07
2012-06-23,5.995389665255212e-07
2012-06-24,1.3618862859294469e-06
2012-06-25,7.737154128160861e-07
2012-06-26,9.998438070087572e-07
2012-06-27,1.3468598614037755e-06
2012-06-28,1.1212842257993872e-06
2012-06-29,9.147682937650308e-07
2012-06-30,5.038861907532979e-07
2012-07-01,9.339948507529599e-07
2012-07-02,5.885000325881893e-07
2012-07-03,9.994056262175714e-07
2012-07-04,1.7330404383183515e-06
2012-07-05,5.476791275451583e-07
2012-07-06,8.064017547302182e-07
2012-07-07,3.865340376351627e-07
2012-07-08,6.781910542191707e-07
2012-07-09,1.004047796865939e-06
2012-07-10,2.1050482213921314e-06
2012-07-11,6.926441408690996e-07
2012-07-12,1.124534253594498e-06
2012-07-13,8.674206142075256e-07
2012-07-14,6.421969768752458e-07
2012-07-15,8.426388279770247e-07
2012-07-16,8.320788285205967e-07
2012-07-17,7.674541129592686e-07
2012-07-18,6.107123589167933e-07
2012-07-19,6.687543226085063e-07
2012-07-20,4.7512069361401504e-07
2012-07-21,7.587060982845222e-07
2012-07-22,7.587699580210521e-07
2012-07-23,9.111878082739912e-07
2012-07-24,1.2039002032544714e-06
2012-07-25,1.1969419865745208e-06
2012-07-26,1.0124960707364024e-06
2012-07-27,8.095052964014294e-07
2012-07-28,2.6118363309990186e-06
2012-07-29,1.800419672681646e-06
2012-07-30,6.133014661891501e-07
2012-07-31,9.286888534373645e-07
2012-08-01,6.708622920578468e-07
2012-08-02,1.7686029784508067e-06
2012-08-03,1.8937255527921657e-06
2012-08-04,1.3338739257579645e-06
2012-08-05,1.0360414472525139e-06
2012-08-06,1.0540640890290639e-06
2012-08-07,9.943241079804494e-07
2012-08-08,1.1876602104138005e-06
2012-08-09,7.355867898420369e-07
2012-08-10,6.719117497669621e-07
2012-08-11,1.0174003845880549e-06
2012-08-12,1.1953938253543134e-06
2012-08-13,7.52199776905904e-07
2012-08-14,1.26123205976222e-06
2012-08-15,9.659904545653232e-07
2012-08-16,6.793452470508923e-07
2012-08-17,1.3082065234241573e-06
2012-08-18,5.468168750749822e-07
2012-08-19,1.0834195382744522e-06
2012-08-20,9.68107508086223e-07
2012-08-21,7.34760995718711e-07
2012-08-22,6.859279816774917e-07
2012-08-23,7.489823514375822e-07
2012-08-24,1.0220499613792872e-06
2012-08-25,1.099165019293094e-06
2012-08-26,1.5771499041283205e-06
2012-08-27,9.301485872504622e-07
2012-08-28,9.16431029338248e-07
2012-08-29,9.779857117137942e-07
2012-08-30,8.526875454841488e-07
2012-08-31,7.009636497775317e-07
2012-09-01,9.598640200166654e-07
2012-09-02,1.0096228213867234e-06
2012-09-03,7.145310366082831e-07
2012-09-04,1.1958998913909345e-06
2012-09-05,1.2010687689732627e-06
2012-09-06,6.357401679074549e-07
2012-09-07,9.12549736553113e-07
2012-09-08,6.202407797261107e-07
2012-09-09,8.69817937320267e-07
2012-09-10,1.0356611919965004e-06
2012-09-11,9.527474920762806e-07
2012-09-12,9.358065225119106e-07
2012-09-13,6.743310837948081e-07
2012-09-14,8.161975676949728e-07
2012-09-15,1.9018551675047413e-06
2012-09-16,1.429080831617069e-06
2012-09-17,2.1441440274718025e-06
2012-09-18,1.1712516287717963e-06
2012-09-19,8.552469335228104e-07
2012-09-20,1.1543029060419189e-06
2012-09-21,4.1383739832015123e-07
2012-09-22,7.88508208582742e-07
2012-09-23,1.0998721893522364e-06
2012-09-24,8.40867841111206e-07
2012-09-25,7.484378853935362e-07
2012-09-26,1.1573221759474332e-06
2012-09-27,5.329040495156679e-07
2012-09-28,8.395166063380705e-07
2012-09-29,1.3922674740735142e-06
2012-09-30,1.4964019845615652e-06
2012-10-01,5.777611896120671e-07
2012-10-02,5.549002752433419e-07
2012-10-03,6.445365057420146e-07
2012-10-04,1.1577128157007812e-06
2012-10-05,8.719115973420463e-07
2012-10-06,6.391585976767398e-07
2012-10-07,1.743789575168175e-06
2012-10-08,1.3007620774783323e-06
2012-10-09,5.379384394836221e-07
2012-10-10,1.0785423582992382e-06
2012-10-11,6.722156951945485e-07
2012-10-12,6.782959451332741e-07
2012-10-13,8.111052357480264e-07
2012-10-14,1.6712033548275242e-06
2012-10-15,7.353250318309229e-07
2012-10-16,6.061310642049178e-07
2012-10-17,1.2283314149526258e-06
2012-10-18,9.608682238162886e-07
2012-10-19,4.897568686619896e-07
2012-10-20,9.946794595707561e-07
2012-10-21,1.417072508057556e-06
2012-10-22,7.818361892005088e-07
2012-10-23,8.871521854328724e-07
2012-10-24,8.967713825251297e-07
2012-10-25,2.0389659129501735e-06
2012-10-26,1.5439975331330841e-06
2012-10-27,9.393209911564807e-07
2012-10-28,9.421053016587925e-07
2012-10-29,1.3676570547875917e-06
2012-10-30,8.288472701893345e-07
2012-10-31,7.060088011939668e-07
2012-11-01,1.809945578556344e-06
2012-11-02,1.1057982664798663e-06
2012-11-03,6.960462431707155e-07
2012-11-04,1.1551208238803853e-06
2012-11-05,7.473896482298512e-07
2012-11-06,6.149653288697236e-07
2012-11-07,1.5557419084674927e-06
2012-11-08,7.712121913223204e-07
2012-11-09,1.4868433820841582e-06
2012-11-10,9.988250488009271e-07
2012-11-11,1.0814748229465952e-06
2012-11-12,1.2932675281094728e-06
2012-11-13,1.1610446947472513e-06
2012-11-14,1.2728324260424696e-06
2012-11-15,1.2422531490716602e-06
2012-11-16,9.248205007482639e-07
2012-11-17,1.2057445837268216e-06
2012-11-18,1.0385719925902042e-06
2012-11-19,1.0665056516595648e-06
2012-11-20,1.984755377482043e-06
2012-11-21,6.47788833277897e-07
2012-11-22,1.3749129748832548e-06
2012-11-23,1.036420413358281e-06
2012-11-24,1.095042158301813e-06
2012-11-25,8.89606856536117e-07
2012-11-26,7.190043515341695e-07
2012-11-27,8.772145615328829e-07
2012-11-28,1.0167492227929835e-06
2012-11-29,6.019285791676531e-07
2012-11-30,9.521645764308302e-07
2012-12-01,1.1682282692549508e-06
2012-12-02,8.868060114805906e-07
2012-12-03,1.023017274874307e-06
2012-12-04,1.0423509421400672e-06
2012-12-05,9.631431691902365e-07
2012-12-06,6.318676110981227e-07
2012-12-07,6.97300899981661e-07
2012-12-08,8.767117862089832e-07
2012-12-09,8.770953519439733e-07
2012-12-10,8.703192198458513e-07
2012-12-11,1.6928197504665927e-06
2012-12-12,1.5851151348378188e-06
2012-12-13,7.822562687963958e-07
2012-12-14,1.283607244422566e-06
2012-12-15,9.504356797155817e-07
2012-12-16,1.1632998668118594e-06
2012-12-17,8.903500264027494e-07
2012-12-18,1.463260268640723e-06
2012-12-19,1.0133200926174565e-06
2012-12-20,5.984255253449453e-07
2012-12-21,6.789858847887698e-07
2012-12-22,5.50925819821694e-07
2012-12-23,4.795379811397712e-07
2012-12-24,8.924067680339265e-07
2012-12-25,8.867456106725662e-07
2012-12-26,1.0029399680754178e-06
2012-12-27,1.0726597856542565e-06
2012-12-28,8.256300600259126e-07
2012-12-29,9.718759036927348e-07
2012-12-30,1.209471165505921e-06
2012-12-31,6.221356209437869e-07
2013-01-01,5.031188617751923e-07
2013-01-02,5.467246720716128e-07
2013-01-03,1.0848596766554036e-06
2013-01-04,1.1120074302853815e-06
2013-01-05,8.051374568686746e-07
2013-01-06,7.354060825869682e-07
2013-01-07,9.03103333986578e-07
2013-01-08,7.913088676697418e-07
2013-01-09,4.5736614027693943e-07
2013-01-10,5.604330353977912e-07
2013-01-11,8.788610517381473e-07
2013-01-12,4.532851569780893e-07
2013-01-13,6.097989640909427e-07
2013-01-14,9.30227573850395e-07
2013-01-15,7.071180875538767e-07
2013-01-16,1.0845621592059974e-06
2013-01-17,1.5023056385403224e-06
2013-01-18,1.0505645788386225e-06
2013-01-19,9.441433126823714e-07
2013-01-20,5.30774199632315e-07
2013-01-21,6.98810503151286e-07
2013-01-22,1.2356739056562972e-06
2013-01-23,1.1608460423497805e-06
2013-01-24,1.2246276706663232e-06
2013-01-25,8.736401790612911e-07
2013-01-26,1.387115756798104e-06
2013-01-27,8.962131811539452e-07
2013-01-28,7.320448611731824e-07
2013-01-29,1.1933334935809739e-06
2013-01-30,1.0249405269718053e-06
2013-01-31,9.547368455296604e-07
2013-02-01,5.17778785227357e-07
2013-02-02,7.681387197076694e-07
2013-02-03,1.0388921470955647e-06
2013-02-04,9.57388513735136e-07
2013-02-05,8.118116763508741e-07
2013-02-06,9.275175281918953e-07
2013-02-07,4.171929236709737e-07
2013-02-08,9.237441448939248e-07
2013-02-09,7.4630781699133e-07
2013-02-10,8.693194267725086e-07
2013-02-11,7.870369575383544e-07
2013-02-12,9.956033445160924e-07
2013-02-13,5.897855048416475e-07
2013-02-14,6.591775792904569e-07
2013-02-15,3.6832055281477316e-07
2013-02-16,8.176994804337502e-07
2013-02-17,8.210846509993376e-07
2013-02-18,9.85407753516674e-07
2013-02-19,8.556688575212095e-07
2013-02-20,8.656761784510415e-07
2013-02-21,1.5727510352548213e-06
2013-02-22,7.243416208937375e-07
2013-02-23,6.237679084366289e-07
2013-02-24,5.300050195892064e-07
2013-02-25,1.4374296811242853e-06
2013-02-26,6.45079762754602e-07
2013-02-27,7.207838503779036e-07
2013-02-28,2.8058055343181404e-07
2013-03-01,1.4486947000730217e-06
2013-03-02,9.186844383721444e-07
2013-03-03,1.0063371676675418e-06
2013-03-04,6.712788469718823e-07
2013-03-05,5.768854619026877e-07
2013-03-06,4.902298761423714e-07
2013-03-07,9.194743139015287e-07
2013-03-08,1.2352572501335258e-06
2013-03-09,1.2805547476994122e-06
2013-03-10,6.824751572218019e-07
2013-03-11,1.10315990225562e-06
2013-03-12,6.756847837239428e-07
2013-03-13,5.128987364534468e-07
2013-03-14,7.708580883896718e-07
2013-03-15,7.352290128090548e-07
2013-03-16,8.035335477041796e-07
2013-03-17,8.634159315867206e-07
2013-03-18,6.68111169900987e-07
2013-03-19,5.337071062100492e-07
2013-03-20,9.6762836023963e-07
2013-03-21,5.973564389033956e-07
2013-03-22,7.352411640646911e-07
2013-03-23,1.0063322081929348e-06
2013-03-24,5.279204360552412e-07
2013-03-25,7.280495151328906e-07
2013-03-26,1.4405746700271589e-06
2013-03-27,4.877800845439953e-07
2013-03-28,9.9208514471546e-07
2013-03-29,4.5309631864904803e-07
2013-03-30,8.334283287289505e-07
2013-03-31,8.541299017127098e-07
2013-04-01,7.128913826109018e-07
2013-04-02,1.5019034749165223e-06
2013-04-03,1.177572039322122e-06
2013-04-04,9.32270455002311e-07
2013-04-05,5.829644194143993e-07
2013-04-06,8.893177564952275e-07
2013-04-07,6.808066196830004e-07
2013-04-08,8.80587963551332e-07
2013-04-09,6.195376718709793e-07
2013-04-10,1.0432292092396233e-06
2013-04-11,1.0588954866728816e-06
2013-04-12,8.551951027854243e-07
2013-04-13,7.156819255245391e-07
2013-04-14,7.373630144455624e-07
2013-04-15,5.858735726492344e-07
2013-04-16,1.0383352427689154e-06
2013-04-17,9.607935187472666e-07
2013-04-18,7.902098437009181e-07
2013-04-19,6.602769223421533e-07
2013-04-20,5.152646287492586e-07
2013-04-21,6.509319861102505e-07
2013-04-22,7.452204396081294e-07
2013-04-23,9.01140869199465e-07
2013-04-24,1.156144863076514e-06
2013-04-25,1.5606773726845439e-06
2013-04-26,5.635466470101596e-07
2013-04-27,1.2009036800192145e-06
2013-04-28,9.703365292849384e-07
2013-04-29,1.1090902782057898e-06
2013-04-30,1.0218652533795406e-06
2013-05-01,5.579624747917203e-07
2013-05-02,1.05767756122631e-06
2013-05-03,1.8369894935222907e-06
2013-05-04,9.118988073709736e-07
2013-05-05,7.478742363662822e-07
2013-05-06,9.191870447151669e-07
2013-05-07,6.874610939987115e-07
2013-05-08,5.577874628962878e-07
2013-05-09,4.199251919421524e-07
2013-05-10,5.711346530575358e-07
2013-05-11,6.50732794538148e-07
2013-05-12,8.814413900448246e-07
2013-05-13,7.032236475226084e-07
2013-05-14,6.471104286828332e-07
2013-05-15,6.435378312080067e-07
2013-05-16,1.4533622356483466e-06
2013-05-17,7.560988652880647e-07
2013-05-18,8.303408649765676e-07
2013-05-19,1.1825784500115526e-06
2013-05-20,8.866338682611436e-07
2013-05-21,8.186027345487317e-07
2013-05-22,1.584787570289814e-06
2013-05-23,1.9634215204109226e-06
2013-05-24,1.794735978421991e-06
2013-05-25,2.320507334707745e-06
2013-05-26,1.5891748501655083e-06
2013-05-27,1.1142139621997919e-06
2013-05-28,1.8810557224163692e-06
2013-05-29,1.0821615044419482e-06
2013-05-30,1.1127585236110667e-06
2013-05-31,8.294740394698918e-07
2013-06-01,1.122655802927964e-06
2013-06-02,1.1224431996638442e-06
2013-06-03,1.00627777752711e-06
2013-06-04,1.1910130791728138e-06
2013-06-05,1.0774261520571528e-06
2013-06-06,7.20563365261496e-07
2013-06-07,1.0844895101822565e-06
2013-06-08,6.510653504404009e-07
2013-06-09,7.52143619211379e-07
2013-06-10,8.833773712727509e-07
2013-06-11,8.475707438804004e-07
2013-06-12,5.343121456898242e-07
2013-06-13,8.105610217055633e-07
2013-06-14,7.814642921613661e-07
2013-06-15,7.696641493517889e-07
2013-06-16,8.626310921985863e-07
2013-06-17,3.2516622009421886e-07
2013-06-18,7.134610021130544e-07
2013-06-19,9.352862472221622e-07
2013-06-20,7.426646933966741e-07
2013-06-21,5.543307382394169e-07
2013-06-22,5.948773243981626e-07
2013-06-23,5.284017999804085e-07
2013-06-24,9.846711790652809e-07
2013-06-25,1.0426283507698614e-06
2013-06-26,8.560851464732639e-07
2013-06-27,5.596922339468762e-07
2013-06-28,5.440684394571361e-07
2013-06-29,1.0049904896493725e-06
2013-06-30,7.709246498652971e-07
2013-07-01,6.217285624719404e-07
2013-07-02,8.265222244298893e-07
2013-07-03,7.507722161475713e-07
2013-07-04,9.350574181747812e-07
2013-07-05,7.379693378905892e-07
2013-07-06,1.2130636768259266e-06
2013-07-07,6.39711819609094e-07
2013-07-08,5.745186523981634e-07
2013-07-09,4.570784874324413e-07
2013-07-10,7.51658918460532e-07
2013-07-11,5.508620657913121e-07
2013-07-12,6.346572018122636e-07
2013-07-13,3.6508137785606206e-07
2013-07-14,7.419784982792962e-07
2013-07-15,7.489642993996021e-07
2013-07-16,8.723382669587139e-07
2013-07-17,1.2859185171302027e-06
2013-07-18,9.125700220865496e-07
2013-07-19,7.52691460009738e-07
2013-07-20,9.65281207933598e-07
2013-07-21,1.0613501254122756e-06
2013-07-22,1.238592332382693e-06
2013-07-23,7.84038141405018e-07
2013-07-24,6.515016238826044e-07
2013-07-25,7.022759387885758e-07
2013-07-26,5.282014523054285e-07
2013-07-27,1.770975482812191e-06
2013-07-28,7.52930047092208e-07
2013-07-29,3.6715042712903876e-07
2013-07-30,8.334018255523298e-07
2013-07-31,5.605993267084065e-07
2013-08-01,8.042266818345805e-07
2013-08-02,5.731216455468687e-07
2013-08-03,1.3489482679565556e-06
2013-08-04,9.033130971562329e-07
2013-08-05,9.204029401351519e-07
2013-08-06,5.623818683586586e-07
2013-08-07,5.315767674373791e-07
2013-08-08,4.0571049107922324e-07
2013-08-09,8.038233051687044e-07
2013-08-10,5.449157087405298e-07
2013-08-11,7.568799154383483e-07
2013-08-12,6.029139615550104e-07
2013-08-13,1.0049173039847134e-06
2013-08-14,8.05331197077996e-07
2013-08-15,7.906983703463296e-07
2013-08-16,9.564413175738133e-07
2013-08-17,7.622499178374825e-07
2013-08-18,9.98947263268709e-07
2013-08-19,1.267207971447777e-06
2013-08-20,1.2676379942797836e-06
2013-08-21,6.06608093937134e-07
2013-08-22,8.070303177944161e-07
2013-08-23,7.519969203018925e-07
2013-08-24,8.874540429030011e-07
2013-08-25,8.394212038177639e-07
2013-08-26,6.180995287283877e-07
2013-08-27,1.3437436237498744e-06
2013-08-28,9.000756218707823e-07
2013-08-29,9.333094687105743e-07
2013-08-30,4.779722048328853e-07
2013-08-31,9.787065666847225e-07
2013-09-01,9.018516779440605e-07
2013-09-02,6.68796207657984e-07
2013-09-03,1.0542615985308576e-06
2013-09-04,1.3003763828432399e-06
2013-09-05,8.674812956316461e-07
2013-09-06,4.776199396008192e-07
2013-09-07,1.7138674606715365e-06
2013-09-08,7.229359692948547e-07
2013-09-09,1.167053192581251e-06
2013-09-10,1.2572079025390355e-06
2013-09-11,8.617962314204812e-07
2013-09-12,6.767516609331445e-07
2013-09-13,7.367625079370143e-07
2013-09-14,9.255482274573474e-07
2013-09-15,6.259686620526256e-07
2013-09-16,1.1158704016956767e-06
2013-09-17,9.829584181954102e-07
2013-09-18,1.183881952762726e-06
2013-09-19,1.1402957314625706e-06
2013-09-20,1.0392815225568177e-06
2013-09-21,1.6918180728161969e-06
2013-09-22,1.0514997905493302e-06
2013-09-23,1.089145223132381e-06
2013-09-24,1.0805048232940823e-06
2013-09-25,7.816742781417827e-07
2013-09-26,6.560205895998169e-07
2013-09-27,8.608390160848432e-07
2013-09-28,8.125528292982602e-07
2013-09-29,1.0245578638756659e-06
2013-09-30,8.135714390083879e-07
2013-10-01,4.70836467665541e-07
2013-10-02,6.609850490217988e-07
2013-10-03,7.056488355137474e-07
2013-10-04,6.652785576760869e-07
2013-10-05,8.255898509248918e-07
2013-10-06,9.163265917786033e-07
2013-10-07,1.0112468112400267e-06
2013-10-08,1.0807414751112443e-06
2013-10-09,1.0248173074763888e-06
2013-10-10,5.833645433364018e-07
2013-10-11,8.22807827915186e-07
2013-10-12,7.022466108339302e-07
2013-10-13,6.738057575750729e-07
2013-10-14,1.0556876515831507e-06
2013-10-15,1.3330033014640879e-06
2013-10-16,1.1759165931767792e-06
2013-10-17,6.834418559760988e-07
2013-10-18,9.365490222693563e-07
2013-10-19,1.0253188288051178e-06
2013-10-20,7.640318795774626e-07
2013-10-21,9.35774320498111e-07
2013-10-22,1.2780482238268007e-06
2013-10-23,7.343181556548881e-07
2013-10-24,9.652923010392162e-07
2013-10-25,6.20845187596134e-07
2013-10-26,9.503292250325477e-07
2013-10-27,9.112504691516087e-07
2013-10-28,6.432498761451602e-07
2013-10-29,7.05822188785555e-07
2013-10-30,8.688584564830421e-07
2013-10-31,6.570037540895871e-07
2013-11-01,8.505566697120957e-07
2013-11-02,6.895136503975027e-07
2013-11-03,1.0600071047831044e-06
2013-11-04,6.087949170273407e-07
2013-11-05,1.3129146977252747e-06
2013-11-06,8.869140024070292e-07
2013-11-07,7.776801573158081e-07
2013-11-08,6.693627044255527e-07
2013-11-09,6.873735399756402e-07
2013-11-10,8.924154928041504e-07
2013-11-11,8.869942183713956e-07
2013-11-12,7.052674171959767e-07
2013-11-13,8.090563829775185e-07
2013-11-14,9.122244629465066e-07
2013-11-15,6.428427769907986e-07
2013-11-16,7.559589000265234e-07
2013-11-17,6.03544091377112e-07
2013-11-18,5.899704065480708e-07
2013-11-19,4.5436174175778444e-07
2013-11-20,1.268937335938056e-06
2013-11-21,6.322554940236313e-07
2013-11-22,7.321604065048293e-07
2013-11-23,9.414388152512184e-07
2013-11-24,1.1624767812358195e-06
2013-11-25,6.586730298681586e-07
2013-11-26,1.0075215294416444e-06
2013-11-27,4.046821025524572e-07
2013-11-28,8.72506733483465e-07
2013-11-29,1.2448487517919873e-06
2013-11-30,1.0203400568230897e-06
2013-12-01,9.179959466544686e-07
2013-12-02,7.801932560986592e-07
2013-12-03,6.496828482220805e-07
2013-12-04,5.950494011306404e-07
2013-12-05,8.146953806666794e-07
2013-12-06,8.355334844743779e-07
2013-12-07,1.1222780342824912e-06
2013-12-08,1.6885947370754803e-06
2013-12-09,1.1035104638409178e-06
2013-12-10,8.608962345057035e-07
2013-12-11,4.821461288487315e-07
2013-12-12,6.801254957101215e-07
2013-12-13,7.295579271800173e-07
2013-12-14,9.321032343050127e-07
2013-12-15,8.7408894437735e-07
2013-12-16,1.2102699636249327e-06
2013-12-17,8.554567629728657e-07
2013-12-18,9.68533751935366e-07
2013-12-19,9.62247990926429e-07
2013-12-20,7.294155858137889e-07
2013-12-21,8.732034702706781e-07
2013-12-22,9.768233655311757e-07
2013-12-23,9.602317327240582e-07
2013-12-24,4.802369626384219e-07
2013-12-25,1.1307329519719005e-06
2013-12-26,7.092739340056069e-07
2013-12-27,1.304439510340133e-06
2013-12-28,4.364484697378046e-07
2013-12-29,6.906744672975836e-07
2013-12-30,4.926285661347692e-07
2013-12-31,1.001622879470462e-06
2014-01-01,4.5947853092307744e-07
2014-01-02,6.272754074494682e-07
2014-01-03,8.962883408097402e-07
2014-01-04,5.077736714154158e-07
2014-01-05,4.32205549550128e-07
2014-01-06,3.542169707475987e-07
2014-01-07,7.204862258437118e-07
2014-01-08,9.823419129438773e-07
2014-01-09,6.868119813281769e-07
2014-01-10,5.266607720786729e-07
2014-01-11,9.649518860515337e-07
2014-01-12,8.69447409967401e-07
2014-01-13,8.640035842010503e-07
2014-01-14,6.487288320717762e-07
2014-01-15,8.328356323924266e-07
2014-01-16,8.493644606155888e-07
2014-01-17,9.238708123726935e-07
2014-01-18,7.382848557842388e-07
2014-01-19,7.221719667285955e-07
2014-01-20,7.435889026261037e-07
2014-01-21,9.039510699592409e-07
2014-01-22,8.923805647147817e-07
2014-01-23,7.44500375724523e-07
2014-01-24,4.955149332963811e-07
2014-01-25,8.085234673289574e-07
2014-01-26,6.167057889401526e-07
2014-01-27,6.836037340562721e-07
2014-01-28,6.687464019276343e-07
2014-01-29,5.122933573262268e-07
2014-01-30,6.482260253025769e-07
2014-01-31,7.122132826454531e-07
2014-02-01,5.481833140480293e-07
2014-02-02,5.827532280541575e-07
2014-02-03,1.7460851230877029e-06
2014-02-04,1.6310033371563886e-06
2014-02-05,1.1858658919267654e-06
2014-02-06,4.938341473325042e-07
2014-02-07,7.507651720968648e-07
2014-02-08,1.218895315175856e-06
2014-02-09,9.516748418093844e-07
2014-02-10,1.173875718696238e-06
2014-02-11,7.016342634624562e-07
2014-02-12,6.271248225146302e-07
2014-02-13,7.273495755175337e-07
2014-02-14,7.989954177346461e-07
2014-02-15,1.0382239336766978e-06
2014-02-16,7.335327625531524e-07
2014-02-17,9.769528376281677e-07
2014-02-18,7.186510058239477e-07
2014-02-19,1.0109622397374695e-06
2014-02-20,8.241908548703898e-07
2014-02-21,6.63983204085172e-07
2014-02-22,5.075394831617591e-07
2014-02-23,7.422863679049151e-07
2014-02-24,9.218650142370233e-07
2014-02-25,1.3178884339663528e-06
2014-02-26,8.830449662487088e-07
2014-02-27,7.661497055566971e-07
2014-02-28,5.898484769022389e-07
2014-03-01,6.843748997879612e-07
2014-03-02,8.481864924604703e-07
2014-03-03,6.362350521028153e-07
2014-03-04,6.678303239043854e-07
2014-03-05,8.193300983610602e-07
2014-03-06,6.99964171489098e-07
2014-03-07,5.907766156745109e-07
2014-03-08,1.164947506170986e-06
2014-03-09,7.800432000404874e-07
2014-03-10,9.057756786146866e-07
2014-03-11,1.0508853972192922e-06
2014-03-12,8.072698735953089e-07
2014-03-13,7.505507541433904e-07
2014-03-14,7.458941740778112e-07
2014-03-15,8.881961981978893e-07
2014-03-16,9.68077639826714e-07
2014-03-17,8.142652963190373e-07
2014-03-18,7.663060039476733e-07
2014-03-19,1.073533617490525e-06
2014-03-20,1.047106241542182e-06
2014-03-21,6.229051569798859e-07
2014-03-22,9.878596657096063e-07
2014-03-23,1.1186754633918893e-06
2014-03-24,1.0210346260555491e-06
2014-03-25,8.925995347724246e-07
2014-03-26,6.970597254016859e-07
2014-03-27,7.984784774844676e-07
2014-03-28,7.010598492975782e-07
2014-03-29,7.404665415686004e-07
2014-03-30,9.127492079162374e-07
2014-03-31,6.452268857208635e-07
2014-04-01,7.081511024496362e-07
2014-04-02,7.105098258180087e-07
2014-04-03,8.410940480364191e-07
2014-04-04,8.620063258080688e-07
2014-04-05,7.638504265290965e-07
2014-04-06,6.452662377715134e-07
2014-04-07,8.284557392526203e-07
2014-04-08,1.0538337382435772e-06
2014-04-09,8.479689133627254e-07
2014-04-10,5.947683580457934e-07
2014-04-11,8.829885512774731e-07
2014-04-12,6.274653194964241e-07
2014-04-13,7.728860445995438e-07
2014-04-14,6.79331080153886e-07
2014-04-15,7.164528476827455e-07
2014-04-16,8.588981996634836e-07
2014-04-17,8.538930216256946e-07
2014-04-18,7.951067434778653e-07
2014-04-19,7.035840636162801e-07
2014-04-20,1.0172106179896657e-06
2014-04-21,1.1365591474977968e-06
2014-04-22,9.930196492031076e-07
2014-04-23,8.913429070754847e-07
2014-04-24,9.92404349764974e-07
2014-04-25,7.57059543612271e-07
2014-04-26,1.2860033930556524e-06
2014-04-27,9.281792835174522e-07
2014-04-28,8.640947047796438e-07
2014-04-29,7.721944659911401e-07
2014-04-30,9.497950223617366e-07
2014-05-01,6.413774181963806e-07
2014-05-02,1.0332819068928273e-06
2014-05-03,1.2159931893864696e-06
2014-05-04,1.6574386213646538e-06
2014-05-05,6.336553976253422e-07
2014-05-06,1.1435575979548325e-06
2014-05-07,1.0002550650415856e-06
2014-05-08,4.781351771819549e-07
2014-05-09,1.1242429628948606e-06
2014-05-10,9.965507449907975e-07
2014-05-11,7.356323191967483e-07
2014-05-12,7.721154743088468e-07
2014-05-13,6.426824556449133e-07
2014-05-14,5.139951174669255e-07
2014-05-15,8.685234088771777e-07
2014-05-16,4.7599851398274444e-07
2014-05-17,6.62387730247631e-07
2014-05-18,6.589499857902142e-07
2014-05-19,8.091146359178832e-07
2014-05-20,4.7191251062953436e-07
2014-05-21,5.308377524570851e-07
2014-05-22,9.906641741233879e-07
2014-05-23,1.1354424696518013e-06
2014-05-24,7.283109254683346e-07
2014-05-25,1.3836410110692538e-06
2014-05-26,1.1828658705113847e-06
2014-05-27,9.053901546406385e-07
2014-05-28,1.5041808127158356e-06
2014-05-29,1.0697941806334637e-06
2014-05-30,1.0323703500213902e-06
2014-05-31,1.5656367532351066e-06
2014-06-01,5.888070750066457e-07
2014-06-02,7.288504012685884e-07
2014-06-03,9.072961990688085e-07
2014-06-04,1.127360816855585e-06
2014-06-05,8.713413407404569e-07
2014-06-06,7.044613005819882e-07
2014-06-07,1.2174277213161854e-06
2014-06-08,7.776478863872613e-07
2014-06-09,1.0085214156078872e-06
2014-06-10,1.1691596541055193e-06
2014-06-11,7.542846550545487e-07
2014-06-12,6.377403818264497e-07
2014-06-13,6.896717139652468e-07
2014-06-14,7.965372666432064e-07
2014-06-15,9.618937117998263e-07
2014-06-16,8.991079391231025e-07
2014-06-17,6.281395782908169e-07
2014-06-18,4.547301097819004e-07
2014-06-19,6.98074814373181e-07
2014-06-20,6.925807111757338e-07
2014-06-21,7.959980529250827e-07
2014-06-22,5.786917533805802e-07
2014-06-23,6.090779264287951e-07
2014-06-24,1.129621274872128e-06
2014-06-25,6.364152717131397e-07
2014-06-26,4.075758765428695e-07
2014-06-27,1.0156011445973524e-06
2014-06-28,1.0251291838965789e-06
2014-06-29,6.687099402851143e-07
2014-06-30,8.762604397912202e-07
2014-07-01,7.139359384297707e-07
2014-07-02,5.62657676022179e-07
2014-07-03,7.929257774130009e-07
2014-07-04,7.595087871077006e-07
2014-07-05,8.431781954637532e-07
2014-07-06,7.929211989332684e-07
2014-07-07,1.3952662276610158e-06
2014-07-08,7.830959564392806e-07
2014-07-09,6.92540838844708e-07
2014-07-10,6.072230121868759e-07
2014-07-11,7.551846688541544e-07
2014-07-12,1.0224245454336986e-06
2014-07-13,6.950193436914962e-07
2014-07-14,7.314710385471522e-07
2014-07-15,9.96973405474329e-07
2014-07-16,8.504030299816348e-07
2014-07-17,5.7048602419915e-07
2014-07-18,7.156153104941526e-07
2014-07-19,6.76853169535651e-07
2014-07-20,8.929840432969363e-07
2014-07-21,7.436294088721419e-07
2014-07-22,9.381215437613919e-07
2014-07-23,9.880089647637772e-07
2014-07-24,7.666932504773048e-07
2014-07-25,6.861891756768261e-07
2014-07-26,7.25097582182415e-07
2014-07-27,8.002365830471866e-07
2014-07-28,5.856757634332383e-07
2014-07-29,7.685675676783521e-07
2014-07-30,1.0584849667052475e-06
2014-07-31,6.161900909459163e-07
2014-08-01,6.178769090336899e-07
2014-08-02,5.163936775397467e-07
2014-08-03,5.930966598999045e-07
2014-08-04,8.878689576448032e-07
2014-08-05,9.824404274323217e-07
2014-08-06,1.1320129809670086e-06
2014-08-07,1.004488754530026e-06
2014-08-08,1.1577881343061479e-06
2014-08-09,7.649819508393176e-07
2014-08-10,1.1588931126200739e-06
2014-08-11,9.744633494363023e-07
2014-08-12,6.442691645755301e-07
2014-08-13,7.403933204501992e-07
2014-08-14,9.072227959686389e-07
2014-08-15,6.688257900700681e-07
2014-08-16,1.1883253569469426e-06
2014-08-17,6.650741281924286e-07
2014-08-18,8.356111453272545e-07
2014-08-19,8.963814131772178e-07
2014-08-20,9.701348613133787e-07
2014-08-21,1.1747157171021597e-06
2014-08-22,1.087573395836334e-06
2014-08-23,1.0452000650293619e-06
2014-08-24,8.530886629549916e-07
2014-08-25,7.023630513207551e-07
2014-08-26,8.089670946342291e-07
2014-08-27,9.076969200869388e-07
2014-08-28,6.953381970221492e-07
2014-08-29,6.157328214035928e-07
2014-08-30,9.550734921590704e-07
2014-08-31,1.107720539490578e-06
2014-09-01,9.343571887276091e-07
2014-09-02,1.2324037451401147e-06
2014-09-03,1.0050461769608103e-06
2014-09-04,8.695523432410509e-07
2014-09-05,7.884279553549424e-07
2014-09-06,1.1143115311244512e-06
2014-09-07,8.73291252156927e-07
2014-09-08,8.881550046373078e-07
2014-09-09,1.0025187727209742e-06
2014-09-10,6.196867395005148e-07
2014-09-11,9.633446250018624e-07
2014-09-12,8.678370489112023e-07
2014-09-13,9.794182089634454e-07
2014-09-14,1.5350807561549266e-06
2014-09-15,1.0311179748699513e-06
2014-09-16,8.942383438322004e-07
2014-09-17,9.781752367026479e-07
2014-09-18,8.619867169661625e-07
2014-09-19,1.1539820518767343e-06
2014-09-20,6.761389014273384e-07
2014-09-21,1.3971540902617428e-06
2014-09-22,8.714951760060485e-07
2014-09-23,4.825976176524732e-07
2014-09-24,6.464361717506011e-07
2014-09-25,9.28121104211665e-07
2014-09-26,8.58735750621993e-07
2014-09-27,9.70338481049729e-07
2014-09-28,1.0971640705214332e-06
2014-09-29,1.13474968704171e-06
2014-09-30,6.050649313105639e-07
2014-10-01,7.239503054267156e-07
2014-10-02,8.180209097505934e-07
2014-10-03,7.125423098716823e-07
2014-10-04,1.2313504660769257e-06
2014-10-05,1.8579600109325695e-06
2014-10-06,1.0835963955710603e-06
2014-10-07,7.527850556225128e-07
2014-10-08,1.1609648906254977e-06
2014-10-09,7.426645001867914e-07
2014-10-10,1.0132888353432507e-06
2014-10-11,1.3217281097081053e-06
2014-10-12,1.0429185212294802e-06
2014-10-13,9.206289869431676e-07
2014-10-14,7.55484573582731e-07
2014-10-15,9.295619147328791e-07
2014-10-16,1.3354436502120696e-06
2014-10-17,9.174438396163259e-07
2014-10-18,1.334875658557198e-06
2014-10-19,6.043160637840223e-07
2014-10-20,1.3055019783444216e-06
2014-10-21,7.533090444974272e-07
2014-10-22,8.148702847664997e-07
2014-10-23,1.1124613095227058e-06
2014-10-24,1.2396446006546901e-06
2014-10-25,9.423422140676859e-07
2014-10-26,1.1261519428333098e-06
2014-10-27,8.503368460606721e-07
2014-10-28,7.847874072288217e-07
2014-10-29,8.914988200800855e-07
2014-10-30,1.1718010504024615e-06
2014-10-31,9.156853551862768e-07
2014-11-01,6.101863219991759e-07
2014-11-02,6.018484132608544e-07
2014-11-03,8.545986719176808e-07
2014-11-04,8.552471163846789e-07
2014-11-05,1.2585090690700834e-06
2014-11-06,9.103224775998603e-07
2014-11-07,8.376512602540362e-07
2014-11-08,1.1480772058959422e-06
2014-11-09,1.1814727740757569e-06
2014-11-10,7.433036833033605e-07
2014-11-11,9.049932485348913e-07
2014-11-12,9.551473623637427e-07
2014-11-13,6.02035490594206e-07
2014-11-14,2.6388199304612803e-06
2014-11-15,9.489229566288437e-07
2014-11-16,8.965812985904213e-07
2014-11-17,1.1297174611390228e-06
2014-11-18,7.120099897514539e-07
2014-11-19,1.232572727327044e-06
2014-11-20,8.862583396369358e-07
2014-11-21,8.502771758151009e-07
2014-11-22,1.3807651475546044e-06
2014-11-23,1.35509617795123e-06
2014-11-24,1.063782143374217e-06
2014-11-25,1.146008624902584e-06
2014-11-26,8.041098560181569e-07
2014-11-27,1.1657472445259492e-06
2014-11-28,1.3467746944882834e-06
2014-11-29,1.0648024479023686e-06
2014-11-30,1.2043940799422855e-06
2014-12-01,1.202295431181178e-06
2014-12-02,1.537509931858976e-06
2014-12-03,1.2955198849546451e-06
2014-12-04,1.0472870441992795e-06
2014-12-05,9.204286310621862e-07
2014-12-06,1.4204811566340182e-06
2014-12-07,8.083415390524828e-07
2014-12-08,1.1649399996594139e-06
2014-12-09,5.84511693791335e-07
2014-12-10,7.693935411315459e-07
2014-12-11,8.114169949749986e-07
2014-12-12,7.580565820363635e-07
2014-12-13,8.608075329878108e-07
2014-12-14,7.406038074071436e-07
2014-12-15,1.1654506403245964e-06
2014-12-16,1.0902674189754139e-06
2014-12-17,9.086789490193917e-07
2014-12-18,6.888594061846788e-07
2014-12-19,7.074558313644381e-07
2014-12-20,6.801945651207224e-07
2014-12-21,8.953690454804335e-07
2014-12-22,1.1157799061651415e-06
2014-12-23,1.0444615736142517e-06
2014-12-24,6.723552750098577e-07
2014-12-25,6.605960313570403e-07
2014-12-26,8.54317069186697e-07
2014-12-27,9.432711984873703e-07
2014-12-28,9.395778127155727e-07
2014-12-29,5.530076672598808e-07
2014-12-30,6.416897819885875e-07
2014-12-31,4.495715380934777e-07
2015-01-01,1.049275062948705e-06
2015-01-02,1.3348413021170216e-06
2015-01-03,7.058200913053575e-07
2015-01-04,1.0727221833919141e-06
2015-01-05,3.999457833496091e-07
2015-01-06,9.306967138618539e-07
2015-01-07,1.8134835530876559e-06
2015-01-08,1.914466363969089e-06
2015-01-09,1.7662471023468393e-06
2015-01-10,1.319670441340025e-06
2015-01-11,1.4123009934773458e-06
2015-01-12,1.1074632721177077e-06
2015-01-13,1.3016297917179861e-06
2015-01-14,1.1158300214142912e-06
2015-01-15,8.730949140152404e-07
2015-01-16,8.914446564123271e-07
2015-01-17,8.010678234086037e-07
2015-01-18,9.745182243800438e-07
2015-01-19,1.5778934912820497e-06
2015-01-20,5.105610981375015e-07
2015-01-21,6.736404842637583e-07
2015-01-22,6.595356416829541e-07
2015-01-23,8.994960525520043e-07
2015-01-24,6.647238839156737e-07
2015-01-25,1.0393739416102398e-06
2015-01-26,1.01945134321274e-06
2015-01-27,5.065379509958301e-07
2015-01-28,6.861967780135907e-07
2015-01-29,5.682206788801409e-07
2015-01-30,5.746989918247152e-07
2015-01-31,1.0055908697520636e-06
2015-02-01,9.86826304869522e-07
2015-02-02,8.857753973145544e-07
2015-02-03,8.392119039336603e-07
2015-02-04,7.053425802508161e-07
2015-02-05,4.7567927047391603e-07
2015-02-06,7.718833073940958e-07
2015-02-07,1.0181741170830417e-06
2015-02-08,1.210801692290956e-06
2015-02-09,7.232751870907655e-07
2015-02-10,9.867073255865297e-07
2015-02-11,7.345779446608276e-07
2015-02-12,9.66926043288544e-07
2015-02-13,1.1672419425288708e-06
2015-02-14,1.2577427495257457e-06
2015-02-15,1.4959598985011154e-06
2015-02-16,1.0704336235723218e-06
2015-02-17,1.0401521027658174e-06
2015-02-18,1.065538459848297e-06
2015-02-19,1.0700465970239753e-06
2015-02-20,1.1199574249134035e-06
2015-02-21,7.529941341051021e-07
2015-02-22,1.000104922118607e-06
2015-02-23,7.609793261962381e-07
2015-02-24,9.193364288494097e-07
2015-02-25,1.2341393749330894e-06
2015-02-26,1.044497417871821e-06
2015-02-27,1.604269506608718e-06
2015-02-28,1.455016058736289e-06
2015-03-01,8.99850051828995e-07
2015-03-02,7.321324049894438e-07
2015-03-03,1.0518032862874026e-06
2015-03-04,1.013219132279135e-06
2015-03-05,8.807670592660304e-07
2015-03-06,8.832231816858535e-07
2015-03-07,8.696050355796415e-07
2015-03-08,6.481002429607792e-07
2015-03-09,1.083394809653139e-06
2015-03-10,1.02872453372113e-06
2015-03-11,9.99149501740796e-07
2015-03-12,8.678574904044205e-07
2015-03-13,8.160422603208248e-07
2015-03-14,7.277836633447442e-07
2015-03-15,7.034693537445122e-07
2015-03-16,8.913551436956534e-07
2015-03-17,1.0097156334121934e-06
2015-03-18,1.154678259984042e-06
2015-03-19,9.50732377112807e-07
2015-03-20,9.274428065825948e-07
2015-03-21,9.745062110031545e-07
2015-03-22,1.2559061895755043e-06
2015-03-23,7.503242995413155e-07
2015-03-24,1.38933008751701e-06
2015-03-25,8.21095902468696e-07
2015-03-26,9.62548468994469e-07
2015-03-27,8.235766316604462e-07
2015-03-28,1.1105601766930211e-06
2015-03-29,7.963730894156328e-07
2015-03-30,9.077636037592602e-07
2015-03-31,7.976053133130532e-07
2015-04-01,9.024765193974001e-07
2015-04-02,6.640315079328524e-07
2015-04-03,1.117341231087396e-06
2015-04-04,1.2930677464772106e-06
2015-04-05,1.3286887348034722e-06
2015-04-06,8.099610440759515e-07
2015-04-07,5.270076302975422e-07
2015-04-08,9.229038115636873e-07
2015-04-09,9.610441118723144e-07
2015-04-10,8.746032171186087e-07
2015-04-11,1.0822717325986998e-06
2015-04-12,9.272902026836999e-07
2015-04-13,1.1205483066974332e-06
2015-04-14,8.613796606763514e-07
2015-04-15,8.725534124936815e-07
2015-04-16,8.627672974701038e-07
2015-04-17,8.488366924630709e-07
2015-04-18,8.197178005746655e-07
2015-04-19,1.0237811390711808e-06
2015-04-20,6.489971445794489e-07
2015-04-21,8.003057458969598e-07
2015-04-22,6.188276910539882e-07
2015-04-23,9.306125277340429e-07
2015-04-24,8.486533162906895e-07
2015-04-25,1.1502426530774026e-06
2015-04-26,8.364009990765913e-07
2015-04-27,7.379165800064635e-07
2015-04-28,1.201652742733201e-06
2015-04-29,7.108967678367553e-07
2015-04-30,8.554916513193544e-07
2015-05-01,7.007519418712249e-07
2015-05-02,1.0321374677352599e-06
2015-05-03,1.3837419017415558e-06
2015-05-04,1.0711193516714015e-06
2015-05-05,1.170009340696446e-06
2015-05-06,1.0311194700529483e-06
2015-05-07,6.656732542831352e-07
2015-05-08,8.495778759046517e-07
2015-05-09,1.1097817342677223e-06
2015-05-10,8.947569856086828e-07
2015-05-11,8.001744752530226e-07
2015-05-12,8.127424119690063e-07
2015-05-13,1.0705411692664758e-06
2015-05-14,7.541266453801852e-07
2015-05-15,8.278078443148333e-07
2015-05-16,7.369903153085319e-07
2015-05-17,9.434783737267875e-07
2015-05-18,7.445246771122114e-07
2015-05-19,1.0608518969596674e-06
2015-05-20,1.2793725697439595e-06
2015-05-21,7.756034355524433e-07
2015-05-22,5.925545480175761e-07
2015-05-23,1.4808207732750703e-06
2015-05-24,8.15911033060955e-07
2015-05-25,7.979296832445938e-07
2015-05-26,6.049431757303345e-07
2015-05-27,7.085694441720881e-07
2015-05-28,1.1368684043202848e-06
2015-05-29,7.69751666655568e-07
2015-05-30,8.283468039090585e-07
2015-05-31,7.637925318432969e-07
2015-06-01,4.614811604231855e-07
2015-06-02,5.858101341425324e-07
2015-06-03,1.0405796832593856e-06
2015-06-04,1.7829233476587854e-06
2015-06-05,1.116519945852946e-06
2015-06-06,9.70971944129789e-07
2015-06-07,7.536741733713442e-07
2015-06-08,7.878112770604013e-07
2015-06-09,1.0656890373197661e-06
2015-06-10,9.652395852200033e-07
2015-06-11,6.468910309238627e-07
2015-06-12,5.989852403859734e-07
2015-06-13,7.926195685233668e-07
2015-06-14,1.1921341028379756e-06
2015-06-15,9.183456696206473e-07
2015-06-16,8.067153935625059e-07
2015-06-17,1.316094091743024e-06
2015-06-18,8.58681829652051e-07
2015-06-19,1.1964956810151488e-06
2015-06-20,1.2678908367998187e-06
2015-06-21,1.2673953235318768e-06
2015-06-22,9.145995813971043e-07
2015-06-23,7.691645027505322e-07
2015-06-24,1.0201572340202526e-06
2015-06-25,5.97654736019155e-07
2015-06-26,9.073184901953683e-07
2015-06-27,8.4883710731027e-07
2015-06-28,1.1180029783599343e-06
2015-06-29,7.872511162808896e-07
2015-06-30,8.557137851840912e-07
2015-07-01,6.535895857180654e-07
2015-07-02,1.0405741199061811e-06
2015-07-03,5.951776664852225e-07
2015-07-04,8.916311715125094e-07
2015-07-05,9.83872435035563e-07
2015-07-06,6.983953024857501e-07
2015-07-07,6.701103301477796e-07
2015-07-08,8.7195900876247e-07
2015-07-09,5.873835676199073e-07
2015-07-10,7.940675502075828e-07
2015-07-11,8.715713072854004e-07
2015-07-12,5.018976751095894e-07
2015-07-13,8.764473690519319e-07
2015-07-14,3.9783946647075284e-07
2015-07-15,6.524128312503824e-07
2015-07-16,5.916791451798385e-07
2015-07-17,5.630500151873944e-07
2015-07-18,1.1457924770321405e-06
2015-07-19,1.1501852677196187e-06
2015-07-20,7.765154799655123e-07
2015-07-21,6.033692945902311e-07
2015-07-22,1.2338517772859526e-06
2015-07-23,8.640816799130388e-07
2015-07-24,9.79756292970296e-07
2015-07-25,8.884081664209915e-07
2015-07-26,1.2552881991287045e-06
2015-07-27,1.0684720673655784e-06
2015-07-28,8.788210704879664e-07
2015-07-29,1.1546515577095174e-06
2015-07-30,6.032933280031251e-07
2015-07-31,7.822004278392989e-07
2015-08-01,9.213964306530441e-07
2015-08-02,8.811681328716952e-07
2015-08-03,6.134660602794204e-07
2015-08-04,7.285040191990288e-07
2015-08-05,4.977125215461824e-07
2015-08-06,1.0801613315670535e-06
2015-08-07,1.3219949877353236e-06
2015-08-08,1.0830768941948725e-06
2015-08-09,8.54255580434997e-07
2015-08-10,7.817442062600138e-07
2015-08-11,7.859155637066333e-07
2015-08-12,9.460190258035486e-07
2015-08-13,7.046504783244787e-07
2015-08-14,6.536117552180167e-07
2015-08-15,1.0096053161410397e-06
2015-08-16,1.26991347488329e-06
2015-08-17,1.3523410700826057e-06
2015-08-18,1.1544318059815729e-06
2015-08-19,9.235570487402027e-07
2015-08-20,7.652162201908282e-07
2015-08-21,8.475323398476847e-07
2015-08-22,1.2496140421986182e-06
2015-08-23,9.437819345509107e-07
2015-08-24,8.657825848539818e-07
2015-08-25,1.3934188620711953e-06
2015-08-26,1.0550618575109352e-06
2015-08-27,9.370625414628483e-07
2015-08-28,8.001332003560447e-07
2015-08-29,1.068803959250098e-06
2015-08-30,1.3611380466426442e-06
2015-08-31,9.866871859329837e-07
