date,multiracial
2007-10-15,0
2007-10-16,0
2007-10-17,0
2007-10-18,0
2007-10-19,0
2007-10-20,0
2007-10-21,0
2007-10-22,0
2007-10-23,0
2007-10-24,0
2007-10-25,0
2007-10-26,0
2007-10-27,0
2007-10-28,0
2007-10-29,0
2007-10-30,0
2007-10-31,0
2007-11-01,0
2007-11-02,0
2007-11-03,0
2007-11-04,0
2007-11-05,0
2007-11-06,0
2007-11-07,0
2007-11-08,0
2007-11-09,0
2007-11-10,0
2007-11-11,0
2007-11-12,0
2007-11-13,0
2007-11-14,0
2007-11-15,0
2007-11-16,0
2007-11-17,0
2007-11-18,0
2007-11-19,0
2007-11-20,0
2007-11-21,0
2007-11-22,0
2007-11-23,0
2007-11-24,0
2007-11-25,0
2007-11-26,0
2007-11-27,0
2007-11-28,0
2007-11-29,0
2007-11-30,0
2007-12-01,0
2007-12-02,0
2007-12-03,0
2007-12-04,0
2007-12-05,0
2007-12-06,0
2007-12-07,0
2007-12-08,0
2007-12-09,0
2007-12-10,0
2007-12-11,0
2007-12-12,0
2007-12-13,0
2007-12-14,0
2007-12-15,0
2007-12-16,0
2007-12-17,0
2007-12-18,0
2007-12-19,0
2007-12-20,0
2007-12-21,0
2007-12-22,0
2007-12-23,0
2007-12-24,0
2007-12-25,0
2007-12-26,0
2007-12-27,0
2007-12-28,0
2007-12-29,0
2007-12-30,0
2007-12-31,0
2008-01-01,0
2008-01-02,0
2008-01-03,0
2008-01-04,0
2008-01-05,0
2008-01-06,0
2008-01-07,0
2008-01-08,0
2008-01-09,0
2008-01-10,0
2008-01-11,0
2008-01-12,0
2008-01-13,0
2008-01-14,0
2008-01-15,0
2008-01-16,0
2008-01-17,0
2008-01-18,0
2008-01-19,0
2008-01-20,0
2008-01-21,0
2008-01-22,0
2008-01-23,0
2008-01-24,0
2008-01-25,0
2008-01-26,0
2008-01-27,0
2008-01-28,0
2008-01-29,0
2008-01-30,0
2008-01-31,0
2008-02-01,0
2008-02-02,0
2008-02-03,0
2008-02-04,0
2008-02-05,0
2008-02-06,0
2008-02-07,0
2008-02-08,0
2008-02-09,0
2008-02-10,0
2008-02-11,0
2008-02-12,0
2008-02-13,0
2008-02-14,0
2008-02-15,0
2008-02-16,0
2008-02-17,0
2008-02-18,0
2008-02-19,0
2008-02-20,0
2008-02-21,0
2008-02-22,0
2008-02-23,0
2008-02-24,0
2008-02-25,0
2008-02-26,0
2008-02-27,0
2008-02-28,0
2008-02-29,0
2008-03-01,0
2008-03-02,0
2008-03-03,0
2008-03-04,0
2008-03-05,0
2008-03-06,0
2008-03-07,0
2008-03-08,0
2008-03-09,0
2008-03-10,0
2008-03-11,0
2008-03-12,0
2008-03-13,0
2008-03-14,0
2008-03-15,0
2008-03-16,0
2008-03-17,0
2008-03-18,0
2008-03-19,0
2008-03-20,0
2008-03-21,0
2008-03-22,0
2008-03-23,0
2008-03-24,0
2008-03-25,0
2008-03-26,0
2008-03-27,0
2008-03-28,0
2008-03-29,0
2008-03-30,0
2008-03-31,0
2008-04-01,0
2008-04-02,0
2008-04-03,0
2008-04-04,0
2008-04-05,0
2008-04-06,0
2008-04-07,0
2008-04-08,0
2008-04-09,0
2008-04-10,0
2008-04-11,0
2008-04-12,0
2008-04-13,0
2008-04-14,0
2008-04-15,0
2008-04-16,0
2008-04-17,0
2008-04-18,0
2008-04-19,0
2008-04-20,0
2008-04-21,0
2008-04-22,0
2008-04-23,0
2008-04-24,0
2008-04-25,0
2008-04-26,0
2008-04-27,0
2008-04-28,0
2008-04-29,0
2008-04-30,0
2008-05-01,0
2008-05-02,0
2008-05-03,0
2008-05-04,0
2008-05-05,0
2008-05-06,0
2008-05-07,0
2008-05-08,0
2008-05-09,0
2008-05-10,0
2008-05-11,0
2008-05-12,0
2008-05-13,0
2008-05-14,0
2008-05-15,0
2008-05-16,0
2008-05-17,0
2008-05-18,0
2008-05-19,0
2008-05-20,0
2008-05-21,0
2008-05-22,0
2008-05-23,0
2008-05-24,0
2008-05-25,0
2008-05-26,0
2008-05-27,0
2008-05-28,0
2008-05-29,0
2008-05-30,0
2008-05-31,0
2008-06-01,0
2008-06-02,0
2008-06-03,0
2008-06-04,0
2008-06-05,0
2008-06-06,0
2008-06-07,0
2008-06-08,0
2008-06-09,0
2008-06-10,0
2008-06-11,0
2008-06-12,0
2008-06-13,0
2008-06-14,0
2008-06-15,0
2008-06-16,0
2008-06-17,0
2008-06-18,0
2008-06-19,0
2008-06-20,0
2008-06-21,0
2008-06-22,0
2008-06-23,0
2008-06-24,0
2008-06-25,0
2008-06-26,0
2008-06-27,0
2008-06-28,0
2008-06-29,0
2008-06-30,0
2008-07-01,0
2008-07-02,0
2008-07-03,0
2008-07-04,0
2008-07-05,0
2008-07-06,0
2008-07-07,0
2008-07-08,0
2008-07-09,0
2008-07-10,0
2008-07-11,0
2008-07-12,0
2008-07-13,0
2008-07-14,0
2008-07-15,0
2008-07-16,0
2008-07-17,0
2008-07-18,0
2008-07-19,0
2008-07-20,0
2008-07-21,0
2008-07-22,0
2008-07-23,0
2008-07-24,0
2008-07-25,0
2008-07-26,0
2008-07-27,0
2008-07-28,0
2008-07-29,0
2008-07-30,0
2008-07-31,0
2008-08-01,0
2008-08-02,0
2008-08-03,0
2008-08-04,0
2008-08-05,0
2008-08-06,0
2008-08-07,0
2008-08-08,0
2008-08-09,0
2008-08-10,0
2008-08-11,0
2008-08-12,0
2008-08-13,0
2008-08-14,0
2008-08-15,0
2008-08-16,0
2008-08-17,0
2008-08-18,0
2008-08-19,0
2008-08-20,0
2008-08-21,0
2008-08-22,0
2008-08-23,0
2008-08-24,0
2008-08-25,0
2008-08-26,0
2008-08-27,0
2008-08-28,0
2008-08-29,0
2008-08-30,0
2008-08-31,0
2008-09-01,0
2008-09-02,0
2008-09-03,0
2008-09-04,0
2008-09-05,0
2008-09-06,0
2008-09-07,0
2008-09-08,0
2008-09-09,0
2008-09-10,0
2008-09-11,0
2008-09-12,0
2008-09-13,0
2008-09-14,0
2008-09-15,0
2008-09-16,0
2008-09-17,0
2008-09-18,0
2008-09-19,0
2008-09-20,0
2008-09-21,0
2008-09-22,0
2008-09-23,0
2008-09-24,0
2008-09-25,0
2008-09-26,0
2008-09-27,0
2008-09-28,0
2008-09-29,0
2008-09-30,0
2008-10-01,0
2008-10-02,0
2008-10-03,0
2008-10-04,0
2008-10-05,0
2008-10-06,0
2008-10-07,0
2008-10-08,0
2008-10-09,0
2008-10-10,0
2008-10-11,0
2008-10-12,0
2008-10-13,0
2008-10-14,0
2008-10-15,0
2008-10-16,0
2008-10-17,0
2008-10-18,0
2008-10-19,0
2008-10-20,0
2008-10-21,0
2008-10-22,0
2008-10-23,0
2008-10-24,0
2008-10-25,0
2008-10-26,0
2008-10-27,0
2008-10-28,0
2008-10-29,0
2008-10-30,0
2008-10-31,0
2008-11-01,0
2008-11-02,0
2008-11-03,0
2008-11-04,0
2008-11-05,0
2008-11-06,0
2008-11-07,0
2008-11-08,0
2008-11-09,0
2008-11-10,0
2008-11-11,0
2008-11-12,0
2008-11-13,0
2008-11-14,0
2008-11-15,0
2008-11-16,0
2008-11-17,0
2008-11-18,0
2008-11-19,0
2008-11-20,0
2008-11-21,0
2008-11-22,0
2008-11-23,0
2008-11-24,0
2008-11-25,0
2008-11-26,0
2008-11-27,0
2008-11-28,0
2008-11-29,0
2008-11-30,0
2008-12-01,0
2008-12-02,0
2008-12-03,0
2008-12-04,0
2008-12-05,0
2008-12-06,0
2008-12-07,0
2008-12-08,0
2008-12-09,0
2008-12-10,0
2008-12-11,0
2008-12-12,0
2008-12-13,0
2008-12-14,0
2008-12-15,0
2008-12-16,0
2008-12-17,0
2008-12-18,0
2008-12-19,0
2008-12-20,0
2008-12-21,0
2008-12-22,0
2008-12-23,0
2008-12-24,0
2008-12-25,0
2008-12-26,0
2008-12-27,0
2008-12-28,0
2008-12-29,0
2008-12-30,0
2008-12-31,0
2009-01-01,0
2009-01-02,0
2009-01-03,0
2009-01-04,0
2009-01-05,0
2009-01-06,0
2009-01-07,0
2009-01-08,0
2009-01-09,0
2009-01-10,0
2009-01-11,0
2009-01-12,0
2009-01-13,0
2009-01-14,0
2009-01-15,0
2009-01-16,0
2009-01-17,0
2009-01-18,0
2009-01-19,0
2009-01-20,0
2009-01-21,0
2009-01-22,0
2009-01-23,0
2009-01-24,0
2009-01-25,0
2009-01-26,0
2009-01-27,0
2009-01-28,0
2009-01-29,0
2009-01-30,0
2009-01-31,0
2009-02-01,0
2009-02-02,0
2009-02-03,0
2009-02-04,0
2009-02-05,0
2009-02-06,0
2009-02-07,0
2009-02-08,0
2009-02-09,0
2009-02-10,0
2009-02-11,0
2009-02-12,0
2009-02-13,0
2009-02-14,0
2009-02-15,0
2009-02-16,0
2009-02-17,0
2009-02-18,0
2009-02-19,0
2009-02-20,0
2009-02-21,0
2009-02-22,0
2009-02-23,0
2009-02-24,0
2009-02-25,0
2009-02-26,0
2009-02-27,0
2009-02-28,0
2009-03-01,0
2009-03-02,0
2009-03-03,0
2009-03-04,0
2009-03-05,0
2009-03-06,0
2009-03-07,0
2009-03-08,0
2009-03-09,0
2009-03-10,0
2009-03-11,0
2009-03-12,0
2009-03-13,0
2009-03-14,0
2009-03-15,0
2009-03-16,0
2009-03-17,0
2009-03-18,0
2009-03-19,0
2009-03-20,0
2009-03-21,0
2009-03-22,0
2009-03-23,0
2009-03-24,0
2009-03-25,0
2009-03-26,0
2009-03-27,0
2009-03-28,0
2009-03-29,0
2009-03-30,0
2009-03-31,0
2009-04-01,0
2009-04-02,0
2009-04-03,0
2009-04-04,0
2009-04-05,0
2009-04-06,0
2009-04-07,0
2009-04-08,0
2009-04-09,0
2009-04-10,0
2009-04-11,0
2009-04-12,0
2009-04-13,0
2009-04-14,0
2009-04-15,0
2009-04-16,0
2009-04-17,0
2009-04-18,0
2009-04-19,0
2009-04-20,0
2009-04-21,0
2009-04-22,0
2009-04-23,0
2009-04-24,0
2009-04-25,0
2009-04-26,0
2009-04-27,0
2009-04-28,0
2009-04-29,0
2009-04-30,0
2009-05-01,0
2009-05-02,0
2009-05-03,0
2009-05-04,0
2009-05-05,0
2009-05-06,0
2009-05-07,0
2009-05-08,0
2009-05-09,0
2009-05-10,0
2009-05-11,0
2009-05-12,0
2009-05-13,0
2009-05-14,0
2009-05-15,0
2009-05-16,0
2009-05-17,0
2009-05-18,0
2009-05-19,0
2009-05-20,0
2009-05-21,0
2009-05-22,0
2009-05-23,0
2009-05-24,0
2009-05-25,0
2009-05-26,0
2009-05-27,0
2009-05-28,0
2009-05-29,0
2009-05-30,0
2009-05-31,0
2009-06-01,0
2009-06-02,0
2009-06-03,0
2009-06-04,0
2009-06-05,0
2009-06-06,0
2009-06-07,0
2009-06-08,0
2009-06-09,0
2009-06-10,0
2009-06-11,0
2009-06-12,0
2009-06-13,0
2009-06-14,0
2009-06-15,0
2009-06-16,0
2009-06-17,0
2009-06-18,0
2009-06-19,0
2009-06-20,0
2009-06-21,0
2009-06-22,0
2009-06-23,0
2009-06-24,0
2009-06-25,0
2009-06-26,0
2009-06-27,0
2009-06-28,0
2009-06-29,0
2009-06-30,2.991350211727768e-06
2009-07-01,0
2009-07-02,0
2009-07-03,0
2009-07-04,0
2009-07-05,0
2009-07-06,0
2009-07-07,0
2009-07-08,0
2009-07-09,0
2009-07-10,0
2009-07-11,0
2009-07-12,0
2009-07-13,0
2009-07-14,0
2009-07-15,0
2009-07-16,0
2009-07-17,0
2009-07-18,0
2009-07-19,0
2009-07-20,0
2009-07-21,0
2009-07-22,0
2009-07-23,0
2009-07-24,0
2009-07-25,0
2009-07-26,0
2009-07-27,0
2009-07-28,0
2009-07-29,0
2009-07-30,0
2009-07-31,0
2009-08-01,0
2009-08-02,0
2009-08-03,0
2009-08-04,0
2009-08-05,0
2009-08-06,0
2009-08-07,0
2009-08-08,0
2009-08-09,0
2009-08-10,0
2009-08-11,0
2009-08-12,0
2009-08-13,0
2009-08-14,0
2009-08-15,0
2009-08-16,0
2009-08-17,0
2009-08-18,0
2009-08-19,0
2009-08-20,0
2009-08-21,0
2009-08-22,0
2009-08-23,0
2009-08-24,0
2009-08-25,0
2009-08-26,0
2009-08-27,0
2009-08-28,0
2009-08-29,0
2009-08-30,0
2009-08-31,0
2009-09-01,0
2009-09-02,0
2009-09-03,0
2009-09-04,0
2009-09-05,0
2009-09-06,0
2009-09-07,0
2009-09-08,0
2009-09-09,0
2009-09-10,0
2009-09-11,0
2009-09-12,0
2009-09-13,0
2009-09-14,0
2009-09-15,0
2009-09-16,0
2009-09-17,0
2009-09-18,0
2009-09-19,0
2009-09-20,0
2009-09-21,0
2009-09-22,0
2009-09-23,0
2009-09-24,0
2009-09-25,0
2009-09-26,0
2009-09-27,0
2009-09-28,0
2009-09-29,0
2009-09-30,0
2009-10-01,0
2009-10-02,0
2009-10-03,0
2009-10-04,0
2009-10-05,0
2009-10-06,0
2009-10-07,0
2009-10-08,0
2009-10-09,0
2009-10-10,0
2009-10-11,0
2009-10-12,0
2009-10-13,0
2009-10-14,0
2009-10-15,0
2009-10-16,0
2009-10-17,0
2009-10-18,0
2009-10-19,0
2009-10-20,0
2009-10-21,0
2009-10-22,0
2009-10-23,0
2009-10-24,0
2009-10-25,0
2009-10-26,0
2009-10-27,0
2009-10-28,0
2009-10-29,0
2009-10-30,0
2009-10-31,0
2009-11-01,0
2009-11-02,0
2009-11-03,0
2009-11-04,0
2009-11-05,0
2009-11-06,0
2009-11-07,0
2009-11-08,0
2009-11-09,0
2009-11-10,0
2009-11-11,0
2009-11-12,0
2009-11-13,0
2009-11-14,0
2009-11-15,0
2009-11-16,0
2009-11-17,0
2009-11-18,0
2009-11-19,0
2009-11-20,0
2009-11-21,0
2009-11-22,0
2009-11-23,0
2009-11-24,0
2009-11-25,0
2009-11-26,0
2009-11-27,0
2009-11-28,0
2009-11-29,0
2009-11-30,1.8119861433795644e-06
2009-12-01,0
2009-12-02,0
2009-12-03,0
2009-12-04,0
2009-12-05,0
2009-12-06,0
2009-12-07,0
2009-12-08,0
2009-12-09,0
2009-12-10,0
2009-12-11,0
2009-12-12,0
2009-12-13,0
2009-12-14,0
2009-12-15,0
2009-12-16,0
2009-12-17,0
2009-12-18,0
2009-12-19,0
2009-12-20,0
2009-12-21,0
2009-12-22,0
2009-12-23,0
2009-12-24,0
2009-12-25,0
2009-12-26,0
2009-12-27,0
2009-12-28,0
2009-12-29,0
2009-12-30,0
2009-12-31,0
2010-01-01,0
2010-01-02,0
2010-01-03,0
2010-01-04,0
2010-01-05,0
2010-01-06,0
2010-01-07,0
2010-01-08,0
2010-01-09,0
2010-01-10,0
2010-01-11,0
2010-01-12,0
2010-01-13,0
2010-01-14,0
2010-01-15,0
2010-01-16,0
2010-01-17,0
2010-01-18,0
2010-01-19,0
2010-01-20,0
2010-01-21,0
2010-01-22,0
2010-01-23,0
2010-01-24,0
2010-01-25,0
2010-01-26,0
2010-01-27,0
2010-01-28,0
2010-01-29,0
2010-01-30,0
2010-01-31,0
2010-02-01,0
2010-02-02,0
2010-02-03,0
2010-02-04,0
2010-02-05,0
2010-02-06,0
2010-02-07,0
2010-02-08,1.5797838223817453e-06
2010-02-09,0
2010-02-10,0
2010-02-11,0
2010-02-12,0
2010-02-13,0
2010-02-14,0
2010-02-15,0
2010-02-16,0
2010-02-17,0
2010-02-18,0
2010-02-19,0
2010-02-20,0
2010-02-21,0
2010-02-22,0
2010-02-23,0
2010-02-24,0
2010-02-25,0
2010-02-26,0
2010-02-27,0
2010-02-28,0
2010-03-01,0
2010-03-02,0
2010-03-03,0
2010-03-04,0
2010-03-05,0
2010-03-06,0
2010-03-07,0
2010-03-08,0
2010-03-09,0
2010-03-10,0
2010-03-11,0
2010-03-12,0
2010-03-13,0
2010-03-14,0
2010-03-15,0
2010-03-16,0
2010-03-17,0
2010-03-18,0
2010-03-19,0
2010-03-20,0
2010-03-21,0
2010-03-22,0
2010-03-23,0
2010-03-24,0
2010-03-25,0
2010-03-26,0
2010-03-27,0
2010-03-28,0
2010-03-29,0
2010-03-30,0
2010-03-31,0
2010-04-01,0
2010-04-02,0
2010-04-03,0
2010-04-04,0
2010-04-05,0
2010-04-06,0
2010-04-07,0
2010-04-08,0
2010-04-09,0
2010-04-10,0
2010-04-11,0
2010-04-12,0
2010-04-13,0
2010-04-14,0
2010-04-15,0
2010-04-16,0
2010-04-17,0
2010-04-18,0
2010-04-19,0
2010-04-20,0
2010-04-21,0
2010-04-22,0
2010-04-23,0
2010-04-24,0
2010-04-25,0
2010-04-26,0
2010-04-27,0
2010-04-28,0
2010-04-29,0
2010-04-30,0
2010-05-01,0
2010-05-02,0
2010-05-03,0
2010-05-04,0
2010-05-05,0
2010-05-06,0
2010-05-07,0
2010-05-08,0
2010-05-09,0
2010-05-10,0
2010-05-11,0
2010-05-12,0
2010-05-13,0
2010-05-14,0
2010-05-15,0
2010-05-16,0
2010-05-17,0
2010-05-18,0
2010-05-19,0
2010-05-20,0
2010-05-21,0
2010-05-22,0
2010-05-23,0
2010-05-24,0
2010-05-25,0
2010-05-26,0
2010-05-27,0
2010-05-28,0
2010-05-29,0
2010-05-30,0
2010-05-31,0
2010-06-01,0
2010-06-02,0
2010-06-03,0
2010-06-04,0
2010-06-05,0
2010-06-06,0
2010-06-07,0
2010-06-08,0
2010-06-09,0
2010-06-10,0
2010-06-11,0
2010-06-12,0
2010-06-13,0
2010-06-14,0
2010-06-15,0
2010-06-16,0
2010-06-17,0
2010-06-18,0
2010-06-19,0
2010-06-20,0
2010-06-21,0
2010-06-22,0
2010-06-23,0
2010-06-24,0
2010-06-25,0
2010-06-26,1.7909624453084842e-06
2010-06-27,0
2010-06-28,0
2010-06-29,0
2010-06-30,0
2010-07-01,0
2010-07-02,0
2010-07-03,0
2010-07-04,0
2010-07-05,0
2010-07-06,0
2010-07-07,0
2010-07-08,0
2010-07-09,0
2010-07-10,0
2010-07-11,0
2010-07-12,0
2010-07-13,0
2010-07-14,0
2010-07-15,0
2010-07-16,0
2010-07-17,0
2010-07-18,0
2010-07-19,0
2010-07-20,0
2010-07-21,0
2010-07-22,0
2010-07-23,0
2010-07-24,0
2010-07-25,0
2010-07-26,0
2010-07-27,0
2010-07-28,0
2010-07-29,0
2010-07-30,0
2010-07-31,0
2010-08-01,0
2010-08-02,0
2010-08-03,0
2010-08-04,0
2010-08-05,0
2010-08-06,0
2010-08-07,0
2010-08-08,0
2010-08-09,0
2010-08-10,0
2010-08-11,0
2010-08-12,0
2010-08-13,0
2010-08-14,0
2010-08-15,0
2010-08-16,0
2010-08-17,0
2010-08-18,0
2010-08-19,0
2010-08-20,0
2010-08-21,0
2010-08-22,0
2010-08-23,0
2010-08-24,0
2010-08-25,0
2010-08-26,0
2010-08-27,0
2010-08-28,0
2010-08-29,0
2010-08-30,0
2010-08-31,0
2010-09-01,0
2010-09-02,0
2010-09-03,0
2010-09-04,0
2010-09-05,0
2010-09-06,0
2010-09-07,0
2010-09-08,0
2010-09-09,0
2010-09-10,0
2010-09-11,0
2010-09-12,0
2010-09-13,0
2010-09-14,0
2010-09-15,0
2010-09-16,0
2010-09-17,0
2010-09-18,0
2010-09-19,0
2010-09-20,1.56553659060181e-06
2010-09-21,0
2010-09-22,0
2010-09-23,0
2010-09-24,0
2010-09-25,0
2010-09-26,0
2010-09-27,0
2010-09-28,0
2010-09-29,0
2010-09-30,0
2010-10-01,0
2010-10-02,0
2010-10-03,0
2010-10-04,0
2010-10-05,0
2010-10-06,0
2010-10-07,0
2010-10-08,0
2010-10-09,0
2010-10-10,0
2010-10-11,0
2010-10-12,0
2010-10-13,0
2010-10-14,0
2010-10-15,0
2010-10-16,0
2010-10-17,0
2010-10-18,0
2010-10-19,0
2010-10-20,0
2010-10-21,0
2010-10-22,0
2010-10-23,0
2010-10-24,0
2010-10-25,0
2010-10-26,0
2010-10-27,0
2010-10-28,0
2010-10-29,0
2010-10-30,0
2010-10-31,0
2010-11-01,0
2010-11-02,0
2010-11-03,0
2010-11-04,0
2010-11-05,0
2010-11-06,0
2010-11-07,0
2010-11-08,0
2010-11-09,0
2010-11-10,0
2010-11-11,0
2010-11-12,0
2010-11-13,0
2010-11-14,0
2010-11-15,0
2010-11-16,0
2010-11-17,0
2010-11-18,0
2010-11-19,0
2010-11-20,0
2010-11-21,1.6280875808781578e-06
2010-11-22,0
2010-11-23,0
2010-11-24,0
2010-11-25,0
2010-11-26,0
2010-11-27,0
2010-11-28,0
2010-11-29,0
2010-11-30,0
2010-12-01,0
2010-12-02,0
2010-12-03,0
2010-12-04,0
2010-12-05,0
2010-12-06,0
2010-12-07,0
2010-12-08,0
2010-12-09,0
2010-12-10,0
2010-12-11,0
2010-12-12,0
2010-12-13,0
2010-12-14,0
2010-12-15,0
2010-12-16,0
2010-12-17,0
2010-12-18,0
2010-12-19,0
2010-12-20,0
2010-12-21,0
2010-12-22,0
2010-12-23,0
2010-12-24,0
2010-12-25,0
2010-12-26,0
2010-12-27,0
2010-12-28,0
2010-12-29,0
2010-12-30,0
2010-12-31,0
2011-01-01,0
2011-01-02,0
2011-01-03,0
2011-01-04,0
2011-01-05,0
2011-01-06,8.478039334711297e-07
2011-01-07,0
2011-01-08,0
2011-01-09,0
2011-01-10,0
2011-01-11,0
2011-01-12,0
2011-01-13,0
2011-01-14,0
2011-01-15,0
2011-01-16,0
2011-01-17,0
2011-01-18,0
2011-01-19,0
2011-01-20,0
2011-01-21,7.491048571509475e-07
2011-01-22,0
2011-01-23,0
2011-01-24,0
2011-01-25,0
2011-01-26,0
2011-01-27,0
2011-01-28,0
2011-01-29,0
2011-01-30,0
2011-01-31,0
2011-02-01,0
2011-02-02,0
2011-02-03,0
2011-02-04,0
2011-02-05,0
2011-02-06,0
2011-02-07,0
2011-02-08,0
2011-02-09,0
2011-02-10,0
2011-02-11,0
2011-02-12,0
2011-02-13,0
2011-02-14,0
2011-02-15,0
2011-02-16,0
2011-02-17,0
2011-02-18,0
2011-02-19,0
2011-02-20,0
2011-02-21,0
2011-02-22,0
2011-02-23,0
2011-02-24,0
2011-02-25,0
2011-02-26,0
2011-02-27,0
2011-02-28,0
2011-03-01,0
2011-03-02,0
2011-03-03,0
2011-03-04,0
2011-03-05,0
2011-03-06,0
2011-03-07,0
2011-03-08,7.634672764564634e-07
2011-03-09,0
2011-03-10,0
2011-03-11,0
2011-03-12,0
2011-03-13,0
2011-03-14,0
2011-03-15,0
2011-03-16,0
2011-03-17,0
2011-03-18,6.962495681512054e-07
2011-03-19,0
2011-03-20,0
2011-03-21,0
2011-03-22,0
2011-03-23,0
2011-03-24,0
2011-03-25,0
2011-03-26,0
2011-03-27,0
2011-03-28,0
2011-03-29,0
2011-03-30,0
2011-03-31,0
2011-04-01,0
2011-04-02,0
2011-04-03,0
2011-04-04,0
2011-04-05,0
2011-04-06,0
2011-04-07,0
2011-04-08,0
2011-04-09,0
2011-04-10,0
2011-04-11,0
2011-04-12,0
2011-04-13,0
2011-04-14,0
2011-04-15,0
2011-04-16,0
2011-04-17,0
2011-04-18,0
2011-04-19,0
2011-04-20,0
2011-04-21,0
2011-04-22,0
2011-04-23,0
2011-04-24,0
2011-04-25,0
2011-04-26,0
2011-04-27,0
2011-04-28,0
2011-04-29,0
2011-04-30,0
2011-05-01,0
2011-05-02,0
2011-05-03,0
2011-05-04,0
2011-05-05,0
2011-05-06,0
2011-05-07,0
2011-05-08,0
2011-05-09,0
2011-05-10,0
2011-05-11,0
2011-05-12,0
2011-05-13,0
2011-05-14,0
2011-05-15,0
2011-05-16,0
2011-05-17,0
2011-05-18,0
2011-05-19,0
2011-05-20,0
2011-05-21,0
2011-05-22,0
2011-05-23,0
2011-05-24,0
2011-05-25,0
2011-05-26,0
2011-05-27,0
2011-05-28,0
2011-05-29,0
2011-05-30,0
2011-05-31,0
2011-06-01,0
2011-06-02,0
2011-06-03,0
2011-06-04,0
2011-06-05,0
2011-06-06,0
2011-06-07,0
2011-06-08,6.757248548784341e-07
2011-06-09,0
2011-06-10,0
2011-06-11,0
2011-06-12,0
2011-06-13,0
2011-06-14,0
2011-06-15,0
2011-06-16,0
2011-06-17,0
2011-06-18,0
2011-06-19,0
2011-06-20,0
2011-06-21,0
2011-06-22,0
2011-06-23,0
2011-06-24,5.6778881798973e-07
2011-06-25,7.241904673070731e-07
2011-06-26,0
2011-06-27,0
2011-06-28,0
2011-06-29,0
2011-06-30,0
2011-07-01,0
2011-07-02,0
2011-07-03,0
2011-07-04,0
2011-07-05,0
2011-07-06,0
2011-07-07,0
2011-07-08,0
2011-07-09,0
2011-07-10,0
2011-07-11,0
2011-07-12,0
2011-07-13,0
2011-07-14,0
2011-07-15,0
2011-07-16,0
2011-07-17,0
2011-07-18,0
2011-07-19,0
2011-07-20,0
2011-07-21,0
2011-07-22,0
2011-07-23,0
2011-07-24,0
2011-07-25,0
2011-07-26,0
2011-07-27,0
2011-07-28,0
2011-07-29,0
2011-07-30,0
2011-07-31,0
2011-08-01,0
2011-08-02,0
2011-08-03,0
2011-08-04,0
2011-08-05,0
2011-08-06,0
2011-08-07,0
2011-08-08,0
2011-08-09,0
2011-08-10,0
2011-08-11,4.4117115058318416e-07
2011-08-12,0
2011-08-13,0
2011-08-14,0
2011-08-15,0
2011-08-16,4.0974488054502624e-07
2011-08-17,0
2011-08-18,0
2011-08-19,0
2011-08-20,0
2011-08-21,0
2011-08-22,0
2011-08-23,0
2011-08-24,0
2011-08-25,0
2011-08-26,0
2011-08-27,0
2011-08-28,0
2011-08-29,0
2011-08-30,0
2011-08-31,0
2011-09-01,0
2011-09-02,0
2011-09-03,0
2011-09-04,0
2011-09-05,0
2011-09-06,0
2011-09-07,0
2011-09-08,0
2011-09-09,0
2011-09-10,0
2011-09-11,0
2011-09-12,0
2011-09-13,0
2011-09-14,0
2011-09-15,0
2011-09-16,0
2011-09-17,0
2011-09-18,0
2011-09-19,0
2011-09-20,0
2011-09-21,0
2011-09-22,0
2011-09-23,0
2011-09-24,0
2011-09-25,6.567800831001946e-07
2011-09-26,0
2011-09-27,0
2011-09-28,0
2011-09-29,0
2011-09-30,0
2011-10-01,0
2011-10-02,0
2011-10-03,0
2011-10-04,0
2011-10-05,0
2011-10-06,0
2011-10-07,0
2011-10-08,0
2011-10-09,0
2011-10-10,0
2011-10-11,0
2011-10-12,0
2011-10-13,0
2011-10-14,0
2011-10-15,0
2011-10-16,0
2011-10-17,0
2011-10-18,0
2011-10-19,4.5840596202794214e-07
2011-10-20,6.10555264142616e-07
2011-10-21,0
2011-10-22,0
2011-10-23,0
2011-10-24,0
2011-10-25,0
2011-10-26,0
2011-10-27,0
2011-10-28,0
2011-10-29,0
2011-10-30,0
2011-10-31,0
2011-11-01,0
2011-11-02,0
2011-11-03,0
2011-11-04,0
2011-11-05,0
2011-11-06,0
2011-11-07,0
2011-11-08,0
2011-11-09,0
2011-11-10,0
2011-11-11,0
2011-11-12,0
2011-11-13,0
2011-11-14,0
2011-11-15,3.584132529178244e-07
2011-11-16,0
2011-11-17,0
2011-11-18,0
2011-11-19,0
2011-11-20,0
2011-11-21,0
2011-11-22,0
2011-11-23,0
2011-11-24,0
2011-11-25,0
2011-11-26,0
2011-11-27,0
2011-11-28,0
2011-11-29,0
2011-11-30,0
2011-12-01,0
2011-12-02,0
2011-12-03,0
2011-12-04,0
2011-12-05,0
2011-12-06,0
2011-12-07,0
2011-12-08,0
2011-12-09,0
2011-12-10,0
2011-12-11,0
2011-12-12,0
2011-12-13,0
2011-12-14,0
2011-12-15,0
2011-12-16,0
2011-12-17,0
2011-12-18,0
2011-12-19,0
2011-12-20,0
2011-12-21,5.033185590162222e-07
2011-12-22,0
2011-12-23,0
2011-12-24,0
2011-12-25,6.966166952550419e-07
2011-12-26,0
2011-12-27,0
2011-12-28,0
2011-12-29,0
2011-12-30,0
2011-12-31,0
2012-01-01,0
2012-01-02,0
2012-01-03,3.360783992935363e-07
2012-01-04,0
2012-01-05,0
2012-01-06,0
2012-01-07,0
2012-01-08,0
2012-01-09,4.3456602746556625e-07
2012-01-10,0
2012-01-11,0
2012-01-12,0
2012-01-13,0
2012-01-14,0
2012-01-15,0
2012-01-16,0
2012-01-17,0
2012-01-18,0
2012-01-19,0
2012-01-20,0
2012-01-21,0
2012-01-22,0
2012-01-23,0
2012-01-24,0
2012-01-25,0
2012-01-26,0
2012-01-27,0
2012-01-28,0
2012-01-29,0
2012-01-30,0
2012-01-31,0
2012-02-01,4.6280896113851005e-07
2012-02-02,0
2012-02-03,0
2012-02-04,0
2012-02-05,0
2012-02-06,0
2012-02-07,0
2012-02-08,3.3267982078981626e-07
2012-02-09,0
2012-02-10,0
2012-02-11,0
2012-02-12,0
2012-02-13,0
2012-02-14,0
2012-02-15,0
2012-02-16,0
2012-02-17,0
2012-02-18,4.0719185512048645e-07
2012-02-19,0
2012-02-20,0
2012-02-21,0
2012-02-22,0
2012-02-23,0
2012-02-24,0
2012-02-25,0
2012-02-26,0
2012-02-27,0
2012-02-28,0
2012-02-29,0
2012-03-01,4.032206732852076e-07
2012-03-02,0
2012-03-03,0
2012-03-04,0
2012-03-05,0
2012-03-06,0
2012-03-07,0
2012-03-08,0
2012-03-09,0
2012-03-10,0
2012-03-11,0
2012-03-12,0
2012-03-13,0
2012-03-14,0
2012-03-15,0
2012-03-16,0
2012-03-17,0
2012-03-18,0
2012-03-19,4.1020320705071334e-07
2012-03-20,0
2012-03-21,2.6976099068321073e-07
2012-03-22,0
2012-03-23,4.0273836775087477e-07
2012-03-24,0
2012-03-25,5.676022833504655e-07
2012-03-26,2.77498413957815e-07
2012-03-27,0
2012-03-28,0
2012-03-29,0
2012-03-30,3.391886336532108e-07
2012-03-31,0
2012-04-01,0
2012-04-02,0
2012-04-03,0
2012-04-04,0
2012-04-05,0
2012-04-06,2.952887971682513e-07
2012-04-07,0
2012-04-08,0
2012-04-09,0
2012-04-10,0
2012-04-11,2.5521748766559406e-07
2012-04-12,0
2012-04-13,0
2012-04-14,0
2012-04-15,0
2012-04-16,0
2012-04-17,0
2012-04-18,0
2012-04-19,2.5139415657411307e-07
2012-04-20,0
2012-04-21,3.6156330427497266e-07
2012-04-22,0
2012-04-23,0
2012-04-24,0
2012-04-25,0
2012-04-26,0
2012-04-27,0
2012-04-28,0
2012-04-29,0
2012-04-30,0
2012-05-01,0
2012-05-02,0
2012-05-03,3.9219175627635497e-07
2012-05-04,0
2012-05-05,0
2012-05-06,0
2012-05-07,0
2012-05-08,0
2012-05-09,0
2012-05-10,2.4815851492415384e-07
2012-05-11,0
2012-05-12,4.932129668225501e-07
2012-05-13,0
2012-05-14,0
2012-05-15,3.970433176741103e-07
2012-05-16,0
2012-05-17,2.632154696574682e-07
2012-05-18,5.672355017725543e-07
2012-05-19,0
2012-05-20,0
2012-05-21,0
2012-05-22,0
2012-05-23,0
2012-05-24,0
2012-05-25,0
2012-05-26,0
2012-05-27,0
2012-05-28,0
2012-05-29,0
2012-05-30,0
2012-05-31,0
2012-06-01,0
2012-06-02,0
2012-06-03,0
2012-06-04,0
2012-06-05,0
2012-06-06,0
2012-06-07,0
2012-06-08,0
2012-06-09,0
2012-06-10,0
2012-06-11,0
2012-06-12,0
2012-06-13,0
2012-06-14,0
2012-06-15,0
2012-06-16,0
2012-06-17,0
2012-06-18,0
2012-06-19,0
2012-06-20,0
2012-06-21,0
2012-06-22,0
2012-06-23,0
2012-06-24,0
2012-06-25,0
2012-06-26,0
2012-06-27,2.6068255382008557e-07
2012-06-28,0
2012-06-29,0
2012-06-30,0
2012-07-01,0
2012-07-02,0
2012-07-03,0
2012-07-04,0
2012-07-05,0
2012-07-06,2.2400048742506063e-07
2012-07-07,0
2012-07-08,3.956114482945162e-07
2012-07-09,0
2012-07-10,2.947067509948984e-07
2012-07-11,3.896123292388685e-07
2012-07-12,0
2012-07-13,0
2012-07-14,0
2012-07-15,0
2012-07-16,0
2012-07-17,0
2012-07-18,0
2012-07-19,0
2012-07-20,0
2012-07-21,0
2012-07-22,0
2012-07-23,2.070881382440889e-07
2012-07-24,0
2012-07-25,0
2012-07-26,0
2012-07-27,2.5563325149518823e-07
2012-07-28,0
2012-07-29,0
2012-07-30,0
2012-07-31,0
2012-08-01,0
2012-08-02,0
2012-08-03,0
2012-08-04,0
2012-08-05,0
2012-08-06,0
2012-08-07,2.900111981609644e-07
2012-08-08,0
2012-08-09,0
2012-08-10,0
2012-08-11,0
2012-08-12,0
2012-08-13,0
2012-08-14,0
2012-08-15,0
2012-08-16,0
2012-08-17,0
2012-08-18,0
2012-08-19,0
2012-08-20,0
2012-08-21,0
2012-08-22,2.017435240227917e-07
2012-08-23,0
2012-08-24,0
2012-08-25,3.297495057879282e-07
2012-08-26,2.719223972635035e-07
2012-08-27,0
2012-08-28,0
2012-08-29,0
2012-08-30,0
2012-08-31,0
2012-09-01,0
2012-09-02,0
2012-09-03,0
2012-09-04,0
2012-09-05,0
2012-09-06,0
2012-09-07,2.0739766739843477e-07
2012-09-08,0
2012-09-09,0
2012-09-10,0
2012-09-11,0
2012-09-12,0
2012-09-13,0
2012-09-14,0
2012-09-15,0
2012-09-16,0
2012-09-17,0
2012-09-18,0
2012-09-19,0
2012-09-20,0
2012-09-21,0
2012-09-22,0
2012-09-23,0
2012-09-24,0
2012-09-25,0
2012-09-26,2.143189214717469e-07
2012-09-27,0
2012-09-28,2.7983886877935683e-07
2012-09-29,0
2012-09-30,0
2012-10-01,0
2012-10-02,0
2012-10-03,3.222682528710073e-07
2012-10-04,0
2012-10-05,0
2012-10-06,0
2012-10-07,0
2012-10-08,0
2012-10-09,0
2012-10-10,0
2012-10-11,0
2012-10-12,2.713183780533096e-07
2012-10-13,0
2012-10-14,0
2012-10-15,0
2012-10-16,0
2012-10-17,0
2012-10-18,0
2012-10-19,0
2012-10-20,0
2012-10-21,0
2012-10-22,0
2012-10-23,0
2012-10-24,0
2012-10-25,2.548707391187717e-07
2012-10-26,0
2012-10-27,5.009711952834564e-07
2012-10-28,3.3250775352663263e-07
2012-10-29,0
2012-10-30,0
2012-10-31,0
2012-11-01,3.167404762473602e-07
2012-11-02,0
2012-11-03,0
2012-11-04,0
2012-11-05,0
2012-11-06,0
2012-11-07,0
2012-11-08,2.1422560870064457e-07
2012-11-09,0
2012-11-10,2.77451402444702e-07
2012-11-11,2.457897324878625e-07
2012-11-12,0
2012-11-13,0
2012-11-14,0
2012-11-15,0
2012-11-16,0
2012-11-17,0
2012-11-18,3.115715977770613e-07
2012-11-19,0
2012-11-20,0
2012-11-21,0
2012-11-22,0
2012-11-23,0
2012-11-24,0
2012-11-25,7.907616502543262e-07
2012-11-26,2.396681171780565e-07
2012-11-27,0
2012-11-28,0
2012-11-29,0
2012-11-30,0
2012-12-01,0
2012-12-02,0
2012-12-03,0
2012-12-04,2.9781455489716204e-07
2012-12-05,3.467315409084852e-07
2012-12-06,0
2012-12-07,0
2012-12-08,0
2012-12-09,0
2012-12-10,2.6487976256178085e-07
2012-12-11,0
2012-12-12,0
2012-12-13,1.9556406719909895e-07
2012-12-14,0
2012-12-15,0
2012-12-16,0
2012-12-17,0
2012-12-18,0
2012-12-19,0
2012-12-20,0
2012-12-21,2.2632862826292325e-07
2012-12-22,0
2012-12-23,0
2012-12-24,0
2012-12-25,0
2012-12-26,0
2012-12-27,0
2012-12-28,0
2012-12-29,0
2012-12-30,0
2012-12-31,0
2013-01-01,0
2013-01-02,0
2013-01-03,1.8080994610923393e-07
2013-01-04,2.965353147427684e-07
2013-01-05,0
2013-01-06,2.1629590664322596e-07
2013-01-07,0
2013-01-08,0
2013-01-09,0
2013-01-10,0
2013-01-11,0
2013-01-12,0
2013-01-13,0
2013-01-14,0
2013-01-15,0
2013-01-16,0
2013-01-17,0
2013-01-18,0
2013-01-19,0
2013-01-20,2.2115591651346458e-07
2013-01-21,0
2013-01-22,2.0037955226858876e-07
2013-01-23,1.7071265328673242e-07
2013-01-24,0
2013-01-25,0
2013-01-26,0
2013-01-27,0
2013-01-28,0
2013-01-29,0
2013-01-30,0
2013-01-31,0
2013-02-01,0
2013-02-02,0
2013-02-03,0
2013-02-04,0
2013-02-05,0
2013-02-06,0
2013-02-07,0
2013-02-08,1.8474882897878497e-07
2013-02-09,0
2013-02-10,0
2013-02-11,0
2013-02-12,0
2013-02-13,1.6382930690045765e-07
2013-02-14,2.1972585976348562e-07
2013-02-15,0
2013-02-16,2.404998471863971e-07
2013-02-17,0
2013-02-18,0
2013-02-19,0
2013-02-20,1.731352356902083e-07
2013-02-21,0
2013-02-22,2.0695474882678216e-07
2013-02-23,0
2013-02-24,0
2013-02-25,1.8428585655439555e-07
2013-02-26,3.7346723106845374e-07
2013-02-27,0
2013-02-28,0
2013-03-01,0
2013-03-02,0
2013-03-03,2.187689494929439e-07
2013-03-04,0
2013-03-05,0
2013-03-06,0
2013-03-07,1.7682198344260165e-07
2013-03-08,0
2013-03-09,0
2013-03-10,0
2013-03-11,0
2013-03-12,0
2013-03-13,2.0515949458137873e-07
2013-03-14,0
2013-03-15,0
2013-03-16,0
2013-03-17,0
2013-03-18,0
2013-03-19,0
2013-03-20,0
2013-03-21,0
2013-03-22,0
2013-03-23,0
2013-03-24,0
2013-03-25,0
2013-03-26,2.0101041907355704e-07
2013-03-27,0
2013-03-28,2.125896738675986e-07
2013-03-29,0
2013-03-30,0
2013-03-31,2.5623897051381293e-07
2013-04-01,0
2013-04-02,2.3893918919126493e-07
2013-04-03,1.5913135666515162e-07
2013-04-04,0
2013-04-05,0
2013-04-06,0
2013-04-07,0
2013-04-08,0
2013-04-09,0
2013-04-10,1.8409927221875705e-07
2013-04-11,0
2013-04-12,1.5836946347878227e-07
2013-04-13,0
2013-04-14,0
2013-04-15,0
2013-04-16,0
2013-04-17,0
2013-04-18,0
2013-04-19,0
2013-04-20,0
2013-04-21,0
2013-04-22,0
2013-04-23,2.1751676153090533e-07
2013-04-24,3.7496590153832886e-07
2013-04-25,0
2013-04-26,0
2013-04-27,2.5733650286126026e-07
2013-04-28,2.8301482104144036e-07
2013-04-29,3.8025952395627077e-07
2013-04-30,0
2013-05-01,4.029728984606869e-07
2013-05-02,0
2013-05-03,4.3419751665072327e-07
2013-05-04,0
2013-05-05,0
2013-05-06,0
2013-05-07,2.1873762081777183e-07
2013-05-08,0
2013-05-09,0
2013-05-10,0
2013-05-11,0
2013-05-12,0
2013-05-13,0
2013-05-14,0
2013-05-15,0
2013-05-16,0
2013-05-17,0
2013-05-18,0
2013-05-19,0
2013-05-20,2.046078157525716e-07
2013-05-21,0
2013-05-22,0
2013-05-23,2.8501280134997266e-07
2013-05-24,1.6931471494547085e-07
2013-05-25,0
2013-05-26,0
2013-05-27,0
2013-05-28,0
2013-05-29,2.1643230088838967e-07
2013-05-30,0
2013-05-31,1.6589480789397835e-07
2013-06-01,0
2013-06-02,2.8061079991596106e-07
2013-06-03,0
2013-06-04,1.880546967114969e-07
2013-06-05,0
2013-06-06,2.1016431486793635e-07
2013-06-07,3.0985414576635903e-07
2013-06-08,0
2013-06-09,0
2013-06-10,0
2013-06-11,1.461328868759311e-07
2013-06-12,1.484200404693956e-07
2013-06-13,2.7018700723518776e-07
2013-06-14,0
2013-06-15,0
2013-06-16,0
2013-06-17,1.9509973205653132e-07
2013-06-18,1.55100217850664e-07
2013-06-19,0
2013-06-20,1.4853293867933483e-07
2013-06-21,1.956461429080295e-07
2013-06-22,4.2491237457011617e-07
2013-06-23,0
2013-06-24,0
2013-06-25,0
2013-06-26,2.445957561352183e-07
2013-06-27,2.1765809097934078e-07
2013-06-28,4.4805636190587684e-07
2013-06-29,0
2013-06-30,2.0287490785928872e-07
2013-07-01,0
2013-07-02,2.951865087249605e-07
2013-07-03,0
2013-07-04,0
2013-07-05,1.844923344726473e-07
2013-07-06,2.4261273536518533e-07
2013-07-07,0
2013-07-08,0
2013-07-09,0
2013-07-10,1.4454979201164077e-07
2013-07-11,2.0294918213364128e-07
2013-07-12,1.903971605436791e-07
2013-07-13,2.0282298769781223e-07
2013-07-14,2.967913993117185e-07
2013-07-15,3.7448214969980106e-07
2013-07-16,2.9077942231957127e-07
2013-07-17,2.630287875948142e-07
2013-07-18,3.5325291177543853e-07
2013-07-19,3.76345730004869e-07
2013-07-20,0
2013-07-21,0
2013-07-22,0
2013-07-23,3.92019070702509e-07
2013-07-24,1.4806855088241008e-07
2013-07-25,1.7556898469714395e-07
2013-07-26,0
2013-07-27,0
2013-07-28,0
2013-07-29,0
2013-07-30,0
2013-07-31,2.0653659405046556e-07
2013-08-01,0
2013-08-02,2.5472073135416385e-07
2013-08-03,0
2013-08-04,2.7492137739537523e-07
2013-08-05,2.761208820405456e-07
2013-08-06,1.7759427421852376e-07
2013-08-07,2.6578838371868957e-07
2013-08-08,0
2013-08-09,0
2013-08-10,0
2013-08-11,2.270639746315045e-07
2013-08-12,2.713112826997547e-07
2013-08-13,0
2013-08-14,0
2013-08-15,2.432918062604091e-07
2013-08-16,0
2013-08-17,2.407105003697313e-07
2013-08-18,1.9210524293629022e-07
2013-08-19,0
2013-08-20,1.7285972649269777e-07
2013-08-21,0
2013-08-22,1.4411255674900288e-07
2013-08-23,1.8047926087245418e-07
2013-08-24,0
2013-08-25,0
2013-08-26,0
2013-08-27,1.7916581649998325e-07
2013-08-28,1.8622254245602392e-07
2013-08-29,0
2013-08-30,0
2013-08-31,0
2013-09-01,0
2013-09-02,0
2013-09-03,0
2013-09-04,0
2013-09-05,0
2013-09-06,0
2013-09-07,0
2013-09-08,0
2013-09-09,0
2013-09-10,1.8398164427400522e-07
2013-09-11,0
2013-09-12,3.076143913332475e-07
2013-09-13,0
2013-09-14,0
2013-09-15,0
2013-09-16,1.5498200023551066e-07
2013-09-17,0
2013-09-18,2.2397766673889413e-07
2013-09-19,2.2805914629251414e-07
2013-09-20,2.011512624303518e-07
2013-09-21,2.602797035101841e-07
2013-09-22,2.022114981825635e-07
2013-09-23,3.2033683033305326e-07
2013-09-24,0
2013-09-25,0
2013-09-26,0
2013-09-27,1.6554596463170062e-07
2013-09-28,0
2013-09-29,0
2013-09-30,0
2013-10-01,0
2013-10-02,0
2013-10-03,0
2013-10-04,3.8015917581490685e-07
2013-10-05,0
2013-10-06,2.2908164794465082e-07
2013-10-07,0
2013-10-08,0
2013-10-09,2.7127516962610296e-07
2013-10-10,0
2013-10-11,1.5823227459907421e-07
2013-10-12,3.304689933336142e-07
2013-10-13,0
2013-10-14,0
2013-10-15,1.7773377352854506e-07
2013-10-16,1.469895741470974e-07
2013-10-17,0
2013-10-18,1.8730980445387125e-07
2013-10-19,0
2013-10-20,2.0837233079385343e-07
2013-10-21,0
2013-10-22,0
2013-10-23,1.694580359203588e-07
2013-10-24,2.3401025479738574e-07
2013-10-25,0
2013-10-26,0
2013-10-27,0
2013-10-28,0
2013-10-29,0
2013-10-30,0
2013-10-31,1.7918284202443283e-07
2013-11-01,1.96282308395099e-07
2013-11-02,3.0645051128777896e-07
2013-11-03,0
2013-11-04,1.3836248114257743e-07
2013-11-05,1.6760613162450315e-07
2013-11-06,3.3259275090263596e-07
2013-11-07,0
2013-11-08,0
2013-11-09,2.67311932212749e-07
2013-11-10,0
2013-11-11,0
2013-11-12,1.627540193529177e-07
2013-11-13,1.3484273049625308e-07
2013-11-14,0
2013-11-15,1.461006311342724e-07
2013-11-16,0
2013-11-17,1.6765113649364219e-07
2013-11-18,1.609010199676557e-07
2013-11-19,1.3363580639934838e-07
2013-11-20,0
2013-11-21,1.580638735059078e-07
2013-11-22,0
2013-11-23,0
2013-11-24,0
2013-11-25,0
2013-11-26,0
2013-11-27,0
2013-11-28,1.74501346696693e-07
2013-11-29,0
2013-11-30,2.4628897923315955e-07
2013-12-01,0
2013-12-02,0
2013-12-03,0
2013-12-04,1.5523027855581923e-07
2013-12-05,0
2013-12-06,1.3055210694912154e-07
2013-12-07,1.6504088739448398e-07
2013-12-08,2.1889191036163634e-07
2013-12-09,2.3646652796591098e-07
2013-12-10,2.532047748546187e-07
2013-12-11,2.0300889635736061e-07
2013-12-12,1.8311071038349426e-07
2013-12-13,2.244793622092361e-07
2013-12-14,2.1510074637807985e-07
2013-12-15,1.9424198763941112e-07
2013-12-16,2.151591046444325e-07
2013-12-17,2.073834576903917e-07
2013-12-18,0
2013-12-19,0
2013-12-20,3.5011948119061866e-07
2013-12-21,0
2013-12-22,0
2013-12-23,0
2013-12-24,5.145396028268805e-07
2013-12-25,0
2013-12-26,0
2013-12-27,0
2013-12-28,0
2013-12-29,0
2013-12-30,0
2013-12-31,0
2014-01-01,0
2014-01-02,0
2014-01-03,0
2014-01-04,0
2014-01-05,0
2014-01-06,0
2014-01-07,0
2014-01-08,0
2014-01-09,0
2014-01-10,1.5047450630819226e-07
2014-01-11,0
2014-01-12,0
2014-01-13,1.5709156076382735e-07
2014-01-14,0
2014-01-15,1.469709939516047e-07
2014-01-16,0
2014-01-17,0
2014-01-18,0
2014-01-19,0
2014-01-20,1.3278373261180424e-07
2014-01-21,0
2014-01-22,0
2014-01-23,0
2014-01-24,1.4865447998891435e-07
2014-01-25,0
2014-01-26,0
2014-01-27,2.0254925453519175e-07
2014-01-28,1.2384192628289524e-07
2014-01-29,2.1955429599695433e-07
2014-01-30,1.6205650632564421e-07
2014-01-31,1.271809433295452e-07
2014-02-01,1.6123038648471452e-07
2014-02-02,1.8402733517499712e-07
2014-02-03,4.108435583735772e-07
2014-02-04,5.189556072770327e-07
2014-02-05,1.6940941313239506e-07
2014-02-06,0
2014-02-07,0
2014-02-08,0
2014-02-09,0
2014-02-10,0
2014-02-11,1.6935999462886874e-07
2014-02-12,1.4472111288799157e-07
2014-02-13,2.2572917860888977e-07
2014-02-14,2.663318059115487e-07
2014-02-15,2.5955598341917444e-07
2014-02-16,1.5281932553190675e-07
2014-02-17,0
2014-02-18,0
2014-02-19,0
2014-02-20,2.908908899542552e-07
2014-02-21,2.553781554173738e-07
2014-02-22,2.5376974158087957e-07
2014-02-23,0
2014-02-24,0
2014-02-25,1.647360542457941e-07
2014-02-26,1.193304008444201e-07
2014-02-27,0
2014-02-28,1.282279297613563e-07
2014-03-01,0
2014-03-02,0
2014-03-03,0
2014-03-04,0
2014-03-05,1.6868560848610065e-07
2014-03-06,0
2014-03-07,0
2014-03-08,0
2014-03-09,0
2014-03-10,1.5096261310244776e-07
2014-03-11,1.7514756620321537e-07
2014-03-12,2.849187789159914e-07
2014-03-13,0
2014-03-14,1.2860244380651917e-07
2014-03-15,2.3027308842167504e-07
2014-03-16,1.815145574675089e-07
2014-03-17,0
2014-03-18,0
2014-03-19,0
2014-03-20,0
2014-03-21,0
2014-03-22,2.305005886655748e-07
2014-03-23,0
2014-03-24,3.160345271124319e-07
2014-03-25,0
2014-03-26,2.5558856598061815e-07
2014-03-27,0
2014-03-28,1.2982589801807006e-07
2014-03-29,0
2014-03-30,2.129748151804554e-07
2014-03-31,0
2014-04-01,0
2014-04-02,0
2014-04-03,0
2014-04-04,1.2676563614824542e-07
2014-04-05,0
2014-04-06,0
2014-04-07,1.4619807163281537e-07
2014-04-08,1.6392969261566757e-07
2014-04-09,1.2113841619467505e-07
2014-04-10,2.4782014918574725e-07
2014-04-11,1.8730060178613064e-07
2014-04-12,2.972204144983061e-07
2014-04-13,0
2014-04-14,0
2014-04-15,0
2014-04-16,1.670079832678996e-07
2014-04-17,0
2014-04-18,1.325177905796442e-07
2014-04-19,0
2014-04-20,0
2014-04-21,1.2628434972197742e-07
2014-04-22,1.8474784171220604e-07
2014-04-23,1.1728196145730062e-07
2014-04-24,1.4177204996642483e-07
2014-04-25,1.4652765360237504e-07
2014-04-26,1.9290050895834785e-07
2014-04-27,0
2014-04-28,2.1602367619491096e-07
2014-04-29,0
2014-04-30,0
2014-05-01,0
2014-05-02,2.0665638137856547e-07
2014-05-03,0
2014-05-04,0
2014-05-05,0
2014-05-06,0
2014-05-07,1.4289358072022652e-07
2014-05-08,1.434405531545865e-07
2014-05-09,1.2491588476609562e-07
2014-05-10,2.2502758757856718e-07
2014-05-11,0
2014-05-12,0
2014-05-13,1.428183234766474e-07
2014-05-14,0
2014-05-15,0
2014-05-16,0
2014-05-17,0
2014-05-18,0
2014-05-19,0
2014-05-20,0
2014-05-21,1.4477393248829593e-07
2014-05-22,1.4497524499366652e-07
2014-05-23,1.848394718037816e-07
2014-05-24,0
2014-05-25,0
2014-05-26,0
2014-05-27,0
2014-05-28,2.776949192706158e-07
2014-05-29,1.4263922408446181e-07
2014-05-30,0
2014-05-31,1.5656367532351067e-07
2014-06-01,0
2014-06-02,1.943601070049569e-07
2014-06-03,0
2014-06-04,1.8789346947593083e-07
2014-06-05,0
2014-06-06,2.0127465730913948e-07
2014-06-07,2.303241634922513e-07
2014-06-08,0
2014-06-09,1.2299041653754722e-07
2014-06-10,1.636823515747727e-07
2014-06-11,2.3571395470454648e-07
2014-06-12,1.4717085734456533e-07
2014-06-13,0
2014-06-14,0
2014-06-15,0
2014-06-16,0
2014-06-17,0
2014-06-18,1.4359898203638962e-07
2014-06-19,2.4931243370470747e-07
2014-06-20,0
2014-06-21,0
2014-06-22,1.5228730352120532e-07
2014-06-23,0
2014-06-24,0
2014-06-25,1.4142561593625325e-07
2014-06-26,2.637255671747979e-07
2014-06-27,1.9816607699460534e-07
2014-06-28,0
2014-06-29,0
2014-06-30,0
2014-07-01,0
2014-07-02,0
2014-07-03,2.0989211755050022e-07
2014-07-04,1.7527125856331552e-07
2014-07-05,0
2014-07-06,0
2014-07-07,1.8298573477521518e-07
2014-07-08,0
2014-07-09,1.6159286239709853e-07
2014-07-10,0
2014-07-11,0
2014-07-12,0
2014-07-13,0
2014-07-14,0
2014-07-15,0
2014-07-16,0
2014-07-17,0
2014-07-18,0
2014-07-19,0
2014-07-20,1.72835621283278e-07
2014-07-21,1.093572660106091e-07
2014-07-22,0
2014-07-23,0
2014-07-24,1.5333865009546098e-07
2014-07-25,0
2014-07-26,0
2014-07-27,1.6556618959596967e-07
2014-07-28,0
2014-07-29,0
2014-07-30,0
2014-07-31,0
2014-08-01,0
2014-08-02,1.4344268820548522e-07
2014-08-03,0
2014-08-04,1.1382935354420556e-07
2014-08-05,0
2014-08-06,1.0884740201605852e-07
2014-08-07,0
2014-08-08,0
2014-08-09,0
2014-08-10,0
2014-08-11,1.3597163015390266e-07
2014-08-12,1.5032947173429033e-07
2014-08-13,0
2014-08-14,1.0800271380579034e-07
2014-08-15,1.6144070794794747e-07
2014-08-16,0
2014-08-17,1.385571100400893e-07
2014-08-18,0
2014-08-19,1.0931480648502656e-07
2014-08-20,2.866307544789528e-07
2014-08-21,0
2014-08-22,0
2014-08-23,0
2014-08-24,0
2014-08-25,1.1706050855345918e-07
2014-08-26,0
2014-08-27,0
2014-08-28,0
2014-08-29,1.6577422114712115e-07
2014-08-30,1.7907627977982571e-07
2014-08-31,0
2014-09-01,0
2014-09-02,1.3951740511020166e-07
2014-09-03,0
2014-09-04,0
2014-09-05,0
2014-09-06,1.759439259670186e-07
2014-09-07,1.6374210977942382e-07
2014-09-08,0
2014-09-09,1.5594736464548486e-07
2014-09-10,1.549216848751287e-07
2014-09-11,1.7922690697709064e-07
2014-09-12,0
2014-09-13,0
2014-09-14,3.5010613736866746e-07
2014-09-15,1.5690925704542738e-07
2014-09-16,1.0905345656490249e-07
2014-09-17,0
2014-09-18,1.361031658367625e-07
2014-09-19,1.9233034197945572e-07
2014-09-20,0
2014-09-21,1.3697589120213165e-07
2014-09-22,0
2014-09-23,2.412988088262366e-07
2014-09-24,1.560363173191106e-07
2014-09-25,0
2014-09-26,0
2014-09-27,2.4258462026243227e-07
2014-09-28,0
2014-09-29,0
2014-09-30,0
2014-10-01,1.1311723522292433e-07
2014-10-02,1.5905962134039316e-07
2014-10-03,1.1875705164528039e-07
2014-10-04,0
2014-10-05,1.6638447859097637e-07
2014-10-06,1.8444193967166983e-07
2014-10-07,1.9926663237066516e-07
2014-10-08,0
2014-10-09,1.3502990912487116e-07
2014-10-10,1.413891398153373e-07
2014-10-11,0
2014-10-12,1.409349353012811e-07
2014-10-13,2.596645860608934e-07
2014-10-14,1.7776107613711315e-07
2014-10-15,1.1066213270629513e-07
2014-10-16,0
2014-10-17,1.1762100507901614e-07
2014-10-18,0
2014-10-19,1.3734455995091416e-07
2014-10-20,0
2014-10-21,0
2014-10-22,0
2014-10-23,0
2014-10-24,0
2014-10-25,0
2014-10-26,0
2014-10-27,1.2755052690910082e-07
2014-10-28,1.4085927822055775e-07
2014-10-29,1.910354614457326e-07
2014-10-30,1.9530017506707692e-07
2014-10-31,0
2014-11-01,0
2014-11-02,0
2014-11-03,1.5742607114273065e-07
2014-11-04,0
2014-11-05,1.014926668604906e-07
2014-11-06,0
2014-11-07,0
2014-11-08,0
2014-11-09,2.6254950535016817e-07
2014-11-10,0
2014-11-11,0
2014-11-12,0
2014-11-13,1.505088726485515e-07
2014-11-14,0
2014-11-15,0
2014-11-16,0
2014-11-17,1.0862667895567528e-07
2014-11-18,0
2014-11-19,0
2014-11-20,1.2969634238589304e-07
2014-11-21,0
2014-11-22,0
2014-11-23,0
2014-11-24,1.9148078580735904e-07
2014-11-25,1.875286840749683e-07
2014-11-26,2.527202404628493e-07
2014-11-27,0
2014-11-28,3.298223741603959e-07
2014-11-29,0
2014-11-30,0
2014-12-01,1.9673925237510183e-07
2014-12-02,0
2014-12-03,1.5944860122518712e-07
2014-12-04,0
2014-12-05,2.0918832524140595e-07
2014-12-06,3.752214376014388e-07
2014-12-07,2.5260673095390085e-07
2014-12-08,1.0590363633267399e-07
2014-12-09,0
2014-12-10,1.0123599225415077e-07
2014-12-11,0
2014-12-12,0
2014-12-13,1.3883992467545335e-07
2014-12-14,1.322506798941328e-07
2014-12-15,0
2014-12-16,1.0095068694216796e-07
2014-12-17,0
2014-12-18,1.5068799510289848e-07
2014-12-19,0
2014-12-20,1.4170720106681716e-07
2014-12-21,0
2014-12-22,1.1157799061651415e-07
2014-12-23,1.5555810670850556e-07
2014-12-24,0
2014-12-25,0
2014-12-26,0
2014-12-27,1.942028938062233e-07
2014-12-28,1.5659630211926212e-07
2014-12-29,1.48886679646891e-07
2014-12-30,0
2014-12-31,1.1239288452336942e-07
2015-01-01,0
2015-01-02,1.9376728579118057e-07
2015-01-03,1.1763668188422626e-07
2015-01-04,0
2015-01-05,0
2015-01-06,1.3295667340883625e-07
2015-01-07,0
2015-01-08,9.293526038684897e-08
2015-01-09,0
2015-01-10,0
2015-01-11,1.1576237651453653e-07
2015-01-12,1.3843290901471346e-07
2015-01-13,1.7227453125679227e-07
2015-01-14,1.7021135919879016e-07
2015-01-15,0
2015-01-16,1.356546216279628e-07
2015-01-17,0
2015-01-18,1.7054068926650767e-07
2015-01-19,1.7751301776923058e-07
2015-01-20,1.5127736241111155e-07
2015-01-21,2.0027149532165788e-07
2015-01-22,2.2612650571986996e-07
2015-01-23,0
2015-01-24,1.2309701553993957e-07
2015-01-25,1.653549452561745e-07
2015-01-26,0
2015-01-27,9.380332425848707e-08
2015-01-28,1.0834685968635642e-07
2015-01-29,1.1364413577602817e-07
2015-01-30,1.1493979836494305e-07
2015-01-31,1.9154111804801212e-07
2015-02-01,0
2015-02-02,1.0065629514938119e-07
2015-02-03,0
2015-02-04,1.8561646848705688e-07
2015-02-05,1.3319019573269648e-07
2015-02-06,0
2015-02-07,0
2015-02-08,0
2015-02-09,9.773989014740075e-08
2015-02-10,1.3282598613664823e-07
2015-02-11,9.182224308260346e-08
2015-02-12,1.160311251946253e-07
2015-02-13,1.4087402754658783e-07
2015-02-14,1.8342081763917126e-07
2015-02-15,0
2015-02-16,1.8177174739907351e-07
2015-02-17,1.3238299489746768e-07
2015-02-18,1.653421748040461e-07
2015-02-19,0
2015-02-20,0
2015-02-21,0
2015-02-22,0
2015-02-23,9.280235685319978e-08
2015-02-24,2.0225401434687013e-07
2015-02-25,2.3945987871836063e-07
2015-02-26,0
2015-02-27,1.0026684416304488e-07
2015-02-28,0
2015-03-01,0
2015-03-02,0
2015-03-03,1.8452689233112326e-07
2015-03-04,1.3134322085099898e-07
2015-03-05,1.1488265990426484e-07
2015-03-06,1.0036627064611971e-07
2015-03-07,0
2015-03-08,1.6802598891575758e-07
2015-03-09,1.520554118811423e-07
2015-03-10,1.0828679302327685e-07
2015-03-11,2.960442968120877e-07
2015-03-12,1.1319880309622876e-07
2015-03-13,9.951734881961278e-08
2015-03-14,0
2015-03-15,1.6414284920705286e-07
2015-03-16,1.1626371439508523e-07
2015-03-17,1.1219062593468816e-07
2015-03-18,0
2015-03-19,2.796271697390609e-07
2015-03-20,0
2015-03-21,1.218132763753943e-07
2015-03-22,0
2015-03-23,1.1254864493119732e-07
2015-03-24,3.2905186283297604e-07
2015-03-25,1.8246575610415467e-07
2015-03-26,8.91248582402286e-08
2015-03-27,9.576472461167979e-08
2015-03-28,1.4485567522082884e-07
2015-03-29,1.1376758420223326e-07
2015-03-30,1.852578783182164e-07
2015-03-31,1.26891754390713e-07
2015-04-01,1.2592695619498604e-07
2015-04-02,0
2015-04-03,0
2015-04-04,1.1972849504418616e-07
2015-04-05,2.3310328680762672e-07
2015-04-06,6.404343139205198e-07
2015-04-07,2.9863765716860726e-07
2015-04-08,2.0508973590304163e-07
2015-04-09,5.591529378166192e-07
2015-04-10,1.0932540213982609e-07
2015-04-11,2.1174881724757171e-07
2015-04-12,1.3570100527078537e-07
2015-04-13,9.337902555811944e-08
2015-04-14,0
2015-04-15,1.0906917656171019e-07
2015-04-16,0
2015-04-17,1.3504220107367039e-07
2015-04-18,1.687654295300782e-07
2015-04-19,0
2015-04-20,1.1125665335647694e-07
2015-04-21,1.2732136866542542e-07
2015-04-22,1.7680791172971092e-07
2015-04-23,2.3265313193351073e-07
2015-04-24,1.4445162830479822e-07
2015-04-25,1.1737169929361252e-07
2015-04-26,0
2015-04-27,0
2015-04-28,1.9156782855166972e-07
2015-04-29,1.2137261889895824e-07
2015-04-30,8.911371367909942e-08
2015-05-01,0
2015-05-02,0
2015-05-03,1.6993321600334894e-07
2015-05-04,1.108054501729036e-07
2015-05-05,9.140697974190983e-08
2015-05-06,8.888960948732313e-08
2015-05-07,0
2015-05-08,9.439754176718353e-08
2015-05-09,1.4167426394907093e-07
2015-05-10,2.064823812943114e-07
2015-05-11,3.163480483558462e-07
2015-05-12,2.4012843989993367e-07
2015-05-13,1.0705411692664758e-07
2015-05-14,1.4714666251320687e-07
2015-05-15,1.347594165163682e-07
2015-05-16,1.9653075074894184e-07
2015-05-17,0
2015-05-18,1.30291818494637e-07
2015-05-19,8.840432474663895e-08
2015-05-20,3.063286434598213e-07
2015-05-21,0
2015-05-22,0
2015-05-23,0
2015-05-24,2.879685999038665e-07
2015-05-25,0
2015-05-26,2.4909424883013773e-07
2015-05-27,1.4171388883441762e-07
2015-05-28,0
2015-05-29,1.432096124010359e-07
2015-05-30,2.1300346386232933e-07
2015-05-31,1.1232243115342602e-07
2015-06-01,1.398427758858138e-07
2015-06-02,1.5976640022069065e-07
2015-06-03,2.511744063039896e-07
2015-06-04,1.8380653068647273e-07
2015-06-05,1.1354440127318094e-07
2015-06-06,3.398401804454261e-07
2015-06-07,1.6486622542498156e-07
2015-06-08,2.5649669485687486e-07
2015-06-09,1.3976249669767425e-07
2015-06-10,1.7236421164642915e-07
2015-06-11,2.6539119217389243e-07
2015-06-12,1.68464598858555e-07
2015-06-13,5.043942708785061e-07
2015-06-14,0
2015-06-15,1.3119223851723534e-07
2015-06-16,2.8059665863043684e-07
2015-06-17,3.3341050324156606e-07
2015-06-18,2.8622727655068366e-07
2015-06-19,2.991239202537872e-07
2015-06-20,2.8706962342637404e-07
2015-06-21,3.755245403057413e-07
2015-06-22,1.3065708305672917e-07
2015-06-23,1.5732910283533616e-07
2015-06-24,4.2213402787044936e-07
2015-06-25,2.460931265961227e-07
2015-06-26,1.8516703881538127e-07
2015-06-27,2.593668939003603e-07
2015-06-28,1.6304210101082377e-07
2015-06-29,1.4646532395923526e-07
2015-06-30,1.571719197276902e-07
2015-07-01,1.6339739642951635e-07
2015-07-02,1.2558653171281496e-07
2015-07-03,1.2753807138969054e-07
2015-07-04,0
2015-07-05,0
2015-07-06,8.953785929304487e-08
2015-07-07,8.376379126847244e-08
2015-07-08,1.7097235465930783e-07
2015-07-09,1.9003586011232294e-07
2015-07-10,1.6242290799700556e-07
2015-07-11,0
2015-07-12,0
2015-07-13,1.7185242530430037e-07
2015-07-14,4.475693997795969e-07
2015-07-15,1.2018131101980728e-07
2015-07-16,1.3524094746967737e-07
2015-07-17,0
2015-07-18,2.246651915749295e-07
2015-07-19,0
2015-07-20,1.380471964383133e-07
2015-07-21,1.1732180728143383e-07
2015-07-22,1.5006305399423747e-07
2015-07-23,1.6942778037510565e-07
2015-07-24,0
2015-07-25,1.5945787602428051e-07
2015-07-26,1.731431998798213e-07
2015-07-27,1.3786736353104238e-07
2015-07-28,1.326522370547874e-07
2015-07-29,0
2015-07-30,1.3406518400069447e-07
2015-07-31,1.7382231729762198e-07
2015-08-01,1.1517455383163052e-07
2015-08-02,1.7623362657433904e-07
2015-08-03,1.577484155004224e-07
2015-08-04,1.6941953934861135e-07
2015-08-05,1.4931375646385472e-07
2015-08-06,2.9912159951087635e-07
2015-08-07,8.813299918235491e-08
2015-08-08,1.3538461177435906e-07
2015-08-09,2.708615255037795e-07
2015-08-10,1.6994439266522042e-07
2015-08-11,1.1705125416907305e-07
2015-08-12,1.6596825014097344e-07
2015-08-13,2.2342576141995664e-07
2015-08-14,1.413214605876793e-07
2015-08-15,1.835646029347345e-07
2015-08-16,1.751604792942469e-07
2015-08-17,9.015607133884037e-08
2015-08-18,1.0338195277446923e-07
2015-08-19,0
2015-08-20,0
2015-08-21,1.2359846622778735e-07
2015-08-22,1.1157268233916234e-07
2015-08-23,1.0724794710805803e-07
2015-08-24,2.82704517503341e-07
2015-08-25,0
2015-08-26,0
2015-08-27,0
2015-08-28,1.818484546263738e-07
2015-08-29,0
2015-08-30,1.7563071569582506e-07
2015-08-31,1.2557836911874338e-07
