date,multiculturalism
2007-10-15,0
2007-10-16,0
2007-10-17,0
2007-10-18,0
2007-10-19,0
2007-10-20,0
2007-10-21,0
2007-10-22,0
2007-10-23,0
2007-10-24,1.9403660824008795e-05
2007-10-25,1.655492095025246e-05
2007-10-26,0
2007-10-27,0
2007-10-28,0
2007-10-29,0
2007-10-30,0
2007-10-31,0
2007-11-01,1.45892541389714e-05
2007-11-02,0
2007-11-03,0
2007-11-04,0
2007-11-05,0
2007-11-06,0
2007-11-07,0
2007-11-08,0
2007-11-09,0
2007-11-10,0
2007-11-11,0
2007-11-12,0
2007-11-13,0
2007-11-14,0
2007-11-15,0
2007-11-16,0
2007-11-17,0
2007-11-18,0
2007-11-19,3.404921814482835e-05
2007-11-20,0
2007-11-21,0
2007-11-22,0
2007-11-23,0
2007-11-24,0
2007-11-25,0
2007-11-26,0
2007-11-27,0
2007-11-28,0
2007-11-29,0
2007-11-30,0
2007-12-01,0
2007-12-02,0
2007-12-03,0
2007-12-04,0
2007-12-05,0
2007-12-06,0
2007-12-07,0
2007-12-08,0
2007-12-09,0
2007-12-10,0
2007-12-11,0
2007-12-12,3.193703000361134e-05
2007-12-13,0
2007-12-14,0
2007-12-15,0
2007-12-16,0
2007-12-17,0
2007-12-18,0
2007-12-19,0
2007-12-20,0
2007-12-21,0
2007-12-22,0
2007-12-23,0
2007-12-24,0
2007-12-25,0
2007-12-26,0
2007-12-27,0
2007-12-28,0
2007-12-29,0
2007-12-30,0
2007-12-31,0
2008-01-01,0
2008-01-02,0
2008-01-03,0
2008-01-04,0
2008-01-05,0
2008-01-06,0
2008-01-07,0
2008-01-08,0
2008-01-09,0
2008-01-10,0
2008-01-11,0
2008-01-12,0
2008-01-13,0
2008-01-14,0
2008-01-15,1.533792740778071e-05
2008-01-16,1.03397219028397e-05
2008-01-17,0
2008-01-18,0
2008-01-19,0
2008-01-20,0
2008-01-21,0
2008-01-22,0
2008-01-23,0
2008-01-24,0
2008-01-25,0
2008-01-26,0
2008-01-27,0
2008-01-28,0
2008-01-29,0
2008-01-30,0
2008-01-31,0
2008-02-01,0
2008-02-02,0
2008-02-03,0
2008-02-04,0
2008-02-05,0
2008-02-06,0
2008-02-07,1.8931784573119812e-05
2008-02-08,1.782586800836033e-05
2008-02-09,0
2008-02-10,0
2008-02-11,0
2008-02-12,0
2008-02-13,0
2008-02-14,0
2008-02-15,0
2008-02-16,0
2008-02-17,0
2008-02-18,0
2008-02-19,0
2008-02-20,0
2008-02-21,0
2008-02-22,0
2008-02-23,0
2008-02-24,0
2008-02-25,0
2008-02-26,0
2008-02-27,0
2008-02-28,0
2008-02-29,0
2008-03-01,0
2008-03-02,1.6419507469507605e-05
2008-03-03,0
2008-03-04,0
2008-03-05,0
2008-03-06,0
2008-03-07,0
2008-03-08,0
2008-03-09,0
2008-03-10,0
2008-03-11,0
2008-03-12,0
2008-03-13,0
2008-03-14,0
2008-03-15,0
2008-03-16,0
2008-03-17,0
2008-03-18,0
2008-03-19,0
2008-03-20,0
2008-03-21,0
2008-03-22,0
2008-03-23,0
2008-03-24,0
2008-03-25,0
2008-03-26,0
2008-03-27,0
2008-03-28,0
2008-03-29,0
2008-03-30,0
2008-03-31,0
2008-04-01,0
2008-04-02,0
2008-04-03,0
2008-04-04,1.3568091467027276e-05
2008-04-05,0
2008-04-06,0
2008-04-07,0
2008-04-08,0
2008-04-09,0
2008-04-10,0
2008-04-11,0
2008-04-12,0
2008-04-13,0
2008-04-14,0
2008-04-15,0
2008-04-16,0
2008-04-17,0
2008-04-18,0
2008-04-19,0
2008-04-20,0
2008-04-21,0
2008-04-22,0
2008-04-23,0
2008-04-24,0
2008-04-25,0
2008-04-26,0
2008-04-27,0
2008-04-28,8.873665622532012e-06
2008-04-29,0
2008-04-30,0
2008-05-01,0
2008-05-02,0
2008-05-03,0
2008-05-04,0
2008-05-05,0
2008-05-06,0
2008-05-07,0
2008-05-08,0
2008-05-09,1.0309002026749798e-05
2008-05-10,0
2008-05-11,0
2008-05-12,0
2008-05-13,0
2008-05-14,0
2008-05-15,0
2008-05-16,0
2008-05-17,0
2008-05-18,0
2008-05-19,0
2008-05-20,0
2008-05-21,0
2008-05-22,0
2008-05-23,0
2008-05-24,0
2008-05-25,0
2008-05-26,0
2008-05-27,0
2008-05-28,0
2008-05-29,0
2008-05-30,0
2008-05-31,0
2008-06-01,0
2008-06-02,0
2008-06-03,0
2008-06-04,0
2008-06-05,0
2008-06-06,0
2008-06-07,0
2008-06-08,0
2008-06-09,0
2008-06-10,0
2008-06-11,0
2008-06-12,0
2008-06-13,0
2008-06-14,0
2008-06-15,0
2008-06-16,0
2008-06-17,0
2008-06-18,0
2008-06-19,0
2008-06-20,0
2008-06-21,0
2008-06-22,0
2008-06-23,0
2008-06-24,0
2008-06-25,0
2008-06-26,0
2008-06-27,0
2008-06-28,0
2008-06-29,0
2008-06-30,0
2008-07-01,0
2008-07-02,0
2008-07-03,0
2008-07-04,0
2008-07-05,1.5309129599436623e-05
2008-07-06,0
2008-07-07,0
2008-07-08,0
2008-07-09,0
2008-07-10,0
2008-07-11,0
2008-07-12,0
2008-07-13,0
2008-07-14,0
2008-07-15,0
2008-07-16,0
2008-07-17,0
2008-07-18,1.0451759902171528e-05
2008-07-19,0
2008-07-20,0
2008-07-21,0
2008-07-22,0
2008-07-23,0
2008-07-24,0
2008-07-25,0
2008-07-26,0
2008-07-27,0
2008-07-28,0
2008-07-29,0
2008-07-30,0
2008-07-31,0
2008-08-01,0
2008-08-02,0
2008-08-03,0
2008-08-04,0
2008-08-05,0
2008-08-06,0
2008-08-07,0
2008-08-08,0
2008-08-09,0
2008-08-10,0
2008-08-11,0
2008-08-12,0
2008-08-13,0
2008-08-14,0
2008-08-15,0
2008-08-16,0
2008-08-17,0
2008-08-18,0
2008-08-19,0
2008-08-20,0
2008-08-21,0
2008-08-22,0
2008-08-23,0
2008-08-24,0
2008-08-25,0
2008-08-26,0
2008-08-27,0
2008-08-28,0
2008-08-29,0
2008-08-30,0
2008-08-31,0
2008-09-01,2.2203595872351526e-05
2008-09-02,0
2008-09-03,0
2008-09-04,0
2008-09-05,0
2008-09-06,0
2008-09-07,0
2008-09-08,0
2008-09-09,0
2008-09-10,0
2008-09-11,0
2008-09-12,0
2008-09-13,0
2008-09-14,0
2008-09-15,0
2008-09-16,0
2008-09-17,0
2008-09-18,0
2008-09-19,0
2008-09-20,0
2008-09-21,0
2008-09-22,0
2008-09-23,0
2008-09-24,0
2008-09-25,0
2008-09-26,0
2008-09-27,0
2008-09-28,1.3718442682386695e-05
2008-09-29,7.701678067289562e-06
2008-09-30,0
2008-10-01,0
2008-10-02,0
2008-10-03,0
2008-10-04,0
2008-10-05,0
2008-10-06,0
2008-10-07,0
2008-10-08,0
2008-10-09,0
2008-10-10,0
2008-10-11,0
2008-10-12,0
2008-10-13,0
2008-10-14,0
2008-10-15,0
2008-10-16,5.763276860904466e-06
2008-10-17,0
2008-10-18,0
2008-10-19,0
2008-10-20,0
2008-10-21,0
2008-10-22,0
2008-10-23,0
2008-10-24,0
2008-10-25,0
2008-10-26,0
2008-10-27,0
2008-10-28,0
2008-10-29,0
2008-10-30,0
2008-10-31,0
2008-11-01,0
2008-11-02,0
2008-11-03,0
2008-11-04,0
2008-11-05,0
2008-11-06,0
2008-11-07,0
2008-11-08,0
2008-11-09,0
2008-11-10,0
2008-11-11,0
2008-11-12,0
2008-11-13,0
2008-11-14,0
2008-11-15,0
2008-11-16,0
2008-11-17,0
2008-11-18,0
2008-11-19,0
2008-11-20,0
2008-11-21,0
2008-11-22,0
2008-11-23,0
2008-11-24,0
2008-11-25,0
2008-11-26,0
2008-11-27,0
2008-11-28,0
2008-11-29,0
2008-11-30,0
2008-12-01,0
2008-12-02,0
2008-12-03,0
2008-12-04,0
2008-12-05,0
2008-12-06,0
2008-12-07,0
2008-12-08,0
2008-12-09,0
2008-12-10,0
2008-12-11,0
2008-12-12,0
2008-12-13,0
2008-12-14,0
2008-12-15,0
2008-12-16,0
2008-12-17,0
2008-12-18,0
2008-12-19,0
2008-12-20,0
2008-12-21,0
2008-12-22,0
2008-12-23,0
2008-12-24,0
2008-12-25,0
2008-12-26,0
2008-12-27,0
2008-12-28,0
2008-12-29,0
2008-12-30,2.6452327237961358e-05
2008-12-31,5.6025861537685795e-06
2009-01-01,0
2009-01-02,0
2009-01-03,5.629350080274532e-06
2009-01-04,0
2009-01-05,0
2009-01-06,0
2009-01-07,0
2009-01-08,0
2009-01-09,0
2009-01-10,0
2009-01-11,0
2009-01-12,0
2009-01-13,4.646930841587057e-06
2009-01-14,0
2009-01-15,0
2009-01-16,0
2009-01-17,0
2009-01-18,0
2009-01-19,0
2009-01-20,0
2009-01-21,0
2009-01-22,0
2009-01-23,0
2009-01-24,0
2009-01-25,0
2009-01-26,0
2009-01-27,0
2009-01-28,0
2009-01-29,0
2009-01-30,0
2009-01-31,0
2009-02-01,0
2009-02-02,0
2009-02-03,0
2009-02-04,0
2009-02-05,0
2009-02-06,0
2009-02-07,0
2009-02-08,0
2009-02-09,0
2009-02-10,0
2009-02-11,0
2009-02-12,0
2009-02-13,0
2009-02-14,0
2009-02-15,0
2009-02-16,0
2009-02-17,0
2009-02-18,4.567031694286552e-06
2009-02-19,0
2009-02-20,0
2009-02-21,0
2009-02-22,0
2009-02-23,0
2009-02-24,0
2009-02-25,0
2009-02-26,0
2009-02-27,0
2009-02-28,0
2009-03-01,0
2009-03-02,0
2009-03-03,0
2009-03-04,0
2009-03-05,0
2009-03-06,0
2009-03-07,0
2009-03-08,0
2009-03-09,0
2009-03-10,0
2009-03-11,0
2009-03-12,0
2009-03-13,0
2009-03-14,0
2009-03-15,0
2009-03-16,0
2009-03-17,0
2009-03-18,0
2009-03-19,0
2009-03-20,0
2009-03-21,0
2009-03-22,0
2009-03-23,0
2009-03-24,0
2009-03-25,0
2009-03-26,0
2009-03-27,0
2009-03-28,0
2009-03-29,0
2009-03-30,0
2009-03-31,0
2009-04-01,0
2009-04-02,0
2009-04-03,0
2009-04-04,0
2009-04-05,0
2009-04-06,0
2009-04-07,0
2009-04-08,0
2009-04-09,0
2009-04-10,0
2009-04-11,0
2009-04-12,0
2009-04-13,0
2009-04-14,0
2009-04-15,0
2009-04-16,0
2009-04-17,0
2009-04-18,0
2009-04-19,0
2009-04-20,0
2009-04-21,0
2009-04-22,0
2009-04-23,0
2009-04-24,0
2009-04-25,0
2009-04-26,0
2009-04-27,0
2009-04-28,0
2009-04-29,0
2009-04-30,0
2009-05-01,0
2009-05-02,0
2009-05-03,0
2009-05-04,0
2009-05-05,0
2009-05-06,0
2009-05-07,0
2009-05-08,0
2009-05-09,0
2009-05-10,0
2009-05-11,0
2009-05-12,0
2009-05-13,0
2009-05-14,0
2009-05-15,0
2009-05-16,0
2009-05-17,0
2009-05-18,0
2009-05-19,0
2009-05-20,0
2009-05-21,0
2009-05-22,0
2009-05-23,7.3784946395236445e-06
2009-05-24,0
2009-05-25,0
2009-05-26,0
2009-05-27,0
2009-05-28,0
2009-05-29,0
2009-05-30,0
2009-05-31,0
2009-06-01,0
2009-06-02,0
2009-06-03,0
2009-06-04,3.6773304346163295e-06
2009-06-05,0
2009-06-06,0
2009-06-07,0
2009-06-08,6.03038560546956e-06
2009-06-09,5.93016929150785e-06
2009-06-10,8.65271464500796e-06
2009-06-11,0
2009-06-12,0
2009-06-13,0
2009-06-14,0
2009-06-15,0
2009-06-16,0
2009-06-17,0
2009-06-18,0
2009-06-19,0
2009-06-20,0
2009-06-21,0
2009-06-22,0
2009-06-23,0
2009-06-24,0
2009-06-25,0
2009-06-26,0
2009-06-27,0
2009-06-28,0
2009-06-29,0
2009-06-30,0
2009-07-01,0
2009-07-02,0
2009-07-03,5.0558460326354865e-06
2009-07-04,0
2009-07-05,0
2009-07-06,0
2009-07-07,0
2009-07-08,0
2009-07-09,2.965525176715645e-06
2009-07-10,0
2009-07-11,0
2009-07-12,0
2009-07-13,0
2009-07-14,0
2009-07-15,0
2009-07-16,0
2009-07-17,0
2009-07-18,0
2009-07-19,0
2009-07-20,0
2009-07-21,0
2009-07-22,0
2009-07-23,0
2009-07-24,0
2009-07-25,0
2009-07-26,0
2009-07-27,0
2009-07-28,0
2009-07-29,3.382763018281579e-06
2009-07-30,0
2009-07-31,0
2009-08-01,0
2009-08-02,0
2009-08-03,0
2009-08-04,0
2009-08-05,0
2009-08-06,0
2009-08-07,0
2009-08-08,0
2009-08-09,0
2009-08-10,0
2009-08-11,0
2009-08-12,0
2009-08-13,7.729334175830759e-06
2009-08-14,0
2009-08-15,0
2009-08-16,4.6302512837371685e-06
2009-08-17,0
2009-08-18,0
2009-08-19,0
2009-08-20,0
2009-08-21,0
2009-08-22,0
2009-08-23,4.512587863846199e-06
2009-08-24,3.254595624630129e-06
2009-08-25,0
2009-08-26,0
2009-08-27,0
2009-08-28,0
2009-08-29,0
2009-08-30,0
2009-08-31,0
2009-09-01,0
2009-09-02,0
2009-09-03,0
2009-09-04,0
2009-09-05,0
2009-09-06,0
2009-09-07,2.9794252807810385e-06
2009-09-08,0
2009-09-09,0
2009-09-10,0
2009-09-11,3.5525571972810503e-06
2009-09-12,0
2009-09-13,0
2009-09-14,0
2009-09-15,0
2009-09-16,0
2009-09-17,0
2009-09-18,0
2009-09-19,0
2009-09-20,0
2009-09-21,0
2009-09-22,0
2009-09-23,0
2009-09-24,0
2009-09-25,0
2009-09-26,0
2009-09-27,0
2009-09-28,0
2009-09-29,0
2009-09-30,0
2009-10-01,0
2009-10-02,0
2009-10-03,0
2009-10-04,0
2009-10-05,0
2009-10-06,0
2009-10-07,0
2009-10-08,0
2009-10-09,0
2009-10-10,0
2009-10-11,0
2009-10-12,0
2009-10-13,0
2009-10-14,0
2009-10-15,0
2009-10-16,0
2009-10-17,0
2009-10-18,0
2009-10-19,0
2009-10-20,1.990949937962e-06
2009-10-21,2.7888246219748224e-06
2009-10-22,3.1042572560073197e-06
2009-10-23,0
2009-10-24,0
2009-10-25,0
2009-10-26,0
2009-10-27,0
2009-10-28,0
2009-10-29,0
2009-10-30,0
2009-10-31,0
2009-11-01,0
2009-11-02,0
2009-11-03,0
2009-11-04,0
2009-11-05,0
2009-11-06,0
2009-11-07,0
2009-11-08,0
2009-11-09,0
2009-11-10,0
2009-11-11,3.8684869187114845e-06
2009-11-12,0
2009-11-13,2.9985135939755577e-06
2009-11-14,0
2009-11-15,0
2009-11-16,0
2009-11-17,0
2009-11-18,0
2009-11-19,0
2009-11-20,3.2330547517822213e-06
2009-11-21,0
2009-11-22,0
2009-11-23,0
2009-11-24,1.911562698683048e-06
2009-11-25,0
2009-11-26,0
2009-11-27,0
2009-11-28,5.954997542210105e-06
2009-11-29,9.157150437228496e-06
2009-11-30,3.986369515435041e-06
2009-12-01,0
2009-12-02,0
2009-12-03,2.9233910751793865e-06
2009-12-04,2.3342207262460945e-06
2009-12-05,0
2009-12-06,0
2009-12-07,0
2009-12-08,2.16478877253951e-06
2009-12-09,0
2009-12-10,0
2009-12-11,0
2009-12-12,0
2009-12-13,0
2009-12-14,0
2009-12-15,0
2009-12-16,0
2009-12-17,0
2009-12-18,0
2009-12-19,0
2009-12-20,0
2009-12-21,0
2009-12-22,0
2009-12-23,0
2009-12-24,0
2009-12-25,0
2009-12-26,0
2009-12-27,0
2009-12-28,0
2009-12-29,0
2009-12-30,0
2009-12-31,0
2010-01-01,4.0781489864343284e-06
2010-01-02,0
2010-01-03,0
2010-01-04,0
2010-01-05,0
2010-01-06,0
2010-01-07,0
2010-01-08,0
2010-01-09,0
2010-01-10,0
2010-01-11,0
2010-01-12,0
2010-01-13,0
2010-01-14,0
2010-01-15,0
2010-01-16,0
2010-01-17,0
2010-01-18,0
2010-01-19,0
2010-01-20,0
2010-01-21,0
2010-01-22,0
2010-01-23,0
2010-01-24,0
2010-01-25,5.07373886671066e-06
2010-01-26,1.4918964659658135e-06
2010-01-27,0
2010-01-28,0
2010-01-29,0
2010-01-30,0
2010-01-31,0
2010-02-01,2.5544064629037918e-06
2010-02-02,0
2010-02-03,1.4704554618156536e-06
2010-02-04,5.140360763369275e-06
2010-02-05,0
2010-02-06,3.959148624679749e-06
2010-02-07,2.651796570077923e-06
2010-02-08,2.2116973513344435e-06
2010-02-09,0
2010-02-10,0
2010-02-11,0
2010-02-12,0
2010-02-13,0
2010-02-14,0
2010-02-15,0
2010-02-16,2.1257896549357495e-06
2010-02-17,0
2010-02-18,0
2010-02-19,0
2010-02-20,0
2010-02-21,0
2010-02-22,0
2010-02-23,0
2010-02-24,0
2010-02-25,0
2010-02-26,0
2010-02-27,0
2010-02-28,0
2010-03-01,2.9277899642516846e-06
2010-03-02,0
2010-03-03,1.7861805000888626e-06
2010-03-04,0
2010-03-05,0
2010-03-06,0
2010-03-07,0
2010-03-08,2.149268542507312e-06
2010-03-09,0
2010-03-10,0
2010-03-11,0
2010-03-12,0
2010-03-13,3.5039371113367257e-06
2010-03-14,2.83065829384902e-06
2010-03-15,0
2010-03-16,0
2010-03-17,0
2010-03-18,0
2010-03-19,2.093631382696974e-06
2010-03-20,2.2882256678663326e-06
2010-03-21,0
2010-03-22,0
2010-03-23,0
2010-03-24,3.060932764163089e-06
2010-03-25,0
2010-03-26,0
2010-03-27,0
2010-03-28,0
2010-03-29,0
2010-03-30,0
2010-03-31,0
2010-04-01,0
2010-04-02,0
2010-04-03,0
2010-04-04,0
2010-04-05,0
2010-04-06,0
2010-04-07,0
2010-04-08,0
2010-04-09,0
2010-04-10,0
2010-04-11,0
2010-04-12,2.098965629737665e-06
2010-04-13,0
2010-04-14,0
2010-04-15,0
2010-04-16,0
2010-04-17,0
2010-04-18,0
2010-04-19,0
2010-04-20,1.7332519475252196e-06
2010-04-21,0
2010-04-22,0
2010-04-23,1.4763730121375578e-06
2010-04-24,2.501221429798218e-06
2010-04-25,0
2010-04-26,4.4360993201234185e-06
2010-04-27,1.341109983088603e-06
2010-04-28,0
2010-04-29,0
2010-04-30,0
2010-05-01,0
2010-05-02,0
2010-05-03,1.6981455684344174e-06
2010-05-04,4.147672548362602e-06
2010-05-05,0
2010-05-06,8.469847870944928e-06
2010-05-07,0
2010-05-08,0
2010-05-09,0
2010-05-10,0
2010-05-11,0
2010-05-12,1.3682335038243494e-06
2010-05-13,0
2010-05-14,0
2010-05-15,0
2010-05-16,1.9244521662018474e-06
2010-05-17,0
2010-05-18,0
2010-05-19,0
2010-05-20,0
2010-05-21,0
2010-05-22,5.667694030671293e-06
2010-05-23,0
2010-05-24,1.3330915993899773e-06
2010-05-25,0
2010-05-26,0
2010-05-27,0
2010-05-28,0
2010-05-29,0
2010-05-30,0
2010-05-31,0
2010-06-01,0
2010-06-02,0
2010-06-03,0
2010-06-04,0
2010-06-05,0
2010-06-06,0
2010-06-07,0
2010-06-08,0
2010-06-09,0
2010-06-10,0
2010-06-11,1.3683851577282835e-06
2010-06-12,4.35437486021467e-06
2010-06-13,1.9606082434165715e-06
2010-06-14,0
2010-06-15,0
2010-06-16,1.3600653266577701e-06
2010-06-17,0
2010-06-18,0
2010-06-19,0
2010-06-20,0
2010-06-21,0
2010-06-22,0
2010-06-23,0
2010-06-24,0
2010-06-25,6.1648414268766714e-06
2010-06-26,2.1491549343701812e-06
2010-06-27,0
2010-06-28,0
2010-06-29,0
2010-06-30,0
2010-07-01,0
2010-07-02,0
2010-07-03,2.553090607362019e-06
2010-07-04,0
2010-07-05,0
2010-07-06,0
2010-07-07,0
2010-07-08,1.4466936780450732e-06
2010-07-09,0
2010-07-10,2.6185345109755876e-06
2010-07-11,3.7910990680530717e-06
2010-07-12,0
2010-07-13,0
2010-07-14,0
2010-07-15,0
2010-07-16,1.2163659607284086e-06
2010-07-17,0
2010-07-18,0
2010-07-19,0
2010-07-20,0
2010-07-21,0
2010-07-22,0
2010-07-23,0
2010-07-24,0
2010-07-25,1.5419839041552148e-06
2010-07-26,0
2010-07-27,1.1771087658308866e-06
2010-07-28,1.135498850761613e-06
2010-07-29,0
2010-07-30,0
2010-07-31,0
2010-08-01,0
2010-08-02,1.2739574059985048e-06
2010-08-03,0
2010-08-04,2.7237392945696808e-06
2010-08-05,0
2010-08-06,0
2010-08-07,0
2010-08-08,1.902586915719522e-06
2010-08-09,0
2010-08-10,0
2010-08-11,0
2010-08-12,0
2010-08-13,0
2010-08-14,3.034401004184439e-06
2010-08-15,3.843545238823118e-06
2010-08-16,1.7248936872556446e-06
2010-08-17,1.284411800404975e-06
2010-08-18,0
2010-08-19,0
2010-08-20,0
2010-08-21,2.196130105022079e-06
2010-08-22,0
2010-08-23,0
2010-08-24,0
2010-08-25,0
2010-08-26,2.0172587694721505e-06
2010-08-27,0
2010-08-28,0
2010-08-29,0
2010-08-30,0
2010-08-31,0
2010-09-01,0
2010-09-02,2.6436353157954566e-06
2010-09-03,0
2010-09-04,0
2010-09-05,0
2010-09-06,0
2010-09-07,0
2010-09-08,0
2010-09-09,0
2010-09-10,0
2010-09-11,0
2010-09-12,0
2010-09-13,0
2010-09-14,0
2010-09-15,9.618377410509654e-07
2010-09-16,1.8401332698119328e-06
2010-09-17,0
2010-09-18,0
2010-09-19,1.7172845838218055e-06
2010-09-20,9.784603691261312e-06
2010-09-21,1.1983484361852495e-06
2010-09-22,0
2010-09-23,0
2010-09-24,1.2032519086082046e-06
2010-09-25,0
2010-09-26,0
2010-09-27,0
2010-09-28,0
2010-09-29,0
2010-09-30,0
2010-10-01,0
2010-10-02,0
2010-10-03,3.811851095881778e-06
2010-10-04,1.7333808857489658e-06
2010-10-05,0
2010-10-06,0
2010-10-07,1.503719261628731e-06
2010-10-08,1.1631013088379028e-06
2010-10-09,2.98060977856779e-06
2010-10-10,1.365973544370782e-06
2010-10-11,2.042823296193444e-06
2010-10-12,0
2010-10-13,0
2010-10-14,0
2010-10-15,1.2005289530567168e-06
2010-10-16,1.7884507979300981e-06
2010-10-17,1.446163518470172e-05
2010-10-18,7.938790481967578e-06
2010-10-19,3.2670095995058904e-06
2010-10-20,1.7276429611593037e-06
2010-10-21,1.207911614001145e-06
2010-10-22,0
2010-10-23,0
2010-10-24,0
2010-10-25,0
2010-10-26,0
2010-10-27,2.461349429902245e-06
2010-10-28,0
2010-10-29,0
2010-10-30,1.3472233860735363e-06
2010-10-31,1.865461827054633e-06
2010-11-01,0
2010-11-02,8.203205878482958e-07
2010-11-03,0
2010-11-04,1.1386311019037425e-06
2010-11-05,1.6106941501199162e-06
2010-11-06,0
2010-11-07,2.3640240245016045e-06
2010-11-08,2.03274928493809e-06
2010-11-09,0
2010-11-10,1.668093897915383e-06
2010-11-11,1.1334921841665716e-06
2010-11-12,0
2010-11-13,1.5845786990065598e-06
2010-11-14,2.310859740923737e-06
2010-11-15,0
2010-11-16,8.627771617708616e-07
2010-11-17,0
2010-11-18,0
2010-11-19,8.446453874591107e-07
2010-11-20,0
2010-11-21,0
2010-11-22,1.3153211068755945e-06
2010-11-23,9.49779010168809e-07
2010-11-24,8.271000317937252e-07
2010-11-25,0
2010-11-26,0
2010-11-27,1.5204946386272975e-06
2010-11-28,1.853794139868356e-06
2010-11-29,1.5487145583126307e-06
2010-11-30,9.247081081797521e-07
2010-12-01,0
2010-12-02,0
2010-12-03,0
2010-12-04,0
2010-12-05,3.944160158145046e-06
2010-12-06,0
2010-12-07,0
2010-12-08,1.2201576138597703e-06
2010-12-09,7.804217773887462e-07
2010-12-10,0
2010-12-11,1.2242491934748334e-06
2010-12-12,1.9980530970622226e-06
2010-12-13,0
2010-12-14,0
2010-12-15,8.652838181398388e-07
2010-12-16,9.025231388130226e-07
2010-12-17,0
2010-12-18,0
2010-12-19,0
2010-12-20,0
2010-12-21,0
2010-12-22,0
2010-12-23,1.078072772427642e-06
2010-12-24,1.9022400779157536e-06
2010-12-25,3.1511988162951354e-06
2010-12-26,0
2010-12-27,0
2010-12-28,0
2010-12-29,0
2010-12-30,1.3361079842472868e-06
2010-12-31,0
2011-01-01,0
2011-01-02,0
2011-01-03,2.1133905563630692e-06
2011-01-04,0
2011-01-05,0
2011-01-06,1.130405244628173e-06
2011-01-07,1.3773605721996572e-06
2011-01-08,0
2011-01-09,0
2011-01-10,0
2011-01-11,7.302374381634937e-07
2011-01-12,0
2011-01-13,0
2011-01-14,1.3104780143287666e-06
2011-01-15,9.915682981336503e-07
2011-01-16,0
2011-01-17,7.927723264110039e-07
2011-01-18,0
2011-01-19,1.9188564931088382e-06
2011-01-20,6.887371095962568e-07
2011-01-21,1.9476726285924634e-06
2011-01-22,1.9044002500858408e-06
2011-01-23,0
2011-01-24,0
2011-01-25,0
2011-01-26,0
2011-01-27,1.3059852287266252e-06
2011-01-28,0
2011-01-29,0
2011-01-30,1.1994115686844034e-06
2011-01-31,0
2011-02-01,0
2011-02-02,1.2394654047990723e-06
2011-02-03,0
2011-02-04,0
2011-02-05,1.5092425461363483e-05
2011-02-06,1.05416981189463e-05
2011-02-07,3.127134802537073e-06
2011-02-08,7.215365380330568e-07
2011-02-09,1.5307316380608002e-06
2011-02-10,1.3654261269646945e-06
2011-02-11,2.5876176906600088e-05
2011-02-12,5.691478883052777e-06
2011-02-13,2.038395589949672e-06
2011-02-14,2.971636178422385e-06
2011-02-15,1.8746067510212926e-06
2011-02-16,1.4110313016128794e-06
2011-02-17,1.0127657861385533e-06
2011-02-18,1.5102166845169702e-06
2011-02-19,4.521860300562628e-06
2011-02-20,1.1686538976944796e-06
2011-02-21,1.9979328055238846e-06
2011-02-22,1.8526935694241335e-06
2011-02-23,3.1589512231395956e-06
2011-02-24,0
2011-02-25,0
2011-02-26,9.144114536984102e-07
2011-02-27,9.78869471018938e-07
2011-02-28,1.163959619912866e-06
2011-03-01,1.608243907755583e-06
2011-03-02,1.766013103060362e-06
2011-03-03,2.395013330139982e-06
2011-03-04,9.085850514135832e-07
2011-03-05,0
2011-03-06,1.630696757587795e-06
2011-03-07,9.989151781165654e-07
2011-03-08,8.907118225325405e-07
2011-03-09,0
2011-03-10,1.0939521342459164e-06
2011-03-11,6.784557857827419e-07
2011-03-12,0
2011-03-13,1.3830581940752207e-06
2011-03-14,1.2619172308488286e-06
2011-03-15,1.141699930305562e-06
2011-03-16,1.5655934740845355e-06
2011-03-17,0
2011-03-18,0
2011-03-19,2.19941469909166e-06
2011-03-20,2.67605910942327e-06
2011-03-21,2.187658363945537e-06
2011-03-22,0
2011-03-23,6.286209351641624e-07
2011-03-24,1.2532650688205448e-06
2011-03-25,9.003097322710365e-07
2011-03-26,0
2011-03-27,0
2011-03-28,8.972092945756008e-07
2011-03-29,1.1759411380311477e-06
2011-03-30,0
2011-03-31,7.910645566689643e-07
2011-04-01,0
2011-04-02,0
2011-04-03,1.5665848700486518e-06
2011-04-04,3.525637830434327e-06
2011-04-05,1.9561876562993937e-06
2011-04-06,0
2011-04-07,1.0063791016657587e-06
2011-04-08,1.3931600855177387e-06
2011-04-09,2.913499235977671e-06
2011-04-10,1.135809191844176e-06
2011-04-11,1.2154369240500206e-06
2011-04-12,3.5975877724287395e-06
2011-04-13,2.4746533629301877e-06
2011-04-14,8.082690076292511e-07
2011-04-15,2.3161670409917682e-06
2011-04-16,1.4653515191054973e-06
2011-04-17,1.8227331275670159e-06
2011-04-18,3.62119623998345e-06
2011-04-19,5.729572212949864e-07
2011-04-20,7.925229310849231e-07
2011-04-21,3.104352418503958e-06
2011-04-22,0
2011-04-23,3.3675578234934977e-06
2011-04-24,7.713561521052624e-07
2011-04-25,1.4574547108094072e-06
2011-04-26,6.83499902259514e-07
2011-04-27,0
2011-04-28,1.2335382913274297e-06
2011-04-29,1.0381569990987643e-06
2011-04-30,0
2011-05-01,9.296825320089696e-07
2011-05-02,0
2011-05-03,0
2011-05-04,0
2011-05-05,0
2011-05-06,0
2011-05-07,1.0162018136153767e-06
2011-05-08,1.1067981121186488e-06
2011-05-09,1.5246947180000884e-06
2011-05-10,1.8976306407070794e-06
2011-05-11,8.912971738526387e-07
2011-05-12,5.753493636405899e-07
2011-05-13,8.242908625709303e-07
2011-05-14,1.4091283648615367e-06
2011-05-15,8.878780233171567e-07
2011-05-16,0
2011-05-17,1.3034669940975757e-06
2011-05-18,1.393072123737381e-06
2011-05-19,5.664432878679517e-07
2011-05-20,0
2011-05-21,0
2011-05-22,0
2011-05-23,0
2011-05-24,6.123708088959107e-07
2011-05-25,0
2011-05-26,7.395765142617822e-07
2011-05-27,6.738809364698747e-07
2011-05-28,0
2011-05-29,1.3310839001409025e-06
2011-05-30,1.6225396721090704e-06
2011-05-31,0
2011-06-01,0
2011-06-02,6.144047815437718e-07
2011-06-03,2.823042187895336e-06
2011-06-04,1.6322690691688856e-06
2011-06-05,0
2011-06-06,0
2011-06-07,9.534740877207602e-07
2011-06-08,8.687890991294154e-07
2011-06-09,0
2011-06-10,5.493716451933771e-07
2011-06-11,0
2011-06-12,6.665217204098682e-07
2011-06-13,0
2011-06-14,5.174179972674121e-07
2011-06-15,4.7608342543167197e-07
2011-06-16,0
2011-06-17,9.271377865821529e-07
2011-06-18,1.2496671025690657e-06
2011-06-19,0
2011-06-20,0
2011-06-21,0
2011-06-22,6.031748106156756e-07
2011-06-23,5.846876160239488e-07
2011-06-24,9.084621087835681e-07
2011-06-25,0
2011-06-26,1.1561970136587334e-06
2011-06-27,8.343059080642861e-07
2011-06-28,8.727447064639546e-07
2011-06-29,8.069549022157266e-07
2011-06-30,1.6807756245613918e-06
2011-07-01,2.2493673373192874e-06
2011-07-02,0
2011-07-03,0
2011-07-04,6.320446911216556e-07
2011-07-05,1.414893308454119e-06
2011-07-06,7.776528996829703e-07
2011-07-07,0
2011-07-08,1.7200393180752355e-06
2011-07-09,6.608391229448894e-07
2011-07-10,0
2011-07-11,7.330500758026139e-07
2011-07-12,0
2011-07-13,7.618137070283504e-07
2011-07-14,8.661223184131253e-07
2011-07-15,8.200925125861136e-07
2011-07-16,9.461374748563966e-07
2011-07-17,7.904756120487981e-07
2011-07-18,6.823237216665074e-07
2011-07-19,1.0743397181342781e-06
2011-07-20,1.099082870298879e-06
2011-07-21,5.645881291958308e-07
2011-07-22,1.5044005219668051e-06
2011-07-23,1.6007518818451533e-05
2011-07-24,1.5049091654532547e-05
2011-07-25,9.602401415102986e-06
2011-07-26,5.976505346075978e-06
2011-07-27,4.836508227219887e-06
2011-07-28,3.3658826313087673e-06
2011-07-29,1.4434228318638838e-06
2011-07-30,0
2011-07-31,1.3776267898816067e-06
2011-08-01,1.1289060474889092e-06
2011-08-02,1.0513881740909566e-06
2011-08-03,1.5869146544074572e-06
2011-08-04,1.715045675525192e-06
2011-08-05,2.55290724196402e-06
2011-08-06,1.511415957250646e-06
2011-08-07,5.067130846562096e-06
2011-08-08,2.8752890427875247e-06
2011-08-09,3.5890837505002286e-06
2011-08-10,2.4389911592457697e-06
2011-08-11,5.29405380699821e-07
2011-08-12,1.0061969996211668e-06
2011-08-13,2.108317629295214e-06
2011-08-14,1.2013528674911392e-06
2011-08-15,1.639216618378077e-06
2011-08-16,2.5404182593791626e-06
2011-08-17,1.6307009842825315e-06
2011-08-18,1.2815058205994372e-06
2011-08-19,8.456415044909483e-07
2011-08-20,0
2011-08-21,1.0882431326689174e-06
2011-08-22,4.391823373512369e-07
2011-08-23,4.940978366420321e-07
2011-08-24,5.213847701423102e-07
2011-08-25,0
2011-08-26,1.1925717093368824e-06
2011-08-27,1.039910373591268e-06
2011-08-28,1.0129150039385512e-06
2011-08-29,1.054568149549268e-06
2011-08-30,1.0034120570904972e-06
2011-08-31,1.0885693519160496e-06
2011-09-01,9.856139783716868e-07
2011-09-02,9.045013050144828e-07
2011-09-03,9.71013782084116e-07
2011-09-04,1.2703209488974133e-06
2011-09-05,9.311474405757223e-07
2011-09-06,8.960794284805405e-07
2011-09-07,9.10933554519042e-07
2011-09-08,6.495954076203063e-07
2011-09-09,5.993785471971646e-07
2011-09-10,1.3291809719768776e-06
2011-09-11,8.77635553279554e-07
2011-09-12,1.7902649992877303e-06
2011-09-13,4.883876476019393e-07
2011-09-14,9.309186432114663e-07
2011-09-15,0
2011-09-16,2.556243286437833e-06
2011-09-17,7.180462249437769e-07
2011-09-18,0
2011-09-19,5.240290462313272e-07
2011-09-20,8.030712012563888e-07
2011-09-21,0
2011-09-22,4.0860232100828017e-07
2011-09-23,0
2011-09-24,1.436836395729059e-06
2011-09-25,9.85170124650292e-07
2011-09-26,1.9058973934450057e-06
2011-09-27,5.266858159597239e-07
2011-09-28,7.736436325106098e-07
2011-09-29,0
2011-09-30,3.5232185305920664e-06
2011-10-01,0
2011-10-02,2.786466000118377e-06
2011-10-03,8.883360029176185e-07
2011-10-04,5.000921955683401e-07
2011-10-05,0
2011-10-06,0
2011-10-07,0
2011-10-08,5.555989540071852e-07
2011-10-09,6.265082533586846e-07
2011-10-10,8.182592924593724e-07
2011-10-11,3.571384694416611e-07
2011-10-12,1.083445530137121e-06
2011-10-13,6.665765060222224e-07
2011-10-14,4.652447803994235e-07
2011-10-15,0
2011-10-16,8.215498270483573e-07
2011-10-17,8.740735019532364e-07
2011-10-18,5.218393884221284e-07
2011-10-19,0
2011-10-20,8.395134881960969e-07
2011-10-21,4.6764365740363307e-07
2011-10-22,0
2011-10-23,4.6654094321328954e-07
2011-10-24,3.769822480567319e-07
2011-10-25,3.6575347776694335e-07
2011-10-26,1.1943949434095677e-06
2011-10-27,9.587043273258461e-07
2011-10-28,0
2011-10-29,0
2011-10-30,8.759571337237255e-07
2011-10-31,1.072112514414759e-06
2011-11-01,7.532197508077906e-07
2011-11-02,0
2011-11-03,9.758806904997178e-07
2011-11-04,6.563218672444632e-07
2011-11-05,0
2011-11-06,5.363131367936376e-07
2011-11-07,0
2011-11-08,7.004685714461832e-07
2011-11-09,7.082731832332472e-07
2011-11-10,6.506327150129667e-07
2011-11-11,1.0259410037755484e-06
2011-11-12,0
2011-11-13,8.168583220504777e-07
2011-11-14,9.288155743795512e-07
2011-11-15,0
2011-11-16,1.0292763694540475e-06
2011-11-17,4.954945038687857e-07
2011-11-18,0
2011-11-19,6.055842131462644e-07
2011-11-20,0
2011-11-21,0
2011-11-22,5.665319548100121e-07
2011-11-23,0
2011-11-24,6.016973883324859e-07
2011-11-25,6.497324726543846e-07
2011-11-26,1.6423752920288185e-06
2011-11-27,1.0127840974482444e-06
2011-11-28,2.521735318809275e-06
2011-11-29,2.833156656366495e-06
2011-11-30,8.755844947456512e-07
2011-12-01,1.3997647462049878e-06
2011-12-02,1.0167475263379975e-06
2011-12-03,8.082144038354623e-07
2011-12-04,6.222562388966152e-07
2011-12-05,4.206738479899257e-07
2011-12-06,1.379003658037037e-06
2011-12-07,1.684929497133995e-06
2011-12-08,5.991932063207959e-07
2011-12-09,1.5962270190155055e-06
2011-12-10,9.414786298473204e-07
2011-12-11,5.225600495526276e-07
2011-12-12,7.82753074920926e-07
2011-12-13,2.6308439872129905e-06
2011-12-14,1.876142688156005e-06
2011-12-15,1.182327486770277e-06
2011-12-16,1.346850222398643e-06
2011-12-17,1.856950683690148e-06
2011-12-18,1.3661777025590694e-06
2011-12-19,0
2011-12-20,0
2011-12-21,4.314159077281904e-06
2011-12-22,2.0559698130763646e-06
2011-12-23,5.561494878975516e-07
2011-12-24,9.726557294772072e-07
2011-12-25,5.805139127125349e-07
2011-12-26,1.004783876514473e-06
2011-12-27,0
2011-12-28,6.948519944406282e-07
2011-12-29,1.3666227449301143e-06
2011-12-30,0
2011-12-31,6.210544741962069e-07
2012-01-01,5.14178735727041e-07
2012-01-02,8.906215766733147e-07
2012-01-03,1.4787449568915597e-06
2012-01-04,1.0451344581810675e-06
2012-01-05,4.330864699208454e-07
2012-01-06,7.532533955721506e-07
2012-01-07,1.6205468486724439e-06
2012-01-08,0
2012-01-09,8.07051193864623e-07
2012-01-10,1.1294842531169455e-06
2012-01-11,4.1173748276878635e-07
2012-01-12,7.352686625738753e-07
2012-01-13,1.1441222151350206e-06
2012-01-14,0
2012-01-15,0
2012-01-16,3.995964076282954e-07
2012-01-17,5.407222426995738e-07
2012-01-18,0
2012-01-19,1.2328708857471839e-06
2012-01-20,8.234537881534644e-07
2012-01-21,7.132504256321915e-07
2012-01-22,3.7704345297600776e-07
2012-01-23,3.0181473959363903e-07
2012-01-24,9.369713980696633e-07
2012-01-25,1.4414897508276854e-06
2012-01-26,7.811314689327491e-07
2012-01-27,4.962102254165204e-07
2012-01-28,4.140374255053513e-07
2012-01-29,1.2097392303397068e-06
2012-01-30,1.709061609667301e-06
2012-01-31,5.593735597878878e-07
2012-02-01,5.785112014231376e-07
2012-02-02,1.1770813549783684e-06
2012-02-03,6.350782552952349e-07
2012-02-04,1.4131126491010484e-06
2012-02-05,6.800058631616646e-07
2012-02-06,6.53237886084458e-07
2012-02-07,7.298153375619442e-07
2012-02-08,9.98039462369449e-07
2012-02-09,0
2012-02-10,4.910098851951374e-07
2012-02-11,6.921936933309675e-07
2012-02-12,0
2012-02-13,4.133333545904773e-07
2012-02-14,1.3967847644305036e-06
2012-02-15,7.689603136033102e-07
2012-02-16,5.131567693930495e-07
2012-02-17,5.64391522914578e-07
2012-02-18,0
2012-02-19,3.9981586080714665e-07
2012-02-20,1.7369556879444597e-06
2012-02-21,7.55883477189588e-07
2012-02-22,8.227363971232309e-07
2012-02-23,0
2012-02-24,4.057298796524031e-07
2012-02-25,4.555941840365113e-07
2012-02-26,9.377531031692881e-07
2012-02-27,5.908627914379018e-07
2012-02-28,3.4034047093478196e-07
2012-02-29,5.040463158078669e-07
2012-03-01,0
2012-03-02,1.464271823817012e-06
2012-03-03,6.237740889857402e-07
2012-03-04,9.169191760197517e-07
2012-03-05,7.970447053791689e-07
2012-03-06,6.448759941569545e-07
2012-03-07,8.866761655299084e-07
2012-03-08,1.1402734375703293e-06
2012-03-09,1.3148414861540618e-06
2012-03-10,0
2012-03-11,3.9225460336273593e-07
2012-03-12,5.90694145364513e-07
2012-03-13,0
2012-03-14,5.769518801361698e-07
2012-03-15,6.828931953904254e-07
2012-03-16,6.693424951311419e-07
2012-03-17,4.911016072036748e-07
2012-03-18,1.6575605064208997e-06
2012-03-19,1.5822123700527516e-06
2012-03-20,4.473098617175111e-07
2012-03-21,1.079043962732843e-06
2012-03-22,6.226792461460117e-07
2012-03-23,6.904086304300711e-07
2012-03-24,6.272422931915515e-07
2012-03-25,5.676022833504655e-07
2012-03-26,9.98994290248134e-07
2012-03-27,6.78821859755717e-07
2012-03-28,1.161076269147401e-06
2012-03-29,1.2182337602024429e-06
2012-03-30,6.218458283642199e-07
2012-03-31,1.2502524923978789e-06
2012-04-01,8.851706001368152e-07
2012-04-02,3.0392428249251467e-07
2012-04-03,9.046778229407139e-07
2012-04-04,1.0869938801209317e-06
2012-04-05,4.2443252178121386e-07
2012-04-06,5.315198349028524e-07
2012-04-07,1.1845529848699267e-06
2012-04-08,2.0777538477851862e-06
2012-04-09,4.401355419408184e-07
2012-04-10,7.87658339017601e-07
2012-04-11,0
2012-04-12,5.595022789799418e-07
2012-04-13,6.344934093583336e-07
2012-04-14,6.80223428908353e-07
2012-04-15,5.210033038773261e-07
2012-04-16,2.0080804098809184e-06
2012-04-17,1.527136325784879e-06
2012-04-18,9.87177404614847e-07
2012-04-19,8.547401323519844e-07
2012-04-20,3.985073987265778e-06
2012-04-21,1.084689912824918e-06
2012-04-22,1.0222719667333619e-06
2012-04-23,5.630149923726823e-07
2012-04-24,2.0158123198097764e-06
2012-04-25,1.2569105303529149e-06
2012-04-26,2.165695226445093e-06
2012-04-27,1.1410625034620874e-06
2012-04-28,1.4219934994582882e-06
2012-04-29,6.685799642363206e-07
2012-04-30,1.0511691260695514e-06
2012-05-01,3.897753164549253e-07
2012-05-02,4.2554058666632873e-07
2012-05-03,3.9219175627635497e-07
2012-05-04,7.250186536942186e-07
2012-05-05,4.918660117634675e-07
2012-05-06,2.76984667610347e-06
2012-05-07,1.6385685266736612e-06
2012-05-08,1.962176886896296e-06
2012-05-09,1.0510957721201433e-06
2012-05-10,6.948438417876307e-07
2012-05-11,0
2012-05-12,4.932129668225501e-07
2012-05-13,6.586957021488695e-07
2012-05-14,2.579048081606033e-07
2012-05-15,3.970433176741103e-07
2012-05-16,5.810206411940439e-07
2012-05-17,1.0002187846983792e-06
2012-05-18,3.4034130106353255e-07
2012-05-19,7.018730887118453e-07
2012-05-20,0
2012-05-21,1.2655729409536925e-06
2012-05-22,1.1060374448496068e-06
2012-05-23,5.981299765348626e-07
2012-05-24,4.926531619268177e-07
2012-05-25,8.844331637451168e-07
2012-05-26,8.613802944470617e-07
2012-05-27,7.344725492220133e-07
2012-05-28,4.151500100080806e-07
2012-05-29,9.995040080348699e-07
2012-05-30,4.880868732159204e-07
2012-05-31,8.443414743956497e-07
2012-06-01,5.715397618913394e-07
2012-06-02,9.229370626143577e-07
2012-06-03,9.249491909993564e-07
2012-06-04,4.25664665916614e-07
2012-06-05,1.328951398689269e-06
2012-06-06,8.706041250323155e-07
2012-06-07,8.272486760128249e-07
2012-06-08,2.421406121188761e-06
2012-06-09,1.0020025647508148e-06
2012-06-10,1.4315768400873124e-06
2012-06-11,5.695087844357045e-07
2012-06-12,3.039113829140152e-07
2012-06-13,6.056137627284872e-07
2012-06-14,2.2430039026024902e-07
2012-06-15,7.440414256224337e-07
2012-06-16,2.1001093724607594e-06
2012-06-17,6.563487842212797e-07
2012-06-18,1.0949364141860724e-06
2012-06-19,9.508667240748678e-07
2012-06-20,1.4622662201880475e-06
2012-06-21,4.780788462410203e-07
2012-06-22,1.3948261990762904e-06
2012-06-23,0
2012-06-24,7.105493665718854e-07
2012-06-25,8.192280841582088e-07
2012-06-26,9.129008672688654e-07
2012-06-27,9.55836030673647e-07
2012-06-28,3.450105310151961e-07
2012-06-29,1.5551060994005523e-06
2012-06-30,8.188150599741091e-07
2012-07-01,1.3342783582185143e-06
2012-07-02,1.0789167264116803e-06
2012-07-03,9.085505692887012e-07
2012-07-04,5.031407724150053e-07
2012-07-05,4.978901159501439e-07
2012-07-06,7.168015597601941e-07
2012-07-07,4.96972334102352e-07
2012-07-08,5.08643290664378e-07
2012-07-09,1.0477020489035884e-06
2012-07-10,2.8207646166654563e-06
2012-07-11,1.2121272465209242e-06
2012-07-12,9.082776663647868e-07
2012-07-13,7.373075220763967e-07
2012-07-14,4.086708034660655e-07
2012-07-15,0
2012-07-16,3.503489804297249e-07
2012-07-17,5.969087545238755e-07
2012-07-18,8.142831452223911e-07
2012-07-19,2.925800161412215e-07
2012-07-20,6.910846452567492e-07
2012-07-21,7.045128055499134e-07
2012-07-22,7.045721038766912e-07
2012-07-23,1.2425288294645334e-06
2012-07-24,8.828601490532789e-07
2012-07-25,4.952863392722155e-07
2012-07-26,7.009588182021248e-07
2012-07-27,1.022533005980753e-06
2012-07-28,2.778549288296828e-06
2012-07-29,2.7777903521373964e-06
2012-07-30,8.323377041138467e-07
2012-07-31,1.0975413722441581e-06
2012-08-01,3.5516238991297774e-07
2012-08-02,5.758242255421231e-07
2012-08-03,1.7674771826060214e-06
2012-08-04,1.1738090546670087e-06
2012-08-05,7.770310854393855e-07
2012-08-06,8.344674038146755e-07
2012-08-07,1.284335306141414e-06
2012-08-08,1.1084828630528805e-06
2012-08-09,4.495252604590225e-07
2012-08-10,1.3018290151734892e-06
2012-08-11,5.890212752878212e-07
2012-08-12,5.197364458062233e-07
2012-08-13,5.850442709268142e-07
2012-08-14,1.576540074702775e-06
2012-08-15,1.1672384659330988e-06
2012-08-16,7.193067321715331e-07
2012-08-17,1.3954202916524346e-06
2012-08-18,8.202253126124733e-07
2012-08-19,8.254625053519636e-07
2012-08-20,7.576493541544355e-07
2012-08-21,8.980412169895356e-07
2012-08-22,1.2911585537458668e-06
2012-08-23,2.9127091444794863e-07
2012-08-24,8.942937162068762e-07
2012-08-25,5.49582509646547e-07
2012-08-26,5.43844794527007e-07
2012-08-27,7.972702176432533e-07
2012-08-28,5.415274264271466e-07
2012-08-29,1.1055490654155934e-06
2012-08-30,1.1219572966896696e-06
2012-08-31,9.63825018444106e-07
2012-09-01,2.8231294706372514e-07
2012-09-02,3.7728010693924923e-06
2012-09-03,1.4766974756571185e-06
2012-09-04,9.3963562895002e-07
2012-09-05,7.040747956050161e-07
2012-09-06,5.509748121864609e-07
2012-09-07,5.392339352359304e-07
2012-09-08,5.638552542964643e-07
2012-09-09,2.5550901908782843e-06
2012-09-10,1.0356611919965004e-06
2012-09-11,7.362139711498532e-07
2012-09-12,1.0634165028544438e-06
2012-09-13,4.0459865027688484e-07
2012-09-14,1.2696406608588465e-06
2012-09-15,2.4781749152334508e-06
2012-09-16,1.7466543497541954e-06
2012-09-17,2.658738594065035e-06
2012-09-18,1.33857329002491e-06
2012-09-19,9.83533973551232e-07
2012-09-20,2.219813280849844e-06
2012-09-21,8.73656729786986e-07
2012-09-22,1.1524350740824692e-06
2012-09-23,1.0448785798846245e-06
2012-09-24,7.080992346199629e-07
2012-09-25,4.157988252186312e-07
2012-09-26,1.5430962345965776e-06
2012-09-27,6.661300618945849e-07
2012-09-28,9.327962292645229e-07
2012-09-29,2.7845349481470283e-06
2012-09-30,1.2747128016635557e-06
2012-10-01,5.777611896120671e-07
2012-10-02,9.390620042579632e-07
2012-10-03,4.0283531608875913e-07
2012-10-04,6.860520389337962e-07
2012-10-05,5.965710929182423e-07
2012-10-06,1.1621065412304361e-06
2012-10-07,2.1797369689602185e-06
2012-10-08,3.295263929611775e-06
2012-10-09,9.103573591261298e-07
2012-10-10,6.637183743379928e-07
2012-10-11,1.1343639856408005e-06
2012-10-12,7.687354044843773e-07
2012-10-13,1.0428495888188912e-06
2012-10-14,3.1806773527362558e-06
2012-10-15,1.3408868227505066e-06
2012-10-16,7.677660146595627e-07
2012-10-17,8.59831990466838e-07
2012-10-18,7.519838273344868e-07
2012-10-19,9.795137373239792e-07
2012-10-20,1.4627639111334647e-06
2012-10-21,4.305720312944112e-06
2012-10-22,1.5035311330779015e-06
2012-10-23,1.1694278807978772e-06
2012-10-24,4.0762335569324076e-07
2012-10-25,4.247845651979528e-06
2012-10-26,1.8969112549920748e-06
2012-10-27,1.7533991834920975e-06
2012-10-28,3.3250775352663263e-07
2012-10-29,1.764718780371086e-06
2012-10-30,1.1778355944795804e-06
2012-10-31,8.383854514178356e-07
2012-11-01,1.8551942180202526e-06
2012-11-02,1.0615663358206717e-06
2012-11-03,5.889622057598362e-07
2012-11-04,4.017811561323079e-07
2012-11-05,4.982597654865675e-07
2012-11-06,7.379583946436684e-07
2012-11-07,6.482257951947886e-07
2012-11-08,1.928030478305801e-06
2012-11-09,7.871523787504367e-07
2012-11-10,1.7201986951571524e-06
2012-11-11,1.8680019669077553e-06
2012-11-12,1.2932675281094728e-06
2012-11-13,8.707835210604385e-07
2012-11-14,7.955202662765435e-07
2012-11-15,1.202180466843542e-06
2012-11-16,8.40745909771149e-07
2012-11-17,8.769051518013249e-07
2012-11-18,9.86643392960694e-07
2012-11-19,1.2305834442225748e-06
2012-11-20,1.0531355064190433e-06
2012-11-21,9.069043665890558e-07
2012-11-22,1.429909493878585e-06
2012-11-23,1.3091626273999338e-06
2012-11-24,4.2159123094619805e-06
2012-11-25,2.125171935058502e-06
2012-11-26,1.0785065273012542e-06
2012-11-27,2.5553641575088326e-06
2012-11-28,1.3687008768367086e-06
2012-11-29,1.524885733891388e-06
2012-11-30,7.037738173619179e-07
2012-12-01,3.1860770979680476e-07
2012-12-02,6.897380089293483e-07
2012-12-03,1.145779347859224e-06
2012-12-04,7.073095678807599e-07
2012-12-05,1.0401946227254555e-06
2012-12-06,5.9237588540449e-07
2012-12-07,4.922123999870548e-07
2012-12-08,6.704266600421636e-07
2012-12-09,1.3387244845460646e-06
2012-12-10,5.297595251235617e-07
2012-12-11,2.281626620194103e-06
2012-12-12,1.4341517886627887e-06
2012-12-13,7.040306419167563e-07
2012-12-14,2.326538130515901e-06
2012-12-15,1.4006420543176993e-06
2012-12-16,1.6480081446501343e-06
2012-12-17,6.967956728369343e-07
2012-12-18,1.0396849277184083e-06
2012-12-19,7.405031446050643e-07
2012-12-20,5.984255253449453e-07
2012-12-21,7.242516104413544e-07
2012-12-22,2.75462909910847e-07
2012-12-23,7.992299685662853e-07
2012-12-24,5.249451576670156e-07
2012-12-25,6.333897219089759e-07
2012-12-26,7.020579776527926e-07
2012-12-27,8.15221437097235e-07
2012-12-28,6.952674189691896e-07
2012-12-29,8.746883133234614e-07
2012-12-30,1.3062288587463948e-06
2012-12-31,1.4220242764429413e-06
2013-01-01,1.3416502980671794e-06
2013-01-02,1.4058634424698616e-06
2013-01-03,9.402117197680165e-07
2013-01-04,6.301375438283829e-07
2013-01-05,3.578388697194109e-07
2013-01-06,9.517019892301942e-07
2013-01-07,3.386637502449668e-07
2013-01-08,8.992146223519792e-07
2013-01-09,1.266552388459217e-06
2013-01-10,4.903789059730672e-07
2013-01-11,2.563344734236263e-07
2013-01-12,9.518988296539875e-07
2013-01-13,7.840272395454976e-07
2013-01-14,1.2279003974825214e-06
2013-01-15,1.0253212269531211e-06
2013-01-16,1.0845621592059974e-06
2013-01-17,1.3019982200682794e-06
2013-01-18,1.4128282267140098e-06
2013-01-19,8.092656965848898e-07
2013-01-20,5.75005382935008e-07
2013-01-21,8.459285038147146e-07
2013-01-22,1.3358636817905916e-06
2013-01-23,1.911981716811403e-06
2013-01-24,1.122575364777463e-06
2013-01-25,1.8200837063776898e-06
2013-01-26,1.5258273324779145e-06
2013-01-27,3.4952314065003866e-06
2013-01-28,1.8667143959916152e-06
2013-01-29,6.819048534748422e-07
2013-01-30,1.3665873692957405e-06
2013-01-31,4.950487347190832e-07
2013-02-01,1.51635215673726e-06
2013-02-02,1.8723381292874442e-06
2013-02-03,1.2647382660293832e-06
2013-02-04,8.425018920869197e-07
2013-02-05,1.2706617542883246e-06
2013-02-06,6.183450187945969e-07
2013-02-07,3.8242684669839255e-07
2013-02-08,4.803469553448409e-07
2013-02-09,5.597308627434975e-07
2013-02-10,1.0431833121270103e-06
2013-02-11,6.797137360558515e-07
2013-02-12,5.333589345621923e-07
2013-02-13,7.208489503620136e-07
2013-02-14,3.6620976627247604e-07
2013-02-15,3.6832055281477316e-07
2013-02-16,0
2013-02-17,9.123162788881528e-07
2013-02-18,8.394214196623519e-07
2013-02-19,9.92575874724603e-07
2013-02-20,8.656761784510415e-07
2013-02-21,2.1197948736043245e-06
2013-02-22,1.0347737441339107e-06
2013-02-23,8.636786424507169e-07
2013-02-24,1.325012548973016e-06
2013-02-25,9.582864540828568e-07
2013-02-26,1.1543532596661299e-06
2013-02-27,1.3729216197674353e-06
2013-02-28,8.066690911164655e-07
2013-03-01,8.915044308141672e-07
2013-03-02,9.646186602907517e-07
2013-03-03,9.62583377768953e-07
2013-03-04,7.066093126019814e-07
2013-03-05,5.090165840317833e-07
2013-03-06,7.003283944891019e-07
2013-03-07,7.780167271474473e-07
2013-03-08,1.3442505369100134e-06
2013-03-09,8.537031651329415e-07
2013-03-10,6.824751572218019e-07
2013-03-11,6.98667938095226e-07
2013-03-12,8.446059796549284e-07
2013-03-13,1.2309569674882724e-06
2013-03-14,1.0161311165136583e-06
2013-03-15,8.402617289246341e-07
2013-03-16,1.339222579506966e-06
2013-03-17,7.770743384280485e-07
2013-03-18,5.274561867639371e-07
2013-03-19,6.004204944863052e-07
2013-03-20,2.135455691563322e-06
2013-03-21,4.646105635915299e-07
2013-03-22,2.573344074226419e-07
2013-03-23,9.605898350932558e-07
2013-03-24,7.918806540828619e-07
2013-03-25,5.547043924822023e-07
2013-03-26,5.695295207084116e-07
2013-03-27,7.154107906645265e-07
2013-03-28,5.314741846689964e-07
2013-03-29,5.6637039831131e-07
2013-03-30,6.945236072741254e-07
2013-03-31,8.541299017127098e-07
2013-04-01,5.451522337612779e-07
2013-04-02,7.168175675737948e-07
2013-04-03,1.368529667320304e-06
2013-04-04,6.107978843118589e-07
2013-04-05,8.744466291215989e-07
2013-04-06,4.234846459501083e-07
2013-04-07,9.6113875719953e-07
2013-04-08,6.60440972663499e-07
2013-04-09,4.6465325390323445e-07
2013-04-10,1.1045956333125424e-06
2013-04-11,9.031755621621637e-07
2013-04-12,3.8008671234907747e-07
2013-04-13,3.788904311600501e-07
2013-04-14,4.2689437678427297e-07
2013-04-15,5.207765090215416e-07
2013-04-16,1.101264651421577e-06
2013-04-17,7.748334828606989e-07
2013-04-18,5.373426937166243e-07
2013-04-19,1.834102562061537e-07
2013-04-20,9.446518193736409e-07
2013-04-21,1.9527959583307517e-06
2013-04-22,1.3284364358231873e-06
2013-04-23,8.079193999719341e-07
2013-04-24,1.4373692892302607e-06
2013-04-25,1.4358231828697803e-06
2013-04-26,1.1270932940203193e-06
2013-04-27,1.8013555200288216e-06
2013-04-28,1.2533513503263788e-06
2013-04-29,1.1090902782057898e-06
2013-04-30,7.741403434693489e-07
2013-05-01,5.269645595255137e-07
2013-05-02,7.371692093395493e-07
2013-05-03,3.5403797511520512e-06
2013-05-04,9.553225601029247e-07
2013-05-05,5.904270287102228e-07
2013-05-06,1.1161556971541313e-06
2013-05-07,7.499575570895034e-07
2013-05-08,7.127284248119234e-07
2013-05-09,2.2611356489192822e-07
2013-05-10,5.039423409331198e-07
2013-05-11,1.1713190301686664e-06
2013-05-12,1.6369625815118172e-06
2013-05-13,7.367104878808279e-07
2013-05-14,9.706656430242498e-07
2013-05-15,4.5047648184560473e-07
2013-05-16,1.7763316213479792e-06
2013-05-17,5.842582140862319e-07
2013-05-18,1.529575277588414e-06
2013-05-19,1.3456927189786633e-06
2013-05-20,1.2617481971408581e-06
2013-05-21,2.4243234830866286e-06
2013-05-22,6.3989535856984944e-06
2013-05-23,6.333617807777169e-06
2013-05-24,2.9122130970620983e-06
2013-05-25,7.530703048485512e-06
2013-05-26,3.6078564165919647e-06
2013-05-27,2.3436914377305967e-06
2013-05-28,1.5243037750615405e-06
2013-05-29,1.143999304695774e-06
2013-05-30,9.537930202380573e-07
2013-05-31,7.962950778910961e-07
2013-06-01,1.4249092883316468e-06
2013-06-02,4.0087257130851584e-07
2013-06-03,1.2010412183388088e-06
2013-06-04,2.7267931023167053e-06
2013-06-05,1.7546654476359346e-06
2013-06-06,1.2009389421024933e-06
2013-06-07,9.605478518757128e-07
2013-06-08,9.765980256606015e-07
2013-06-09,5.937975941142466e-07
2013-06-10,9.464757549350902e-07
2013-06-11,1.2567428271330075e-06
2013-06-12,7.717842104408571e-07
2013-06-13,1.591101264829439e-06
2013-06-14,9.768303652017076e-07
2013-06-15,1.068977985210818e-06
2013-06-16,4.107767105707553e-07
2013-06-17,9.104654162638128e-07
2013-06-18,5.583607842623903e-07
2013-06-19,5.430694338709328e-07
2013-06-20,3.564790528304036e-07
2013-06-21,3.91292285816059e-07
2013-06-22,4.2491237457011617e-07
2013-06-23,6.503406768989643e-07
2013-06-24,3.3669401606748315e-06
2013-06-25,1.7786013042544695e-06
2013-06-26,6.114893903380457e-07
2013-06-27,4.664101949557302e-07
2013-06-28,8.001006462604944e-07
2013-06-29,6.281190560308579e-07
2013-06-30,6.086247235778662e-07
2013-07-01,1.3089022367830323e-06
2013-07-02,8.560408753023853e-07
2013-07-03,3.7538610807378567e-07
2013-07-04,1.0909003212039113e-06
2013-07-05,6.641724041015302e-07
2013-07-06,9.704509414607413e-07
2013-07-07,1.0912731040390426e-06
2013-07-08,1.1792751286067562e-06
2013-07-09,5.999155147550792e-07
2013-07-10,5.781991680465631e-07
2013-07-11,3.7690562396247666e-07
2013-07-12,3.49061460996745e-07
2013-07-13,5.679043655538743e-07
2013-07-14,4.822860238815426e-07
2013-07-15,6.241369161663351e-07
2013-07-16,2.3262353785565703e-07
2013-07-17,1.0228897295353887e-06
2013-07-18,6.181925956070175e-07
2013-07-19,6.899671716755931e-07
2013-07-20,1.6088020132226633e-06
2013-07-21,1.6116798200704924e-06
2013-07-22,1.1766627157635583e-06
2013-07-23,8.745040807979048e-07
2013-07-24,7.107290442355684e-07
2013-07-25,8.485834260361958e-07
2013-07-26,3.7284808398030245e-07
2013-07-27,1.2593603433331137e-06
2013-07-28,5.151626637999317e-07
2013-07-29,4.283421649838786e-07
2013-07-30,6.322358676603882e-07
2013-07-31,5.605993267084065e-07
2013-08-01,9.531575488409843e-07
2013-08-02,9.23362651158844e-07
2013-08-03,1.0219305060276936e-06
2013-08-04,1.5709792994021442e-06
2013-08-05,5.215616660765862e-07
2013-08-06,1.0655656453111427e-06
2013-08-07,9.450253643331185e-07
2013-08-08,4.6366913266196943e-07
2013-08-09,4.019116525843522e-07
2013-08-10,8.173735631107946e-07
2013-08-11,1.0217878858417702e-06
2013-08-12,3.617483769330062e-07
2013-08-13,6.394928298084539e-07
2013-08-14,1.073774929437328e-06
2013-08-15,6.69052467216125e-07
2013-08-16,5.245000773791879e-07
2013-08-17,8.02368334565771e-07
2013-08-18,6.531578259833868e-07
2013-08-19,6.652841850100829e-07
2013-08-20,1.2100180854488844e-06
2013-08-21,6.643802933597183e-07
2013-08-22,4.611601815968092e-07
2013-08-23,4.2111827536905976e-07
2013-08-24,4.2443454225795706e-07
2013-08-25,7.249546760244325e-07
2013-08-26,4.5544175801039096e-07
2013-08-27,1.403465562583202e-06
2013-08-28,1.0862981643268063e-06
2013-08-29,7.526689263794954e-07
2013-08-30,7.328907140770908e-07
2013-08-31,6.116916041779515e-07
2013-09-01,6.665860228282187e-07
2013-09-02,1.5135914173312273e-06
2013-09-03,1.3098401678716717e-06
2013-09-04,1.2369433885582038e-06
2013-09-05,8.674812956316461e-07
2013-09-06,1.5283838067226216e-06
2013-09-07,2.203543878006261e-06
2013-09-08,9.13182277004027e-07
2013-09-09,1.892518690672299e-06
2013-09-10,1.1958806877810338e-06
2013-09-11,7.079040472382524e-07
2013-09-12,3.998987087332218e-07
2013-09-13,5.765967453420112e-07
2013-09-14,1.262111219260019e-06
2013-09-15,2.1126442344276115e-06
2013-09-16,1.5498200023551064e-06
2013-09-17,8.561250739121314e-07
2013-09-18,9.59904286023832e-07
2013-09-19,9.448164632118443e-07
2013-09-20,8.046050497214072e-07
2013-09-21,7.374591599455217e-07
2013-09-22,1.213268989095381e-06
2013-09-23,8.649094418992438e-07
2013-09-24,7.944888406574134e-07
2013-09-25,8.129412492674539e-07
2013-09-26,1.0168319138797163e-06
2013-09-27,9.601665948638636e-07
2013-09-28,8.98084706066498e-07
2013-09-29,1.2609942940008196e-06
2013-09-30,1.5620571628961048e-06
2013-10-01,3.13890978443694e-07
2013-10-02,6.924605275466464e-07
2013-10-03,4.2952537813880273e-07
2013-10-04,8.236782142656314e-07
2013-10-05,6.604718807399135e-07
2013-10-06,1.336309613010463e-06
2013-10-07,1.2870413961236704e-06
2013-10-08,3.602471583704148e-07
2013-10-09,4.82266968224183e-07
2013-10-10,5.526611463186965e-07
2013-10-11,3.481110041179633e-07
2013-10-12,9.087897316674391e-07
2013-10-13,5.945344919780056e-07
2013-10-14,7.357823026185597e-07
2013-10-15,1.2145141191117245e-06
2013-10-16,7.93743700394326e-07
2013-10-17,8.023013091893334e-07
2013-10-18,1.0614222252386038e-06
2013-10-19,9.464481496662627e-07
2013-10-20,1.0418616539692673e-06
2013-10-21,6.805631421804443e-07
2013-10-22,1.789267513357521e-06
2013-10-23,5.083741077610763e-07
2013-10-24,1.1700512739869287e-06
2013-10-25,7.139719657355541e-07
2013-10-26,5.784612674111161e-07
2013-10-27,5.695315432197555e-07
2013-10-28,9.356361834838694e-07
2013-10-29,7.329691960465379e-07
2013-10-30,8.968861486276563e-07
2013-10-31,5.972761400814428e-07
2013-11-01,4.579920529218977e-07
2013-11-02,3.4475682519875135e-07
2013-11-03,6.496817738993219e-07
2013-11-04,8.025023906269492e-07
2013-11-05,1.4246521188082768e-06
2013-11-06,7.483336895309309e-07
2013-11-07,9.165516139793452e-07
2013-11-08,6.693627044255527e-07
2013-11-09,8.78310634413318e-07
2013-11-10,8.210222533798185e-07
2013-11-11,4.578034675465268e-07
2013-11-12,2.712566989215295e-07
2013-11-13,1.1057103900692753e-06
2013-11-14,5.528633108766707e-07
2013-11-15,3.214213884953993e-07
2013-11-16,5.399706428760881e-07
2013-11-17,5.364836367796551e-07
2013-11-18,9.65406119805934e-07
2013-11-19,4.5436174175778444e-07
2013-11-20,6.992103687821941e-07
2013-11-21,4.7419162051772346e-07
2013-11-22,3.221505788621249e-07
2013-11-23,8.284661574210722e-07
2013-11-24,9.915243134070226e-07
2013-11-25,7.732248611495775e-07
2013-11-26,4.901456089175567e-07
2013-11-27,4.913996959565552e-07
2013-11-28,9.423072721621422e-07
2013-11-29,8.421035673886973e-07
2013-11-30,8.796034972612841e-07
2013-12-01,7.540680990375993e-07
2013-12-02,5.57280897213328e-07
2013-12-03,4.67771650719898e-07
2013-12-04,3.1046055711163846e-07
2013-12-05,1.8396347305376633e-07
2013-12-06,5.222084277964862e-07
2013-12-07,7.921962594935232e-07
2013-12-08,1.7824055558018958e-06
2013-12-09,4.7293305593182196e-07
2013-12-10,9.62178144447551e-07
2013-12-11,7.105311372507622e-07
2013-12-12,8.370775331816881e-07
2013-12-13,6.173182460753993e-07
2013-12-14,6.453022391342395e-07
2013-12-15,9.712099381970556e-07
2013-12-16,7.261619781749597e-07
2013-12-17,9.850714240293605e-07
2013-12-18,8.638274003747859e-07
2013-12-19,4.5439488460414706e-07
2013-12-20,6.127090920835826e-07
2013-12-21,1.018737381982458e-06
2013-12-22,8.02390621686323e-07
2013-12-23,7.201737995430438e-07
2013-12-24,2.0581584113075224e-07
2013-12-25,5.653664759859502e-07
2013-12-26,8.511287208067281e-07
2013-12-27,1.6225954884718726e-06
2013-12-28,1.7793668381618187e-06
2013-12-29,6.248959466025756e-07
2013-12-30,4.926285661347692e-07
2013-12-31,3.1300714983451936e-07
2014-01-01,9.189570618461549e-07
2014-01-02,9.000038454709761e-07
2014-01-03,9.753726061753055e-07
2014-01-04,4.1816655293034243e-07
2014-01-05,4.939491994858606e-07
2014-01-06,4.3012060733636983e-07
2014-01-07,2.732878787683044e-07
2014-01-08,8.104320781786988e-07
2014-01-09,7.122494621181093e-07
2014-01-10,8.025307003103587e-07
2014-01-11,9.006217603147647e-07
2014-01-12,1.1178609556723727e-06
2014-01-13,6.021843162613381e-07
2014-01-14,5.239732874425884e-07
2014-01-15,1.5187002708332486e-06
2014-01-16,8.250969045980005e-07
2014-01-17,1.2061646717087943e-06
2014-01-18,2.8889407400252823e-07
2014-01-19,9.419634348633855e-07
2014-01-20,5.842484234919386e-07
2014-01-21,6.596399699702568e-07
2014-01-22,2.478834901985505e-07
2014-01-23,5.211502630071661e-07
2014-01-24,5.698421732908383e-07
2014-01-25,1.423001302498965e-06
2014-01-26,7.400469467281831e-07
2014-01-27,6.582850772393732e-07
2014-01-28,1.7337869679605333e-07
2014-01-29,4.1471367021646934e-07
2014-01-30,9.954899674289574e-07
2014-01-31,4.832875846522718e-07
2014-02-01,6.126754686419152e-07
2014-02-02,7.361093406999885e-07
2014-02-03,3.0556489654034804e-06
2014-02-04,3.0395971283369063e-06
2014-02-05,2.153919681254737e-06
2014-02-06,9.38284879931758e-07
2014-02-07,9.578728057787586e-07
2014-02-08,8.339810051203226e-07
2014-02-09,7.674797111366003e-07
2014-02-10,1.2227872069752478e-06
2014-02-11,9.193828279852875e-07
2014-02-12,1.0612881611786048e-06
2014-02-13,6.52106515981237e-07
2014-02-14,5.592967924142523e-07
2014-02-15,5.515564647657457e-07
2014-02-16,2.1394705574466948e-07
2014-02-17,6.601032686676809e-07
2014-02-18,4.3119060349436866e-07
2014-02-19,9.4042999045346e-07
2014-02-20,1.2120453748093968e-06
2014-02-21,5.873697574599598e-07
2014-02-22,3.489333946737094e-07
2014-02-23,7.719778226211118e-07
2014-02-24,3.5456346701423973e-07
2014-02-25,5.648093288427226e-07
2014-02-26,4.2958944303991237e-07
2014-02-27,8.140340621539907e-07
2014-02-28,4.616205471408826e-07
2014-03-01,7.821427426148127e-07
2014-03-02,6.967246188068148e-07
2014-03-03,4.5808923751402706e-07
2014-03-04,5.194235852589664e-07
2014-03-05,7.470362661527314e-07
2014-03-06,7.241008670576876e-07
2014-03-07,6.164625554864461e-07
2014-03-08,5.82473753085493e-07
2014-03-09,6.240345600323899e-07
2014-03-10,5.032087103414925e-07
2014-03-11,7.256113456990351e-07
2014-03-12,4.0363493679765445e-07
2014-03-13,7.255323956719441e-07
2014-03-14,4.3724830894216515e-07
2014-03-15,9.539885091755108e-07
2014-03-16,1.0890873448050533e-06
2014-03-17,6.168676487265434e-07
2014-03-18,6.705177534542141e-07
2014-03-19,7.156890783270166e-07
2014-03-20,7.792418541709262e-07
2014-03-21,6.488595385207145e-07
2014-03-22,7.244304215203779e-07
2014-03-23,1.0565268265367843e-06
2014-03-24,1.0696553225343849e-06
2014-03-25,4.932786902689715e-07
2014-03-26,3.4852986270084294e-07
2014-03-27,7.742821599849383e-07
2014-03-28,1.1165027229554025e-06
2014-03-29,2.2535938221653056e-07
2014-03-30,7.301993663329899e-07
2014-03-31,2.729806054972884e-07
2014-04-01,7.081511024496362e-07
2014-04-02,2.537535092207174e-07
2014-04-03,1.0814066331896818e-06
2014-04-04,7.859469441191215e-07
2014-04-05,2.258340391477329e-06
2014-04-06,7.067201651783243e-07
2014-04-07,2.436634527213589e-07
2014-04-08,9.601596281774814e-07
2014-04-09,6.541474474512453e-07
2014-04-10,6.443323878829429e-07
2014-04-11,5.886590341849821e-07
2014-04-12,1.9814694299887076e-07
2014-04-13,7.110551610315803e-07
2014-04-14,8.249020259011472e-07
2014-04-15,9.075069403981443e-07
2014-04-16,4.771656664797131e-07
2014-04-17,1.280839532438542e-06
2014-04-18,3.4454625550707497e-07
2014-04-19,8.634895326199802e-07
2014-04-20,3.144105546513512e-06
2014-04-21,1.0102747977758193e-06
2014-04-22,6.697109262067469e-07
2014-04-23,9.61712083949865e-07
2014-04-24,1.3232057996866319e-06
2014-04-25,1.1233786776182086e-06
2014-04-26,9.645025447917392e-07
2014-04-27,7.185904130457694e-07
2014-04-28,7.440815513380267e-07
2014-04-29,5.615959752662836e-07
2014-04-30,1.139754026834084e-06
2014-05-01,9.127294028179262e-07
2014-05-02,1.3174344312883547e-06
2014-05-03,6.572936158845782e-07
2014-05-04,1.4732787745463591e-06
2014-05-05,9.261117349908849e-07
2014-05-06,1.2652126615670486e-06
2014-05-07,8.097302907479502e-07
2014-05-08,6.693892480547369e-07
2014-05-09,4.2471400820472514e-07
2014-05-10,7.072295609612111e-07
2014-05-11,6.13026932663957e-07
2014-05-12,6.273438228759381e-07
2014-05-13,4.998641321682658e-07
2014-05-14,5.139951174669255e-07
2014-05-15,7.720208078908247e-07
2014-05-16,4.0084085388020583e-07
2014-05-17,7.617458897847757e-07
2014-05-18,1.035492834813194e-06
2014-05-19,9.8610846252492e-07
2014-05-20,5.191037616924878e-07
2014-05-21,5.549667412051344e-07
2014-05-22,9.6650163329111e-07
2014-05-23,1.003414275506243e-06
2014-05-24,1.1917815144027293e-06
2014-05-25,1.6352121039909364e-06
2014-05-26,3.721699934048015e-06
2014-05-27,1.4192602424096494e-06
2014-05-28,1.5504632992609382e-06
2014-05-29,9.984745685912327e-07
2014-05-30,9.82010820752054e-07
2014-05-31,9.080693168763618e-07
2014-06-01,5.888070750066457e-07
2014-06-02,5.101952808880119e-07
2014-06-03,5.969053941242161e-07
2014-06-04,7.98547245272706e-07
2014-06-05,9.419906386383318e-07
2014-06-06,7.54779964909273e-07
2014-06-07,1.4477518848084367e-06
2014-06-08,1.2131307027641275e-06
2014-06-09,8.363348324553212e-07
2014-06-10,1.1925428471876298e-06
2014-06-11,6.599990731727301e-07
2014-06-12,1.8886926692552549e-06
2014-06-13,7.918453012193575e-07
2014-06-14,7.633482138664061e-07
2014-06-15,1.1170378588643145e-06
2014-06-16,6.318055788432612e-07
2014-06-17,3.7223086120937293e-07
2014-06-18,6.222622554910217e-07
2014-06-19,1.1219059516711837e-06
2014-06-20,1.8468818964686233e-06
2014-06-21,1.1143972740951158e-06
2014-06-22,9.74638742535714e-07
2014-06-23,6.578041605430987e-07
2014-06-24,9.913003024388062e-07
2014-06-25,3.771349758300087e-07
2014-06-26,3.356507218588337e-07
2014-06-27,9.412888657243754e-07
2014-06-28,1.9541525068028536e-06
2014-06-29,1.519795318829805e-06
2014-06-30,9.249415753351769e-07
2014-07-01,6.893174577942614e-07
2014-07-02,8.67430583867526e-07
2014-07-03,9.32853855780001e-07
2014-07-04,1.16847505708877e-06
2014-07-05,1.005327848437552e-06
2014-07-06,1.1159631688690444e-06
2014-07-07,1.2580269265796044e-06
2014-07-08,9.173409775431572e-07
2014-07-09,8.079643119854926e-07
2014-07-10,6.746922357631954e-07
2014-07-11,3.890345263794129e-07
2014-07-12,6.134547272602191e-07
2014-07-13,6.950193436914962e-07
2014-07-14,9.143387981839403e-07
2014-07-15,6.068533772452437e-07
2014-07-16,1.0030394712603897e-06
2014-07-17,3.87930496455422e-07
2014-07-18,1.9083074946510737e-07
2014-07-19,7.651383655620404e-07
2014-07-20,9.505959170580289e-07
2014-07-21,6.124006896594109e-07
2014-07-22,9.177275971578833e-07
2014-07-23,8.376597744736371e-07
2014-07-24,7.009766861506788e-07
2014-07-25,8.462999833347522e-07
2014-07-26,7.541014854697115e-07
2014-07-27,4.4150983892258573e-07
2014-07-28,4.5552559378140754e-07
2014-07-29,4.483310811457054e-07
2014-07-30,7.776624245181409e-07
2014-07-31,6.602036688706245e-07
2014-08-01,6.865298989263222e-07
2014-08-02,1.1475415056438818e-06
2014-08-03,5.648539618094329e-07
2014-08-04,8.423372162271211e-07
2014-08-05,8.514483704413454e-07
2014-08-06,1.0449350593541618e-06
2014-08-07,7.642849219250198e-07
2014-08-08,1.3167002311716975e-06
2014-08-09,7.061371853901394e-07
2014-08-10,6.198730602386441e-07
2014-08-11,1.2690685481030914e-06
2014-08-12,5.368909704796083e-07
2014-08-13,9.581560617590812e-07
2014-08-14,7.992200821628486e-07
2014-08-15,8.533294562962937e-07
2014-08-16,5.347464106261242e-07
2014-08-17,9.97611192288643e-07
2014-08-18,6.775225502653416e-07
2014-08-19,1.4429554456023506e-06
2014-08-20,1.8079786051749332e-06
2014-08-21,2.1235245655308272e-06
2014-08-22,1.9623606924872982e-06
2014-08-23,1.7021829630478177e-06
2014-08-24,1.8483587697358152e-06
2014-08-25,1.4047261026415103e-06
2014-08-26,1.3258071828727644e-06
2014-08-27,2.191755977770901e-06
2014-08-28,1.1439434854235356e-06
2014-08-29,1.7287883062485491e-06
2014-08-30,1.25353395845878e-06
2014-08-31,3.5787894352772524e-06
2014-09-01,3.256093233444698e-06
2014-09-02,2.5113132919836297e-06
2014-09-03,2.0100923539216207e-06
2014-09-04,1.761987642883182e-06
2014-09-05,1.5072887381785664e-06
2014-09-06,1.9647071732983746e-06
2014-09-07,1.009743010306447e-06
2014-09-08,1.1158870571084123e-06
2014-09-09,1.4035262818093636e-06
2014-09-10,5.754234009647637e-07
2014-09-11,6.496975377919536e-07
2014-09-12,8.209269381592454e-07
2014-09-13,1.1278149072912402e-06
2014-09-14,1.6697369628351833e-06
2014-09-15,1.3673520971101528e-06
2014-09-16,7.851848872672979e-07
2014-09-17,8.912263267735235e-07
2014-09-18,8.619867169661625e-07
2014-09-19,6.01032318685799e-07
2014-09-20,5.224709692847615e-07
2014-09-21,1.068411951376627e-06
2014-09-22,7.597650252360422e-07
2014-09-23,6.361514050873511e-07
2014-09-24,7.355997816472357e-07
2014-09-25,9.28121104211665e-07
2014-09-26,8.82589521472604e-07
2014-09-27,7.277538607872969e-07
2014-09-28,1.588000628386285e-06
2014-09-29,1.248224655745881e-06
2014-09-30,9.412121153719883e-07
2014-10-01,1.0180551170063188e-06
2014-10-02,8.40743712799221e-07
2014-10-03,6.650394892135701e-07
2014-10-04,1.3544855126846183e-06
2014-10-05,9.983068715458582e-07
2014-10-06,9.683201832762665e-07
2014-10-07,1.0406146357134737e-06
2014-10-08,1.4019198679251292e-06
2014-10-09,1.7778938034774702e-06
2014-10-10,9.42594265435582e-07
2014-10-11,9.83611616526962e-07
2014-10-12,1.4093493530128111e-06
2014-10-13,8.262055011028427e-07
2014-10-14,7.110443045484526e-07
2014-10-15,1.4607401517230956e-06
2014-10-16,1.2492859953596779e-06
2014-10-17,1.552597267043013e-06
2014-10-18,1.720506404362611e-06
2014-10-19,1.0163497436367647e-06
2014-10-20,1.34975628269508e-06
2014-10-21,1.0115864311822595e-06
2014-10-22,1.3509691563234073e-06
2014-10-23,2.3339874533123435e-06
2014-10-24,8.114037386103426e-07
2014-10-25,1.4591105250080298e-06
2014-10-26,1.447909640785684e-06
2014-10-27,1.4880894806061763e-06
2014-10-28,7.042963911027887e-07
2014-10-29,7.21689521017212e-07
2014-10-30,8.029007197202052e-07
2014-10-31,9.638793212487124e-07
2014-11-01,1.3167178527350639e-06
2014-11-02,9.848428580632163e-07
2014-11-03,6.297042845709226e-07
2014-11-04,6.628165151981261e-07
2014-11-05,1.2788076024421815e-06
2014-11-06,1.0137682136907536e-06
2014-11-07,8.817381686884592e-07
2014-11-08,8.680583751896148e-07
2014-11-09,7.351386149804709e-07
2014-11-10,8.282526756808874e-07
2014-11-11,9.265407068333412e-07
2014-11-12,1.018823853187992e-06
2014-11-13,6.450380256366493e-07
2014-11-14,2.7282714535277645e-06
2014-11-15,1.6390487432680027e-06
2014-11-16,1.7667925589870065e-06
2014-11-17,7.82112088480862e-07
2014-11-18,6.28244108604224e-07
2014-11-19,1.5041565486024944e-06
2014-11-20,1.318579480923246e-06
2014-11-21,8.726528909681299e-07
2014-11-22,1.4095310881286587e-06
2014-11-23,1.2247984685328427e-06
2014-11-24,9.361282861693109e-07
2014-11-25,1.2085181862609068e-06
2014-11-26,1.0338555291662017e-06
2014-11-27,1.3826304528098468e-06
2014-11-28,1.126893111714686e-06
2014-11-29,1.345013618402992e-06
2014-11-30,9.163867999560867e-07
2014-12-01,1.355314849695146e-06
2014-12-02,1.213823630414981e-06
2014-12-03,1.275588809801497e-06
2014-12-04,6.444843348918642e-07
2014-12-05,1.4852371092139821e-06
2014-12-06,1.3668780941195269e-06
2014-12-07,1.4145976933418449e-06
2014-12-08,1.0590363633267398e-06
2014-12-09,5.442005424953808e-07
2014-12-10,1.2148319070498094e-06
2014-12-11,1.3107505303442284e-06
2014-12-12,7.580565820363635e-07
2014-12-13,1.4439352166247149e-06
2014-12-14,9.786550312165828e-07
2014-12-15,1.311131970365171e-06
2014-12-16,1.0296970068101131e-06
2014-12-17,9.086789490193917e-07
2014-12-18,6.673325497414076e-07
2014-12-19,6.389923638130409e-07
2014-12-20,6.801945651207224e-07
2014-12-21,1.1395606033387335e-06
2014-12-22,1.3389358873981697e-06
2014-12-23,1.15557450697747e-06
2014-12-24,5.94775820201028e-07
2014-12-25,9.578642454677085e-07
2014-12-26,9.397487761053667e-07
2014-12-27,1.1652173628373399e-06
2014-12-28,8.35180277969398e-07
2014-12-29,4.0412098761298983e-07
2014-12-30,4.5539274850802984e-07
2014-12-31,4.945286919028255e-07
2015-01-01,1.446298059740107e-06
2015-01-02,2.4328559216003783e-06
2015-01-03,4.2349205478321455e-07
2015-01-04,1.0727221833919141e-06
2015-01-05,5.199295183544919e-07
2015-01-06,6.267957460702281e-07
2015-01-07,4.038272654298285e-06
2015-01-08,4.126325561176094e-06
2015-01-09,3.686080909245578e-06
2015-01-10,2.4473888184851372e-06
2015-01-11,2.3615524808965454e-06
2015-01-12,1.700747167895051e-06
2015-01-13,1.6844620833997467e-06
2015-01-14,1.4940774863004914e-06
2015-01-15,1.4425046405469189e-06
2015-01-16,9.883408147180148e-07
2015-01-17,1.3267685825204997e-06
2015-01-18,7.065257126755318e-07
2015-01-19,1.0453544379743579e-06
2015-01-20,1.2102188992888924e-06
2015-01-21,1.1288029736311626e-06
2015-01-22,6.406917662062982e-07
2015-01-23,1.071739977508771e-06
2015-01-24,6.647238839156737e-07
2015-01-25,7.559083211710834e-07
2015-01-26,1.5964992733331591e-06
2015-01-27,7.129052643645017e-07
2015-01-28,6.861967780135907e-07
2015-01-29,7.008055039521737e-07
2015-01-30,8.237352216154253e-07
2015-01-31,9.337629504840591e-07
2015-02-01,1.239270243324516e-06
2015-02-02,9.461691744041832e-07
2015-02-03,8.019135970921644e-07
2015-02-04,5.197261117637593e-07
2015-02-05,7.42059661939309e-07
2015-02-06,1.1677209009295296e-06
2015-02-07,1.5757456573904218e-06
2015-02-08,1.5833560591497117e-06
2015-02-09,9.383029454150472e-07
2015-02-10,7.210553533132332e-07
2015-02-11,6.794845988112655e-07
2015-02-12,8.702334389596897e-07
2015-02-13,1.4087402754658785e-06
2015-02-14,1.1267278797834807e-06
2015-02-15,2.2190071827766545e-06
2015-02-16,1.0300399019280833e-06
2015-02-17,1.0212402463518934e-06
2015-02-18,1.212509281896338e-06
2015-02-19,1.5312735784998269e-06
2015-02-20,1.4236746926865299e-06
2015-02-21,3.035507603111193e-06
2015-02-22,1.1556767988926128e-06
2015-02-23,1.5219586523924762e-06
2015-02-24,9.377231574263978e-07
2015-02-25,1.1051994402385875e-06
2015-02-26,1.1004526366863826e-06
2015-02-27,1.704536350771763e-06
2015-02-28,1.6306214451354963e-06
2015-03-01,1.2313737551344141e-06
2015-03-02,9.055321851185226e-07
2015-03-03,1.0148979078211778e-06
2015-03-04,1.2383789394522762e-06
2015-03-05,1.244562148962869e-06
2015-03-06,1.8868858881470506e-06
2015-03-07,1.0932177590144065e-06
2015-03-08,8.881373699832901e-07
2015-03-09,1.083394809653139e-06
2015-03-10,1.4438239069770245e-06
2015-03-11,8.326245847839967e-07
2015-03-12,1.528183841799088e-06
2015-03-13,7.364283812651346e-07
2015-03-14,1.5057593034718845e-06
2015-03-15,1.2427958582819718e-06
2015-03-16,7.944687150330823e-07
2015-03-17,1.346287511216258e-06
2015-03-18,7.449537161187368e-07
2015-03-19,1.28628498079968e-06
2015-03-20,1.4298076601481671e-06
2015-03-21,2.5824414591583594e-06
2015-03-22,2.0931769826258403e-06
2015-03-23,9.754215894037102e-07
2015-03-24,1.2796461332393513e-06
2015-03-25,9.305753561311888e-07
2015-03-26,8.734236107542403e-07
2015-03-27,7.278119070487664e-07
2015-03-28,8.449914387881683e-07
2015-03-29,1.3197039767459058e-06
2015-03-30,7.225057254410439e-07
2015-03-31,1.232662756938355e-06
2015-04-01,8.814886933649023e-07
2015-04-02,6.841536748399086e-07
2015-04-03,7.242026497788678e-07
2015-04-04,1.3170134454860478e-06
2015-04-05,9.324131472305069e-07
2015-04-06,8.099610440759515e-07
2015-04-07,5.621414723173783e-07
2015-04-08,8.3744975493742e-07
2015-04-09,1.6774588134498577e-06
2015-04-10,1.0932540213982609e-06
2015-04-11,9.175782080728107e-07
2015-04-12,1.0629912079544854e-06
2015-04-13,1.1205483066974332e-06
2015-04-14,8.972704798711994e-07
2015-04-15,7.816624320255897e-07
2015-04-16,7.893402934300949e-07
2015-04-17,8.488366924630709e-07
2015-04-18,1.0367019242561946e-06
2015-04-19,1.1830359829266977e-06
2015-04-20,7.417110223765129e-07
2015-04-21,9.821934154189961e-07
2015-04-22,7.072316469188437e-07
2015-04-23,8.232341591493457e-07
2015-04-24,8.486533162906895e-07
2015-04-25,7.98127555196565e-07
2015-04-26,9.684643147202635e-07
2015-04-27,4.859450648823052e-07
2015-04-28,1.1494069713100182e-06
2015-04-29,8.842862234066957e-07
2015-04-30,7.485551949044351e-07
2015-05-01,5.255639564034187e-07
2015-05-02,7.618157499950727e-07
2015-05-03,1.6993321600334895e-06
2015-05-04,1.255795101959574e-06
2015-05-05,1.2796977163867376e-06
2015-05-06,6.755610321036558e-07
2015-05-07,7.916114375258904e-07
2015-05-08,5.09746725542791e-07
2015-05-09,8.500455836944257e-07
2015-05-10,6.653321175038923e-07
2015-05-11,8.56000601433466e-07
2015-05-12,9.235709226920526e-07
2015-05-13,1.03485646362426e-06
2015-05-14,8.276999766367886e-07
2015-05-15,5.775403564987209e-07
2015-05-16,7.615566591521496e-07
2015-05-17,6.673383619043131e-07
2015-05-18,8.003640278956273e-07
2015-05-19,1.343745736148912e-06
2015-05-20,9.730439262841382e-07
2015-05-21,8.891063773406056e-07
2015-05-22,8.377495334041593e-07
2015-05-23,1.6816100306683002e-06
2015-05-24,1.1278770162901438e-06
2015-05-25,7.979296832445938e-07
2015-05-26,4.803960513152657e-07
2015-05-27,8.148548607979013e-07
2015-05-28,7.10542752700178e-07
2015-05-29,6.9814686045505e-07
2015-05-30,8.993479585298349e-07
2015-05-31,8.087215043046673e-07
2015-06-01,5.17418270777511e-07
2015-06-02,6.390656008827626e-07
2015-06-03,1.41734129271537e-06
2015-06-04,3.694511266798102e-06
2015-06-05,1.1732921464895365e-06
2015-06-06,9.70971944129789e-07
2015-06-07,1.342482121317707e-06
2015-06-08,8.427748545297316e-07
2015-06-09,9.783374768837199e-07
2015-06-10,9.307667428907174e-07
2015-06-11,9.952169706520965e-07
2015-06-12,7.112949729583434e-07
2015-06-13,1.3210326142056114e-06
2015-06-14,1.2856348167860522e-06
2015-06-15,8.996039212610423e-07
2015-06-16,9.820883052065288e-07
2015-06-17,7.896564550458144e-07
2015-06-18,9.30238648789722e-07
2015-06-19,1.3460576411420424e-06
2015-06-20,1.5310379916073282e-06
2015-06-21,1.2673953235318768e-06
2015-06-22,6.532854152836459e-07
2015-06-23,9.264936055858684e-07
2015-06-24,1.1432796588158003e-06
2015-06-25,4.394520117787905e-07
2015-06-26,1.5739198299307409e-06
2015-06-27,7.073642560918917e-07
2015-06-28,1.0015443347807746e-06
2015-06-29,8.238674472706983e-07
2015-06-30,5.762970390015309e-07
2015-07-01,7.625211833377429e-07
2015-07-02,7.355782571750591e-07
2015-07-03,6.376903569484527e-07
2015-07-04,7.229441931182509e-07
2015-07-05,7.918973257603312e-07
2015-07-06,7.52118018061577e-07
2015-07-07,8.87896187445808e-07
2015-07-08,3.539127741447672e-06
2015-07-09,1.3302510207862606e-06
2015-07-10,1.2632892844211544e-06
2015-07-11,8.027630461839214e-07
2015-07-12,5.455409512060754e-07
2015-07-13,6.702244586867715e-07
2015-07-14,3.8126282203447147e-07
2015-07-15,5.83737796381921e-07
2015-07-16,8.114456848180642e-07
2015-07-17,7.917890838572733e-07
2015-07-18,9.8852684292969e-07
2015-07-19,1.3889029647935016e-06
2015-07-20,6.902359821915665e-07
2015-07-21,1.1732180728143383e-06
2015-07-22,1.5839989032725067e-06
2015-07-23,6.268827873878909e-07
2015-07-24,8.747824044377642e-07
2015-07-25,1.5034599739432163e-06
2015-07-26,2.012789698602923e-06
2015-07-27,1.7233420441380297e-06
2015-07-28,8.954026001198149e-07
2015-07-29,7.96872201799526e-07
2015-07-30,7.038422160036459e-07
2015-07-31,6.779070374607257e-07
2015-08-01,9.674662521856963e-07
2015-08-02,8.371097262281104e-07
2015-08-03,5.258280516680747e-07
2015-08-04,7.4544597313389e-07
2015-08-05,7.299783649344009e-07
2015-08-06,6.813325322192184e-07
2015-08-07,1.4630077864270915e-06
2015-08-08,8.799999765333339e-07
2015-08-09,8.959265843586553e-07
2015-08-10,1.7674216837182922e-06
2015-08-11,6.855859172759992e-07
2015-08-12,1.012406325859938e-06
2015-08-13,9.280762397444353e-07
2015-08-14,9.009243112464555e-07
2015-08-15,1.3767345220105087e-06
2015-08-16,1.445073954177537e-06
2015-08-17,2.127683283596633e-06
2015-08-18,1.0510498532071037e-06
2015-08-19,1.1418523511697053e-06
2015-08-20,1.0608679416281937e-06
2015-08-21,1.5538092897207551e-06
2015-08-22,1.428130333941278e-06
2015-08-23,1.2440761864534732e-06
2015-08-24,9.187896818858582e-07
2015-08-25,1.565445882079985e-06
2015-08-26,1.5655756595323553e-06
2015-08-27,1.7179479926818885e-06
2015-08-28,1.4002331006230782e-06
2015-08-29,1.2052470178777702e-06
2015-08-30,1.3611380466426442e-06
2015-08-31,9.328678848820937e-07
